source_row,split
38342,train
20703,train
16975,train
33485,train
10928,train
28565,train
5495,train
29388,train
28005,train
11179,train
8511,train
36209,train
25363,train
22345,train
34700,train
38038,train
8245,train
35834,train
33198,train
7700,train
24565,train
33591,train
35835,train
28279,train
25311,train
16934,train
3864,train
28379,train
22346,train
19681,train
21905,train
19143,train
38022,train
36878,train
1693,train
6072,train
10826,train
16367,train
23920,train
8425,train
4773,train
22086,train
5498,train
12322,train
34981,train
28962,train
10710,train
12484,train
16594,train
17869,train
14208,train
21018,train
22165,train
38275,train
4266,train
20937,train
20752,train
6053,train
5479,train
6774,train
19890,train
16461,train
34103,train
15891,train
9812,train
15401,train
31744,train
883,train
15686,train
24813,train
686,train
21348,train
9550,train
14609,train
17035,train
14697,train
16449,train
36178,train
18235,train
26962,train
26017,train
31743,train
28032,train
19330,train
39235,train
14223,train
27998,train
20671,train
11800,train
4636,train
17667,train
31946,train
11841,train
38053,train
1277,train
20534,train
24357,train
20847,train
20922,train
12987,train
19784,train
18412,train
14494,train
9483,train
29072,train
28676,train
11512,train
3629,train
23102,train
31951,train
33301,train
12158,train
8049,train
13781,train
20971,train
5011,train
17737,train
7796,train
15339,train
30591,train
19565,train
18346,train
24075,train
25656,train
6666,train
16952,train
11191,train
1510,train
5025,train
33077,train
4911,train
13969,train
25068,train
19315,train
213,train
25292,train
35678,train
37395,train
39393,train
2410,train
15289,train
22393,train
20843,train
32988,train
36294,train
9337,train
5165,train
37822,train
35179,train
9320,train
33282,train
23171,train
34649,train
27405,train
25422,train
30766,train
4668,train
7833,train
1108,train
4348,train
19519,train
19924,train
16886,train
31707,train
6927,train
1383,train
447,train
28210,train
15446,train
34990,train
2808,train
29246,train
36135,train
7778,train
38523,train
11225,train
5417,train
25707,train
31795,train
29238,train
18241,train
10014,train
29160,train
36697,train
8009,train
27114,train
13850,train
6231,train
2844,train
21561,train
21896,train
27282,train
11258,train
28431,train
28452,train
10893,train
20206,train
15902,train
7203,train
23836,train
17108,train
30735,train
35410,train
26032,train
10032,train
36554,train
24634,train
36190,train
22615,train
34302,train
31637,train
11249,train
3109,train
30757,train
11871,train
11951,train
897,train
8774,train
22755,train
36092,train
31250,train
15415,train
17597,train
9624,train
37161,train
23337,train
39230,train
33434,train
7285,train
10702,train
26078,train
24219,train
2568,train
35496,train
32935,train
26585,train
27930,train
23740,train
31783,train
18436,train
26861,train
25730,train
10382,train
17729,train
2657,train
16506,train
16063,train
18916,train
12850,train
8145,train
16690,train
33333,train
3367,train
3879,train
37420,train
32360,train
37135,train
11948,train
28989,train
38623,train
26554,train
30296,train
12267,train
13843,train
30773,train
12199,train
2592,train
21481,train
1534,train
16190,train
21517,train
33258,train
4386,train
16233,train
27521,train
29785,train
29738,train
37671,train
17831,train
284,train
7076,train
4077,train
39633,train
26688,train
25898,train
38739,train
27524,train
2552,train
4580,train
311,train
39488,train
12507,train
12317,train
4745,train
14382,train
24437,train
35654,train
34784,train
35177,train
20724,train
1593,train
18938,train
16870,train
39612,train
35656,train
11215,train
1148,train
7545,train
55,train
29611,train
21161,train
24863,train
4164,train
15642,train
12231,train
29391,train
32104,train
13990,train
158,train
6543,train
28921,train
18331,train
37534,train
6650,train
38052,train
22519,train
6612,train
35215,train
27734,train
25500,train
1218,train
7368,train
20400,train
33225,train
23496,train
34546,train
4339,train
36627,train
35741,train
22650,train
25272,train
37279,train
19111,train
32701,train
18648,train
33752,train
12312,train
3243,train
36320,train
10687,train
1338,train
19959,train
2266,train
8924,train
6422,train
11042,train
29566,train
30653,train
26249,train
22733,train
27537,train
12808,train
28337,train
22780,train
9368,train
3025,train
2154,train
13178,train
18581,train
1645,train
14045,train
18781,train
24175,train
5776,train
25828,train
11762,train
15753,train
5269,train
32496,train
17992,train
5535,train
13432,train
33384,train
4942,train
35621,train
18297,train
19682,train
21155,train
1959,train
21530,train
8353,train
9727,train
2960,train
19550,train
17048,train
14162,train
27174,train
31311,train
35630,train
6954,train
10492,train
11981,train
5905,train
6880,train
35954,train
13704,train
2155,train
11521,train
14329,train
34109,train
9108,train
5756,train
26444,train
39164,train
17414,train
17293,train
10623,train
12963,train
11099,train
2865,train
722,train
32923,train
25453,train
13691,train
27018,train
26930,train
22324,train
7096,train
14501,train
34277,train
34815,train
27071,train
22437,train
30362,train
35756,train
14168,train
26675,train
21251,train
17518,train
4886,train
32263,train
1083,train
39450,train
25180,train
15105,train
2220,train
36572,train
20592,train
36650,train
37854,train
29795,train
9339,train
25893,train
18399,train
9081,train
5341,train
14036,train
34481,train
26976,train
37352,train
26720,train
25445,train
5262,train
33418,train
19615,train
38498,train
7232,train
8720,train
20,train
3252,train
8183,train
5469,train
5217,train
39182,train
1810,train
37001,train
4827,train
38161,train
25045,train
28299,train
8435,train
5085,train
18508,train
38512,train
33612,train
6366,train
18221,train
24821,train
28465,train
37196,train
26947,train
7591,train
20516,train
36347,train
30778,train
30541,train
35401,train
39202,train
15118,train
8631,train
21742,train
8321,train
31389,train
31231,train
26713,train
37892,train
28413,train
34969,train
21443,train
31952,train
8363,train
34851,train
10203,train
10675,train
31463,train
10770,train
13344,train
34786,train
37564,train
4998,train
22936,train
36782,train
12856,train
14582,train
7669,train
25043,train
31515,train
31456,train
14103,train
35386,train
19115,train
4366,train
26908,train
17825,train
11153,train
14519,train
38348,train
36415,train
26537,train
20203,train
20850,train
39379,train
24144,train
12371,train
36973,train
25695,train
11068,train
27298,train
4558,train
37473,train
22039,train
15104,train
1566,train
39253,train
24049,train
36579,train
30327,train
26379,train
14772,train
7742,train
29101,train
13216,train
29592,train
995,train
23976,train
30000,train
20022,train
29348,train
31873,train
22029,train
27688,train
3455,train
14910,train
29666,train
20984,train
33328,train
8234,train
33976,train
21817,train
35233,train
24297,train
13692,train
21109,train
24638,train
24943,train
14023,train
11087,train
17656,train
29014,train
13909,train
34158,train
18003,train
17828,train
29270,train
38428,train
16171,train
37144,train
27750,train
9007,train
19797,train
11791,train
37698,train
5339,train
11511,train
32731,train
15029,train
26606,train
10371,train
8461,train
9422,train
21347,train
34816,train
21935,train
64,train
5864,train
34746,train
17767,train
1150,train
11245,train
6472,train
7965,train
17469,train
24159,train
27437,train
26859,train
13116,train
35163,train
27391,train
5303,train
5497,train
204,train
26852,train
18595,train
7169,train
12354,train
31483,train
2751,train
23535,train
5237,train
10486,train
6756,train
9631,train
10309,train
31366,train
9545,train
30433,train
22813,train
1502,train
30412,train
34348,train
25236,train
919,train
5957,train
5439,train
34249,train
3430,train
35345,train
17060,train
35643,train
3991,train
13678,train
20362,train
19730,train
17668,train
31609,train
34384,train
21140,train
31490,train
30950,train
30858,train
36865,train
29163,train
15313,train
13142,train
4110,train
12144,train
34526,train
34235,train
34616,train
13381,train
21814,train
28302,train
37487,train
38554,train
5432,train
29984,train
23960,train
17044,train
19256,train
15482,train
8848,train
13069,train
26122,train
7418,train
26891,train
22633,train
26630,train
15919,train
27139,train
29201,train
18918,train
37805,train
39337,train
16810,train
35044,train
18397,train
20335,train
31778,train
1030,train
16202,train
27803,train
27234,train
24626,train
18347,train
24414,train
35755,train
37663,train
15582,train
20515,train
24088,train
25429,train
9217,train
38927,train
21370,train
9892,train
34209,train
26927,train
19353,train
22873,train
10845,train
30813,train
25119,train
6588,train
33365,train
3621,train
39521,train
15762,train
4715,train
23744,train
30343,train
8485,train
10862,train
7719,train
13263,train
1739,train
767,train
36226,train
30955,train
17148,train
19728,train
26509,train
34134,train
23418,train
16168,train
26489,train
13683,train
26378,train
3548,train
11073,train
20628,train
19885,train
11186,train
24168,train
36279,train
32725,train
3817,train
16780,train
33585,train
13833,train
16295,train
734,train
7431,train
29519,train
21245,train
9423,train
4396,train
37570,train
28242,train
29353,train
9542,train
2306,train
5984,train
13707,train
3345,train
28297,train
38128,train
11626,train
1594,train
26319,train
24279,train
21152,train
37283,train
1441,train
21633,train
13585,train
23983,train
5109,train
25807,train
7871,train
35145,train
19326,train
33939,train
13967,train
4344,train
12048,train
10496,train
36263,train
11311,train
34900,train
38742,train
17441,train
19453,train
35712,train
21458,train
28408,train
986,train
9981,train
19237,train
23254,train
7491,train
36811,train
16749,train
13451,train
8676,train
27737,train
17977,train
10023,train
33560,train
4374,train
21786,train
3406,train
31482,train
10314,train
4146,train
491,train
4705,train
18249,train
8714,train
20870,train
7740,train
33350,train
37131,train
14396,train
11084,train
2311,train
24911,train
34635,train
36127,train
10219,train
31854,train
5752,train
5961,train
4974,train
23601,train
34334,train
14156,train
4610,train
35428,train
23798,train
15990,train
37237,train
6463,train
30630,train
23847,train
10509,train
35399,train
24275,train
38140,train
12307,train
38738,train
24501,train
36895,train
30128,train
20018,train
32254,train
13555,train
23963,train
8682,train
17682,train
25365,train
6372,train
8451,train
12083,train
20034,train
5449,train
19432,train
32274,train
16492,train
8884,train
21375,train
34170,train
11698,train
16580,train
22098,train
36840,train
30774,train
39331,train
21256,train
36628,train
31933,train
29829,train
21292,train
34579,train
3851,train
38816,train
27614,train
34385,train
8760,train
8660,train
36171,train
4224,train
15366,train
33058,train
20837,train
39640,train
4774,train
694,train
11372,train
22313,train
16813,train
38841,train
37807,train
1769,train
23486,train
33770,train
21599,train
341,train
23347,train
38862,train
5723,train
18304,train
38790,train
31738,train
20458,train
24643,train
10418,train
5139,train
6467,train
22850,train
15011,train
8712,train
26730,train
35615,train
31042,train
24537,train
31968,train
8142,train
38157,train
35133,train
27986,train
37525,train
8673,train
36524,train
10957,train
5123,train
285,train
9713,train
33624,train
14579,train
39423,train
8326,train
29250,train
28065,train
9106,train
35184,train
28469,train
28857,train
21767,train
26831,train
14154,train
22305,train
697,train
26963,train
18072,train
35484,train
18994,train
23133,train
6821,train
37806,train
25965,train
29257,train
877,train
2994,train
13761,train
4856,train
4893,train
3695,train
26178,train
5391,train
14114,train
36450,train
17971,train
4748,train
10944,train
11117,train
27781,train
4071,train
30114,train
9325,train
30021,train
11586,train
6103,train
30149,train
22402,train
22114,train
35234,train
264,train
39233,train
37446,train
1851,train
33011,train
26989,train
2201,train
14608,train
5557,train
28901,train
5912,train
18972,train
19607,train
3351,train
5519,train
31440,train
35774,train
27885,train
12805,train
4631,train
39129,train
32317,train
9858,train
24650,train
28680,train
22584,train
35156,train
6408,train
36743,train
8556,train
20246,train
6648,train
10743,train
24419,train
36686,train
38974,train
12280,train
14526,train
1543,train
4605,train
12904,train
5459,train
2770,train
26521,train
33820,train
25789,train
7583,train
17153,train
31056,train
11166,train
7243,train
28273,train
12345,train
17910,train
1716,train
37418,train
23265,train
11660,train
9222,train
7215,train
29728,train
917,train
16989,train
36560,train
27515,train
20141,train
11545,train
6939,train
29590,train
32219,train
19488,train
22020,train
14558,train
7015,train
15584,train
4719,train
33956,train
8338,train
4208,train
9188,train
36976,train
36562,train
23137,train
28291,train
25715,train
32795,train
18417,train
6562,train
33528,train
2887,train
24359,train
5658,train
13037,train
17935,train
13659,train
28446,train
2992,train
5774,train
17158,train
15318,train
29003,train
16338,train
7967,train
429,train
21953,train
29290,train
24327,train
20281,train
22599,train
5574,train
8929,train
8681,train
13389,train
6874,train
22066,train
4770,train
15613,train
4924,train
29512,train
30253,train
22466,train
38410,train
35412,train
9638,train
31479,train
20315,train
26599,train
22561,train
23727,train
24015,train
10045,train
32065,train
29767,train
17135,train
18033,train
3919,train
17082,train
33522,train
35631,train
28083,train
16619,train
8853,train
2673,train
35840,train
12020,train
29482,train
24244,train
9548,train
27120,train
7001,train
15221,train
10086,train
22910,train
12272,train
2747,train
30499,train
1031,train
36726,train
6723,train
6593,train
36162,train
3441,train
31089,train
10071,train
39255,train
35680,train
20826,train
23213,train
27762,train
1279,train
29991,train
26312,train
34075,train
2206,train
37219,train
12277,train
11992,train
12348,train
4755,train
26994,train
5275,train
4221,train
31694,train
30460,train
39333,train
19706,train
29859,train
12516,train
31095,train
31354,train
37063,train
26546,train
17509,train
26650,train
20656,train
29465,train
25674,train
178,train
29081,train
14165,train
14492,train
10136,train
20953,train
10590,train
34634,train
37140,train
26335,train
24766,train
33744,train
4723,train
949,train
266,train
19373,train
36336,train
8687,train
8936,train
28464,train
21496,train
4744,train
31941,train
13582,train
2691,train
29938,train
15857,train
36619,train
1879,train
22578,train
30472,train
21534,train
34736,train
17982,train
4588,train
30782,train
34458,train
21820,train
35369,train
16314,train
31888,train
33655,train
18350,train
19225,train
36003,train
19081,train
14217,train
37126,train
16007,train
2118,train
12313,train
33817,train
12913,train
33212,train
37058,train
12233,train
23146,train
11351,train
39199,train
4474,train
30796,train
12028,train
8818,train
39522,train
31135,train
17477,train
29586,train
14003,train
26575,train
26718,train
3034,train
12100,train
657,train
2730,train
12789,train
28875,train
23557,train
25589,train
1471,train
17470,train
7304,train
39314,train
20860,train
32227,train
29225,train
4652,train
19230,train
25290,train
35505,train
10068,train
7094,train
11123,train
8866,train
26162,train
38873,train
11936,train
12230,train
14257,train
20027,train
33599,train
12877,train
34957,train
2970,train
27997,train
21358,train
5765,train
165,train
4561,train
36059,train
16441,train
20764,train
25049,train
27616,train
9427,train
33429,train
16150,train
5319,train
7044,train
999,train
24227,train
16972,train
17088,train
27677,train
27204,train
14452,train
22214,train
28739,train
23214,train
30937,train
11097,train
29675,train
8894,train
22379,train
9778,train
30050,train
17916,train
30132,train
28770,train
34897,train
520,train
20796,train
7638,train
16345,train
15985,train
37496,train
30052,train
24688,train
35144,train
3541,train
31513,train
15842,train
14019,train
25096,train
16831,train
27376,train
32971,train
14372,train
16407,train
1041,train
29446,train
30243,train
29436,train
38204,train
9432,train
20205,train
4064,train
35050,train
17527,train
18662,train
6069,train
35510,train
13318,train
28699,train
29045,train
28787,train
25535,train
2419,train
27633,train
27895,train
35696,train
29396,train
8515,train
2665,train
28693,train
6910,train
3593,train
7974,train
30930,train
32906,train
3273,train
22990,train
8521,train
34395,train
29500,train
25498,train
30057,train
23187,train
9268,train
20331,train
37845,train
18537,train
16318,train
1130,train
18636,train
30049,train
34171,train
10011,train
18371,train
27964,train
5483,train
22025,train
3065,train
37890,train
12984,train
22289,train
6030,train
13972,train
7227,train
18891,train
7943,train
32377,train
30751,train
35823,train
15406,train
9357,train
34382,train
39641,train
22461,train
4759,train
38364,train
2567,train
26199,train
3147,train
11490,train
24420,train
19497,train
13896,train
7219,train
32944,train
32598,train
38280,train
31289,train
22671,train
14757,train
5690,train
19322,train
35907,train
8038,train
35360,train
26396,train
4916,train
12287,train
13185,train
33162,train
9256,train
21719,train
11496,train
23368,train
477,train
5696,train
22121,train
12748,train
8596,train
38159,train
5630,train
15096,train
28902,train
14466,train
1641,train
25407,train
21720,train
19538,train
21737,train
37639,train
23445,train
8262,train
1945,train
28757,train
3146,train
31503,train
12189,train
6787,train
38471,train
11342,train
12994,train
35375,train
8738,train
31956,train
24014,train
19354,train
22072,train
38370,train
8704,train
36532,train
11609,train
23675,train
33248,train
836,train
11592,train
22517,train
966,train
24957,train
19905,train
31932,train
17957,train
15534,train
297,train
9786,train
9242,train
23736,train
1897,train
33833,train
30594,train
32560,train
1948,train
11646,train
5797,train
23706,train
35719,train
29287,train
34465,train
8236,train
31373,train
11159,train
30882,train
4377,train
15899,train
19091,train
32220,train
16006,train
20361,train
33988,train
36600,train
23599,train
37641,train
12744,train
13075,train
17770,train
23259,train
21331,train
9814,train
30321,train
34705,train
4932,train
15017,train
1654,train
23031,train
25362,train
3571,train
24553,train
19601,train
29961,train
29812,train
34208,train
24187,train
13729,train
7146,train
19455,train
12887,train
16946,train
37862,train
6597,train
24211,train
29663,train
4566,train
25409,train
13685,train
12922,train
23258,train
30053,train
20804,train
7752,train
6607,train
5032,train
19561,train
579,train
7348,train
39246,train
32334,train
16500,train
4413,train
10198,train
4692,train
35418,train
25289,train
38540,train
17086,train
5142,train
32714,train
31450,train
11540,train
12702,train
2581,train
30075,train
11996,train
1248,train
39401,train
12030,train
21303,train
7788,train
5800,train
10491,train
5681,train
21001,train
34552,train
36109,train
28367,train
25776,train
17269,train
17043,train
32593,train
32680,train
36573,train
37559,train
36938,train
15231,train
25067,train
33989,train
30595,train
32546,train
36110,train
36420,train
29273,train
36630,train
20045,train
18294,train
34505,train
7082,train
35170,train
12417,train
11546,train
33150,train
1207,train
17394,train
364,train
33481,train
27841,train
20279,train
23493,train
16726,train
18066,train
30659,train
5838,train
4495,train
8119,train
25053,train
18459,train
20139,train
38432,train
10082,train
28755,train
26948,train
23912,train
7822,train
16409,train
8085,train
25419,train
24560,train
32622,train
35067,train
6223,train
17354,train
39261,train
34563,train
9871,train
21401,train
38874,train
6374,train
21634,train
23052,train
619,train
18036,train
21345,train
22739,train
37994,train
5643,train
892,train
30700,train
2006,train
25850,train
2137,train
28105,train
37702,train
31407,train
1764,train
23661,train
13822,train
28821,train
12260,train
1576,train
28197,train
26629,train
28347,train
25213,train
61,train
18987,train
35963,train
11530,train
4781,train
34305,train
39498,train
22233,train
7463,train
6022,train
15474,train
3108,train
19626,train
32204,train
29233,train
28380,train
16443,train
34029,train
33113,train
4373,train
28070,train
7322,train
20322,train
25258,train
39320,train
4981,train
31736,train
12627,train
31793,train
17883,train
15691,train
3791,train
4618,train
39301,train
33731,train
26773,train
30445,train
16358,train
23513,train
11492,train
37898,train
16662,train
12104,train
2072,train
10475,train
855,train
30178,train
20011,train
22864,train
528,train
1408,train
28426,train
38531,train
4810,train
15767,train
30538,train
21049,train
35605,train
31928,train
15530,train
34125,train
26110,train
15713,train
4038,train
32855,train
17671,train
32963,train
3377,train
4213,train
31566,train
38478,train
33539,train
27850,train
32552,train
16059,train
685,train
2328,train
39577,train
5627,train
36795,train
15255,train
37997,train
35565,train
15838,train
23760,train
30809,train
3207,train
33511,train
35706,train
38304,train
14428,train
16793,train
29432,train
21184,train
13550,train
16957,train
25458,train
12359,train
33983,train
32502,train
41,train
38571,train
29622,train
25845,train
24467,train
28981,train
13522,train
30494,train
21187,train
36846,train
25794,train
33570,train
36452,train
4822,train
9568,train
2252,train
29226,train
26442,train
33959,train
9353,train
2809,train
35281,train
7503,train
32478,train
17622,train
24352,train
11854,train
30216,train
29366,train
35530,train
2558,train
9448,train
9194,train
20197,train
940,train
27908,train
26793,train
12642,train
13111,train
29068,train
36348,train
8677,train
20778,train
22137,train
31858,train
22058,train
3248,train
21405,train
13283,train
20234,train
15836,train
25189,train
33476,train
7268,train
10938,train
5259,train
5474,train
16292,train
6969,train
37630,train
273,train
7668,train
32618,train
32881,train
8752,train
39163,train
11514,train
37106,train
28268,train
1525,train
91,train
15228,train
17742,train
36734,train
36343,train
5600,train
1188,train
10853,train
35084,train
33161,train
32806,train
25124,train
5477,train
12437,train
36731,train
36300,train
32176,train
34941,train
32184,train
37713,train
6252,train
10319,train
36712,train
36939,train
32093,train
27123,train
28394,train
23015,train
9605,train
39022,train
18205,train
17560,train
11894,train
15165,train
29936,train
1782,train
3916,train
29213,train
9010,train
1551,train
31842,train
4203,train
5362,train
10522,train
17902,train
7950,train
6688,train
6356,train
19859,train
27137,train
19866,train
14457,train
21019,train
25255,train
11998,train
11843,train
30636,train
17220,train
36620,train
31309,train
15888,train
38419,train
25351,train
25459,train
29047,train
30495,train
34723,train
22366,train
14500,train
12296,train
9366,train
2881,train
4506,train
15687,train
8368,train
106,train
39426,train
14909,train
9564,train
23873,train
23749,train
1398,train
14544,train
16514,train
3728,train
18981,train
33740,train
29908,train
37454,train
8495,train
27061,train
10025,train
19881,train
14956,train
12607,train
18395,train
8726,train
7787,train
14203,train
39484,train
23458,train
33595,train
6725,train
10138,train
30259,train
22866,train
35794,train
2171,train
34127,train
31774,train
37107,train
36089,train
37676,train
13151,train
37360,train
19865,train
23190,train
23004,train
1119,train
1292,train
201,train
19402,train
15696,train
34330,train
37338,train
15917,train
9759,train
17774,train
1546,train
34692,train
38532,train
37310,train
13355,train
16895,train
16776,train
17685,train
19855,train
13660,train
2718,train
4551,train
25286,train
31966,train
38907,train
39191,train
19381,train
716,train
14301,train
8889,train
19564,train
6322,train
9547,train
35878,train
36838,train
20483,train
12135,train
29350,train
7150,train
26959,train
30397,train
18619,train
17398,train
8246,train
8633,train
10711,train
17958,train
33641,train
32525,train
7123,train
26827,train
22436,train
16673,train
20869,train
12025,train
36765,train
31781,train
16694,train
39499,train
21540,train
5079,train
747,train
13264,train
51,train
38549,train
21705,train
8138,train
36557,train
15588,train
34148,train
38565,train
14304,train
17522,train
19281,train
8586,train
39479,train
12602,train
37191,train
38694,train
28839,train
8512,train
18758,train
6208,train
13202,train
15747,train
30625,train
4818,train
37895,train
33837,train
27767,train
20755,train
21762,train
8748,train
11452,train
29132,train
37640,train
26646,train
27468,train
9186,train
12985,train
27481,train
24370,train
4414,train
24762,train
39424,train
21406,train
32914,train
29872,train
13061,train
38596,train
18134,train
6280,train
3647,train
12063,train
10602,train
24012,train
8654,train
28941,train
7772,train
22270,train
11422,train
20041,train
13102,train
36096,train
2728,train
38200,train
26132,train
2605,train
8131,train
11850,train
11415,train
30509,train
31455,train
11630,train
17606,train
9714,train
31641,train
26493,train
15893,train
21039,train
5916,train
3088,train
4391,train
32498,train
32000,train
22276,train
13808,train
2916,train
38581,train
31975,train
28124,train
27254,train
28655,train
7901,train
17038,train
12423,train
2797,train
11649,train
14688,train
1619,train
13552,train
14210,train
30902,train
11216,train
24817,train
26459,train
24194,train
17539,train
15887,train
13415,train
20468,train
19495,train
37635,train
12997,train
16260,train
27311,train
26016,train
28164,train
35987,train
19764,train
2842,train
9976,train
11269,train
16154,train
31142,train
15131,train
8628,train
29105,train
21567,train
25025,train
38016,train
24028,train
3630,train
34903,train
10493,train
24774,train
14701,train
30508,train
2617,train
6172,train
12482,train
37652,train
20823,train
22244,train
31238,train
11899,train
20207,train
12787,train
17545,train
31128,train
9531,train
19359,train
34224,train
17543,train
9365,train
6320,train
12166,train
34850,train
21667,train
7804,train
5199,train
25601,train
13409,train
33569,train
13367,train
16166,train
37353,train
22314,train
13402,train
18980,train
29923,train
25815,train
3604,train
32255,train
30493,train
6066,train
30634,train
38316,train
172,train
2403,train
13845,train
8827,train
25106,train
37877,train
20403,train
25135,train
38666,train
3356,train
15602,train
19870,train
21723,train
3538,train
25717,train
8121,train
329,train
18873,train
21523,train
4721,train
58,train
7345,train
24334,train
14422,train
18751,train
13825,train
15644,train
13987,train
8911,train
13690,train
1507,train
3315,train
17032,train
15846,train
38898,train
13240,train
19694,train
30838,train
12575,train
37233,train
29815,train
1976,train
31963,train
13756,train
18701,train
37153,train
28288,train
596,train
680,train
18497,train
24345,train
12238,train
27493,train
9168,train
39500,train
30824,train
32957,train
12213,train
3490,train
30787,train
12574,train
1229,train
9659,train
30568,train
30309,train
7361,train
7225,train
17931,train
27542,train
39556,train
35109,train
36867,train
33979,train
30883,train
33857,train
11484,train
28205,train
33403,train
18724,train
13870,train
34452,train
11731,train
29588,train
975,train
30487,train
7187,train
19801,train
17163,train
35646,train
5999,train
1258,train
24400,train
24461,train
36170,train
34889,train
4697,train
20538,train
39563,train
31067,train
32627,train
16617,train
39465,train
4163,train
29360,train
38267,train
6054,train
28228,train
27307,train
22767,train
20152,train
5414,train
30537,train
13183,train
24749,train
35635,train
3118,train
22353,train
13446,train
39369,train
33791,train
32120,train
15750,train
24448,train
9965,train
14172,train
36897,train
10175,train
8785,train
21938,train
37939,train
24861,train
3805,train
31862,train
28773,train
36824,train
8080,train
16728,train
33313,train
32876,train
11548,train
26662,train
7441,train
37034,train
25555,train
22840,train
17367,train
3019,train
14607,train
20914,train
35491,train
37431,train
39047,train
33132,train
2890,train
8973,train
36053,train
18739,train
5111,train
17662,train
36944,train
5547,train
3640,train
20290,train
25688,train
38384,train
29537,train
12714,train
35365,train
38135,train
4910,train
34092,train
30814,train
6965,train
7536,train
25259,train
38317,train
37780,train
35886,train
36926,train
15916,train
29073,train
25682,train
23865,train
10321,train
29629,train
13358,train
508,train
9731,train
37971,train
33075,train
10887,train
20053,train
32889,train
981,train
25638,train
112,train
30304,train
18573,train
5895,train
16541,train
6132,train
31190,train
27050,train
28282,train
11423,train
14710,train
20686,train
10026,train
22118,train
12737,train
30711,train
26460,train
31987,train
5434,train
13553,train
26958,train
11632,train
38698,train
12996,train
39578,train
8962,train
16220,train
14177,train
33499,train
37231,train
25954,train
23834,train
1838,train
18850,train
23549,train
34472,train
4137,train
20551,train
77,train
17125,train
14696,train
33648,train
26206,train
14732,train
1550,train
18954,train
6614,train
26595,train
5839,train
23988,train
15984,train
24953,train
12002,train
901,train
14047,train
5867,train
11563,train
23366,train
33455,train
2522,train
14773,train
28849,train
6654,train
38684,train
14603,train
21688,train
26611,train
32723,train
34162,train
28736,train
32606,train
28703,train
14298,train
15263,train
17476,train
12879,train
38564,train
29855,train
8122,train
27346,train
3160,train
21387,train
12730,train
17540,train
1848,train
11075,train
32951,train
18316,train
11885,train
7310,train
4145,train
4,train
16195,train
26070,train
30265,train
26361,train
15705,train
22694,train
20990,train
1651,train
32664,train
28218,train
37545,train
14562,train
8801,train
18045,train
36466,train
9347,train
19967,train
27591,train
29381,train
38495,train
15157,train
19770,train
24405,train
18306,train
20175,train
39631,train
10456,train
5869,train
19547,train
36947,train
4890,train
32783,train
31713,train
39582,train
38015,train
14393,train
33108,train
31165,train
2913,train
14315,train
28700,train
9326,train
37657,train
12609,train
4399,train
10658,train
39504,train
26480,train
9277,train
28319,train
4323,train
16622,train
11385,train
20636,train
3603,train
22037,train
34076,train
15325,train
2207,train
2523,train
498,train
36564,train
18909,train
21516,train
9346,train
19089,train
15256,train
32134,train
27656,train
30367,train
5971,train
22245,train
14201,train
12733,train
30889,train
3818,train
10505,train
16956,train
17184,train
24604,train
20334,train
2373,train
5779,train
32949,train
15343,train
22202,train
12067,train
6075,train
7516,train
26678,train
14252,train
21603,train
35101,train
5685,train
28160,train
10839,train
36333,train
32927,train
253,train
6975,train
16283,train
806,train
14675,train
24294,train
38697,train
35136,train
100,train
35336,train
18334,train
2407,train
6130,train
3670,train
29243,train
36642,train
7077,train
30051,train
6679,train
23172,train
10940,train
34599,train
18704,train
7198,train
32753,train
36618,train
3975,train
3520,train
15038,train
19608,train
31375,train
11802,train
9864,train
35946,train
7907,train
7085,train
28633,train
33387,train
29048,train
39247,train
35402,train
4470,train
600,train
22404,train
29461,train
5112,train
19655,train
16382,train
5670,train
10035,train
20214,train
35827,train
1319,train
9354,train
18845,train
38676,train
13943,train
20484,train
32054,train
15779,train
6225,train
24834,train
35024,train
17555,train
13425,train
16685,train
17312,train
11486,train
10769,train
34891,train
28371,train
38027,train
8734,train
6434,train
27302,train
9306,train
9688,train
31763,train
6891,train
3675,train
31654,train
36523,train
8736,train
15488,train
11077,train
16714,train
3737,train
15275,train
29486,train
30909,train
32422,train
102,train
28659,train
14733,train
23082,train
12840,train
27052,train
23204,train
34830,train
4900,train
7139,train
36706,train
29049,train
14642,train
6451,train
25232,train
32707,train
4811,train
3013,train
21649,train
39356,train
27881,train
23212,train
14918,train
33206,train
23700,train
16223,train
12305,train
16128,train
31983,train
10495,train
19466,train
9555,train
27195,train
22784,train
569,train
1484,train
38088,train
20209,train
28843,train
17499,train
25280,train
7722,train
916,train
18976,train
13893,train
2882,train
22853,train
10338,train
27112,train
27083,train
31424,train
29269,train
15002,train
17570,train
33063,train
29333,train
22035,train
10413,train
5001,train
13954,train
30871,train
37597,train
24180,train
33210,train
35551,train
18941,train
20567,train
38745,train
16796,train
4457,train
33417,train
34491,train
17810,train
17803,train
26114,train
2799,train
13849,train
4378,train
22173,train
29677,train
32291,train
36424,train
28983,train
21271,train
18021,train
15897,train
6590,train
48,train
22825,train
27158,train
14237,train
16794,train
20493,train
24371,train
8443,train
2766,train
32790,train
7412,train
26403,train
19347,train
3007,train
11394,train
19376,train
17228,train
38655,train
13022,train
10966,train
16535,train
17418,train
7326,train
1232,train
20532,train
27518,train
36968,train
21948,train
22239,train
5340,train
18588,train
8105,train
7521,train
37015,train
20251,train
4872,train
11714,train
35300,train
36065,train
15207,train
26519,train
38585,train
5093,train
2093,train
11370,train
38055,train
27880,train
27359,train
10070,train
21973,train
26821,train
11598,train
6292,train
21702,train
4475,train
715,train
26786,train
34623,train
1675,train
17284,train
32536,train
9105,train
32570,train
38251,train
37540,train
4383,train
33285,train
14556,train
22102,train
25879,train
11544,train
22242,train
4540,train
36763,train
8294,train
7267,train
10152,train
4533,train
31452,train
6703,train
18147,train
22183,train
11357,train
16472,train
35394,train
25295,train
16882,train
523,train
17145,train
7481,train
33568,train
18840,train
9577,train
271,train
22426,train
12295,train
38496,train
35698,train
10876,train
17444,train
12916,train
9882,train
39617,train
10535,train
12473,train
2446,train
22570,train
14377,train
29393,train
8436,train
36588,train
10543,train
16327,train
18300,train
13931,train
30589,train
1699,train
21071,train
2497,train
34679,train
26058,train
4562,train
8156,train
6407,train
17922,train
29140,train
30059,train
14258,train
34951,train
915,train
8497,train
3443,train
24563,train
33229,train
29827,train
23163,train
28580,train
24206,train
36401,train
33986,train
38057,train
32668,train
21883,train
17215,train
4210,train
32161,train
7535,train
10387,train
27494,train
36505,train
16236,train
24904,train
13143,train
24535,train
26660,train
24389,train
14973,train
27175,train
9782,train
31277,train
35432,train
34320,train
3133,train
8449,train
26180,train
26776,train
12535,train
27006,train
30572,train
33039,train
1025,train
26447,train
38228,train
13077,train
28513,train
20002,train
38893,train
17047,train
10727,train
43,train
5026,train
19443,train
33345,train
38188,train
6387,train
2940,train
11596,train
20991,train
3137,train
27101,train
13134,train
7224,train
14316,train
35005,train
4992,train
2805,train
35997,train
12292,train
37309,train
20074,train
3876,train
8621,train
6162,train
30190,train
10974,train
36755,train
2527,train
8526,train
31679,train
36689,train
17364,train
6154,train
26690,train
556,train
27852,train
19606,train
13230,train
5851,train
6437,train
34530,train
35338,train
37954,train
26156,train
6454,train
14516,train
15456,train
14314,train
7288,train
4878,train
35945,train
23538,train
20828,train
22275,train
26023,train
35054,train
12746,train
13957,train
12165,train
8248,train
23788,train
23765,train
21621,train
38677,train
6035,train
7477,train
26385,train
15254,train
11151,train
4769,train
27202,train
2288,train
33239,train
30037,train
13383,train
14623,train
7437,train
34522,train
36858,train
36430,train
12736,train
37754,train
33734,train
29531,train
20177,train
1882,train
26933,train
22707,train
6968,train
15023,train
17107,train
17519,train
7487,train
17042,train
15386,train
29474,train
19137,train
14940,train
5308,train
29479,train
39132,train
12079,train
22674,train
32529,train
26877,train
38172,train
13374,train
13193,train
21003,train
23307,train
265,train
19548,train
31824,train
19637,train
38033,train
37748,train
6222,train
21717,train
21336,train
20963,train
37288,train
12014,train
5179,train
27241,train
27516,train
28460,train
22934,train
1751,train
21796,train
14446,train
3970,train
35722,train
798,train
9654,train
23570,train
37477,train
27065,train
18392,train
36382,train
12854,train
11057,train
39322,train
19772,train
6073,train
17309,train
9126,train
2825,train
13566,train
26035,train
21784,train
38971,train
16968,train
8999,train
16421,train
10519,train
36501,train
30101,train
32651,train
3993,train
36688,train
26631,train
38392,train
37275,train
5472,train
3946,train
1722,train
12522,train
22904,train
25754,train
22798,train
37284,train
28085,train
25878,train
38129,train
21616,train
21463,train
23571,train
39004,train
21576,train
17257,train
32102,train
459,train
9183,train
18694,train
1552,train
35226,train
36507,train
32275,train
21606,train
7808,train
17393,train
8097,train
953,train
26654,train
3045,train
35209,train
21861,train
27455,train
34448,train
28604,train
10871,train
33854,train
26618,train
16953,train
8281,train
25747,train
10654,train
3097,train
23362,train
24717,train
14440,train
28277,train
16941,train
24067,train
14671,train
34964,train
16708,train
34764,train
39297,train
5315,train
16518,train
34145,train
259,train
10481,train
23678,train
4028,train
37632,train
23387,train
1495,train
39144,train
13359,train
23487,train
17267,train
3344,train
17721,train
7549,train
27661,train
17494,train
13938,train
25892,train
10541,train
23848,train
28894,train
19920,train
16043,train
721,train
36994,train
13164,train
31780,train
22392,train
3403,train
6187,train
4296,train
18518,train
24822,train
36124,train
7882,train
16039,train
7008,train
37560,train
4923,train
14053,train
30920,train
13478,train
1250,train
24773,train
16052,train
22562,train
1276,train
15513,train
8907,train
12221,train
30085,train
32885,train
35547,train
24464,train
36946,train
25233,train
7910,train
2433,train
37171,train
8604,train
31672,train
1335,train
16032,train
2315,train
33466,train
22004,train
34011,train
4255,train
2986,train
14660,train
18677,train
28929,train
34994,train
30730,train
36066,train
1623,train
7629,train
7978,train
30957,train
39642,train
18564,train
36296,train
30488,train
14765,train
15018,train
25152,train
30602,train
21907,train
25727,train
26508,train
2030,train
12928,train
37498,train
15020,train
15722,train
31007,train
2109,train
10830,train
10221,train
36315,train
12851,train
28684,train
37680,train
14326,train
510,train
25619,train
14919,train
13734,train
38810,train
21898,train
11574,train
22166,train
2703,train
31093,train
17565,train
23975,train
32820,train
24071,train
12341,train
4602,train
6307,train
38079,train
31731,train
34633,train
1060,train
1076,train
7594,train
35287,train
14912,train
4100,train
34128,train
19222,train
12309,train
37344,train
12438,train
35189,train
26663,train
3360,train
1305,train
8123,train
25749,train
14030,train
13559,train
9184,train
3823,train
30977,train
25281,train
5942,train
6592,train
1729,train
38844,train
8540,train
452,train
12510,train
10327,train
9671,train
14126,train
14502,train
30989,train
25502,train
4865,train
21411,train
23355,train
30907,train
9133,train
16145,train
35679,train
11257,train
24361,train
22618,train
37078,train
22213,train
4120,train
32871,train
24353,train
30317,train
22494,train
6575,train
15805,train
33338,train
21486,train
10180,train
32003,train
20389,train
14406,train
31322,train
3615,train
26586,train
18146,train
15295,train
7064,train
37289,train
38481,train
16225,train
32518,train
7011,train
33339,train
31581,train
27904,train
2381,train
27421,train
1269,train
337,train
4968,train
31551,train
38294,train
2365,train
12086,train
13665,train
12254,train
32262,train
21147,train
35941,train
27615,train
27181,train
3822,train
214,train
38997,train
34067,train
31284,train
6100,train
29131,train
25917,train
27291,train
10476,train
37644,train
35314,train
10703,train
30632,train
29897,train
26364,train
6905,train
16529,train
14431,train
30324,train
28514,train
18854,train
14198,train
11268,train
30754,train
30158,train
1677,train
18388,train
1143,train
14371,train
17998,train
3492,train
19520,train
34840,train
13401,train
30398,train
20150,train
10142,train
31233,train
7785,train
7183,train
27748,train
24463,train
1004,train
38341,train
19718,train
25080,train
16524,train
29665,train
30383,train
28311,train
15024,train
36601,train
28082,train
24690,train
13758,train
6161,train
30518,train
8623,train
13080,train
34768,train
18764,train
14307,train
33205,train
1332,train
7914,train
25925,train
27201,train
7284,train
10633,train
15988,train
14734,train
2565,train
32217,train
38657,train
18828,train
19454,train
33254,train
37158,train
24542,train
28212,train
27386,train
1744,train
35247,train
29703,train
26619,train
30256,train
16551,train
31631,train
21132,train
12108,train
38175,train
3036,train
36919,train
27587,train
25755,train
19821,train
28062,train
6121,train
36004,train
23793,train
1596,train
31020,train
17777,train
40,train
4941,train
21909,train
16299,train
6055,train
13280,train
6291,train
31254,train
11210,train
23344,train
35102,train
17824,train
8218,train
26014,train
30235,train
5874,train
2840,train
34380,train
25580,train
13693,train
11591,train
17191,train
26866,train
38049,train
28395,train
28641,train
25710,train
2157,train
5831,train
12281,train
1173,train
24695,train
16321,train
684,train
39604,train
26344,train
31978,train
30315,train
23013,train
38911,train
13106,train
20386,train
20815,train
14281,train
30220,train
34813,train
942,train
32383,train
1242,train
25325,train
32369,train
21339,train
22211,train
4227,train
31267,train
37188,train
10792,train
25128,train
16012,train
29054,train
38321,train
15978,train
3911,train
30657,train
808,train
30665,train
37204,train
18926,train
31803,train
2826,train
24347,train
37201,train
32765,train
17233,train
6559,train
38119,train
34477,train
25099,train
37304,train
26167,train
26648,train
22088,train
17690,train
31720,train
1138,train
38413,train
14974,train
31584,train
460,train
33142,train
34671,train
6288,train
38839,train
30485,train
37046,train
7987,train
21809,train
28092,train
37745,train
26490,train
11366,train
9022,train
24281,train
13741,train
10737,train
34027,train
16589,train
28356,train
30543,train
8323,train
17417,train
9093,train
5524,train
31487,train
5680,train
5216,train
1871,train
13190,train
27168,train
29739,train
11750,train
28451,train
28861,train
7133,train
5836,train
35486,train
2298,train
25795,train
24179,train
15772,train
6936,train
16394,train
6215,train
26652,train
16574,train
13776,train
1867,train
36833,train
10901,train
33697,train
15264,train
25706,train
21089,train
30030,train
35801,train
34774,train
23477,train
21592,train
13767,train
28963,train
37984,train
4234,train
37029,train
33438,train
31671,train
36384,train
36935,train
30761,train
5729,train
26996,train
37523,train
415,train
25176,train
3815,train
21074,train
30193,train
19342,train
19212,train
31281,train
36428,train
29334,train
8622,train
16568,train
33737,train
1139,train
163,train
12544,train
1702,train
1886,train
33574,train
1432,train
19068,train
32164,train
1960,train
20751,train
26755,train
33509,train
8700,train
37389,train
26760,train
8855,train
38232,train
4370,train
35405,train
36037,train
16471,train
17305,train
9137,train
15784,train
26248,train
1078,train
31528,train
1753,train
23313,train
32004,train
7761,train
2663,train
10544,train
1676,train
22943,train
29821,train
25125,train
14780,train
28897,train
32537,train
38706,train
31628,train
28346,train
32934,train
14889,train
27178,train
13154,train
7867,train
16857,train
23009,train
19410,train
5832,train
88,train
36402,train
12629,train
20187,train
3260,train
2108,train
20411,train
9024,train
17747,train
30781,train
9171,train
39475,train
1029,train
33766,train
36681,train
34090,train
21607,train
10039,train
14413,train
21833,train
14833,train
18282,train
7602,train
25913,train
37358,train
4613,train
34672,train
11218,train
22115,train
2621,train
27765,train
23625,train
39562,train
20019,train
17809,train
1447,train
16228,train
31085,train
26531,train
14843,train
21135,train
26463,train
18706,train
27510,train
8210,train
22389,train
36230,train
13207,train
9674,train
18342,train
23506,train
34647,train
5115,train
1726,train
24526,train
26337,train
33719,train
34950,train
12727,train
36444,train
5370,train
24491,train
28730,train
18149,train
20553,train
9275,train
32378,train
25510,train
1869,train
30011,train
23889,train
9004,train
20577,train
2902,train
35764,train
17611,train
21860,train
19174,train
15918,train
12446,train
11655,train
27741,train
8887,train
12105,train
37505,train
10653,train
31785,train
13999,train
22395,train
21853,train
16489,train
15757,train
32027,train
32533,train
33754,train
21436,train
2739,train
20827,train
1998,train
20307,train
20341,train
1196,train
5739,train
9467,train
31760,train
23781,train
8766,train
35134,train
3373,train
28585,train
7409,train
35220,train
8005,train
26764,train
34514,train
32926,train
38642,train
17049,train
3643,train
30419,train
38388,train
12882,train
26527,train
16565,train
39019,train
12293,train
16983,train
4083,train
29574,train
5507,train
29989,train
5896,train
7523,train
30545,train
39041,train
29075,train
32026,train
8730,train
30832,train
34213,train
17878,train
18261,train
19303,train
33529,train
21493,train
30841,train
5192,train
17012,train
9709,train
36574,train
10970,train
25160,train
1904,train
30299,train
21806,train
7054,train
18993,train
33160,train
8206,train
8254,train
34197,train
33884,train
14665,train
6798,train
33969,train
15447,train
34223,train
36634,train
38852,train
1856,train
6935,train
20419,train
24346,train
16149,train
38660,train
9503,train
39591,train
27293,train
10834,train
33973,train
25366,train
21765,train
36299,train
1725,train
29142,train
18096,train
11253,train
21033,train
29405,train
16782,train
35471,train
32730,train
22383,train
6721,train
24962,train
2422,train
7932,train
24960,train
4866,train
18804,train
28357,train
16999,train
37848,train
39565,train
5898,train
38546,train
20992,train
3491,train
29735,train
8528,train
6943,train
21465,train
12973,train
31512,train
22043,train
33052,train
6684,train
37325,train
10619,train
3563,train
7020,train
28490,train
937,train
36006,train
32590,train
33550,train
23586,train
12203,train
2962,train
2321,train
36029,train
10952,train
1481,train
9912,train
9887,train
32524,train
4309,train
17911,train
12589,train
13196,train
24922,train
34558,train
9154,train
6133,train
39323,train
36284,train
32732,train
11701,train
35151,train
31118,train
7694,train
19679,train
21507,train
35778,train
32350,train
3782,train
38056,train
20250,train
15393,train
29153,train
12976,train
6081,train
34238,train
1609,train
11723,train
11912,train
38704,train
8291,train
27768,train
18711,train
7465,train
9269,train
1312,train
27556,train
30044,train
6615,train
19113,train
34138,train
21310,train
28381,train
8513,train
19742,train
3573,train
4427,train
12057,train
20520,train
17460,train
13064,train
37695,train
24932,train
1813,train
38262,train
3508,train
35603,train
3401,train
12242,train
17141,train
39335,train
29656,train
6188,train
3974,train
14108,train
2449,train
19292,train
23511,train
24438,train
24997,train
33795,train
24277,train
29633,train
28617,train
1387,train
30365,train
15921,train
28788,train
23155,train
3054,train
15655,train
769,train
32085,train
33329,train
16704,train
25944,train
11839,train
9489,train
38244,train
28430,train
1634,train
27105,train
14954,train
23572,train
1246,train
39321,train
32199,train
12505,train
34031,train
14495,train
27519,train
12149,train
12286,train
357,train
13799,train
34884,train
31592,train
22587,train
12470,train
10212,train
11518,train
18691,train
16913,train
39520,train
33507,train
19135,train
34005,train
18799,train
15658,train
9000,train
34618,train
4436,train
7337,train
6892,train
8639,train
30393,train
28723,train
31126,train
10451,train
34627,train
25143,train
14939,train
22597,train
35350,train
26435,train
30136,train
31732,train
13255,train
32692,train
26643,train
33123,train
1569,train
30414,train
3396,train
2152,train
24539,train
27608,train
17670,train
35861,train
13086,train
25560,train
39122,train
27212,train
3090,train
27700,train
19412,train
8309,train
24266,train
26892,train
34971,train
6742,train
36717,train
38225,train
14400,train
34867,train
32822,train
18251,train
268,train
32271,train
26725,train
15856,train
5016,train
7380,train
3671,train
38330,train
3701,train
37076,train
29869,train
16887,train
18965,train
33119,train
17355,train
18583,train
37427,train
32015,train
3874,train
13187,train
30080,train
5261,train
4995,train
3337,train
23232,train
18254,train
20169,train
20925,train
37617,train
14624,train
33078,train
12651,train
19485,train
11322,train
25561,train
35014,train
27650,train
3906,train
34637,train
15372,train
36896,train
24867,train
36676,train
16836,train
669,train
4002,train
34308,train
8221,train
22654,train
5854,train
20849,train
25052,train
31454,train
15298,train
1259,train
13413,train
2225,train
2704,train
6610,train
16700,train
23000,train
28569,train
38973,train
28972,train
16034,train
13325,train
2670,train
16491,train
2872,train
3518,train
8171,train
9801,train
24572,train
25242,train
26925,train
38224,train
6050,train
21969,train
27294,train
598,train
228,train
23531,train
37433,train
37533,train
12804,train
23285,train
34261,train
14884,train
27799,train
4964,train
39377,train
9089,train
26872,train
7799,train
1101,train
11679,train
2114,train
31159,train
8343,train
26563,train
27632,train
37677,train
19462,train
13024,train
18991,train
9648,train
33689,train
27565,train
10648,train
11250,train
30396,train
35971,train
13589,train
27851,train
35748,train
24033,train
1894,train
28247,train
10402,train
24671,train
19399,train
20156,train
11024,train
22495,train
18743,train
31243,train
33680,train
27536,train
29847,train
8317,train
37139,train
4209,train
32872,train
10647,train
39476,train
18771,train
35377,train
16268,train
15101,train
19788,train
38420,train
14016,train
24899,train
1683,train
25594,train
37999,train
38006,train
13139,train
20621,train
3188,train
5282,train
1426,train
21693,train
38171,train
20416,train
25223,train
8546,train
19787,train
17693,train
20563,train
39167,train
37327,train
35862,train
25980,train
33994,train
23589,train
18697,train
18471,train
24195,train
996,train
1451,train
38351,train
10975,train
29108,train
13198,train
13200,train
13242,train
13824,train
17647,train
3524,train
18103,train
2301,train
17562,train
16352,train
37926,train
28826,train
12094,train
13311,train
29803,train
33182,train
32145,train
24829,train
3295,train
32716,train
37002,train
22617,train
33219,train
7373,train
19658,train
15580,train
23772,train
24809,train
31178,train
33261,train
14903,train
32214,train
32555,train
1804,train
4931,train
16752,train
17369,train
7533,train
26789,train
20737,train
24763,train
1325,train
2036,train
25997,train
25975,train
20202,train
5769,train
31330,train
21087,train
12831,train
14049,train
15484,train
38616,train
10911,train
29977,train
36909,train
33228,train
4904,train
14902,train
31148,train
26096,train
15704,train
24269,train
4063,train
22196,train
23999,train
15643,train
22858,train
28449,train
16799,train
5841,train
26290,train
13501,train
9966,train
11259,train
13940,train
30729,train
30580,train
19780,train
4853,train
13192,train
9506,train
19166,train
6704,train
10377,train
38905,train
4441,train
34636,train
37594,train
30919,train
47,train
11389,train
13510,train
10151,train
28562,train
25425,train
18565,train
9921,train
14330,train
6459,train
29567,train
398,train
11441,train
21657,train
26182,train
5057,train
35267,train
33024,train
37911,train
21656,train
7806,train
32071,train
5222,train
18227,train
30289,train
30406,train
32494,train
10612,train
19939,train
20254,train
34529,train
30392,train
1424,train
6931,train
20280,train
26759,train
35688,train
2909,train
24567,train
39080,train
16675,train
17486,train
18363,train
16107,train
17152,train
11636,train
19321,train
1181,train
30893,train
30004,train
34757,train
8114,train
39483,train
33165,train
16936,train
14484,train
3338,train
3981,train
30200,train
12445,train
35800,train
29484,train
8679,train
28737,train
11613,train
36607,train
22117,train
292,train
28401,train
24262,train
14164,train
22536,train
7010,train
9219,train
22557,train
29098,train
37965,train
29247,train
3114,train
35925,train
35172,train
36869,train
2377,train
19824,train
19809,train
15664,train
23638,train
30895,train
34866,train
27682,train
2583,train
11473,train
3707,train
16267,train
28332,train
32477,train
37369,train
28978,train
13417,train
4486,train
7204,train
28842,train
14390,train
8908,train
27974,train
38051,train
10591,train
831,train
16456,train
26500,train
12509,train
32241,train
6175,train
37032,train
9203,train
1539,train
29430,train
34572,train
36305,train
28653,train
6729,train
31834,train
34722,train
4497,train
13148,train
3890,train
12424,train
20572,train
25062,train
27183,train
39453,train
13068,train
495,train
3460,train
9431,train
38936,train
12883,train
2213,train
34315,train
30681,train
17702,train
16082,train
28472,train
35013,train
31308,train
21238,train
17778,train
13457,train
9231,train
17847,train
23007,train
18139,train
31347,train
24561,train
5762,train
1104,train
9698,train
7228,train
22776,train
27281,train
20363,train
26462,train
33249,train
12553,train
24372,train
15124,train
37864,train
12268,train
34219,train
19815,train
2330,train
28688,train
3192,train
1538,train
39248,train
38387,train
13408,train
34295,train
9038,train
3568,train
8885,train
33622,train
14779,train
32956,train
30899,train
37785,train
6838,train
12836,train
28876,train
12647,train
6126,train
24742,train
29905,train
29044,train
13959,train
28088,train
14147,train
12429,train
33097,train
35495,train
37856,train
30739,train
27659,train
35404,train
1098,train
9492,train
26021,train
8579,train
29912,train
34000,train
38860,train
31179,train
13929,train
24101,train
24920,train
22174,train
25761,train
7677,train
8311,train
21945,train
17110,train
17541,train
5440,train
952,train
20770,train
4860,train
2020,train
8019,train
3855,train
5489,train
6330,train
32310,train
36181,train
2484,train
32749,train
11833,train
27463,train
28994,train
7346,train
19157,train
7124,train
37576,train
24906,train
35099,train
7116,train
31437,train
17136,train
20238,train
8222,train
13297,train
23659,train
4690,train
3150,train
29189,train
15931,train
10813,train
13023,train
39451,train
14880,train
4698,train
10228,train
12536,train
1613,train
31163,train
319,train
4265,train
28403,train
37820,train
7353,train
25771,train
34486,train
29898,train
8288,train
12601,train
18008,train
17429,train
6283,train
19692,train
25912,train
24284,train
7208,train
8352,train
3440,train
3612,train
28615,train
9285,train
14714,train
4479,train
282,train
27645,train
7474,train
8935,train
23957,train
28506,train
23987,train
19524,train
6970,train
8550,train
18473,train
17338,train
19703,train
29038,train
14633,train
37463,train
3357,train
5651,train
8413,train
18812,train
36390,train
864,train
28818,train
36985,train
10925,train
25192,train
7053,train
7061,train
25712,train
20910,train
10075,train
1437,train
4852,train
33462,train
17391,train
38617,train
4952,train
12943,train
6687,train
25691,train
28471,train
15438,train
22628,train
25991,train
13195,train
22582,train
5433,train
38951,train
24630,train
29090,train
13443,train
45,train
29268,train
17984,train
29625,train
5206,train
39211,train
3755,train
25708,train
37290,train
6290,train
10369,train
17845,train
35590,train
21468,train
8465,train
37919,train
34049,train
13966,train
19355,train
1888,train
6668,train
22541,train
33188,train
12925,train
12841,train
30800,train
36130,train
19895,train
16736,train
14604,train
33576,train
18510,train
1902,train
2671,train
39152,train
26997,train
31759,train
17089,train
13272,train
14808,train
11402,train
9348,train
9771,train
15678,train
10588,train
24693,train
1247,train
9318,train
174,train
8373,train
15439,train
10468,train
16192,train
4240,train
21396,train
7398,train
25685,train
37735,train
28838,train
26354,train
12325,train
17709,train
6412,train
33496,train
15952,train
22717,train
7447,train
19132,train
11173,train
21508,train
9378,train
30338,train
17924,train
8953,train
15223,train
29763,train
19731,train
1214,train
11051,train
16279,train
3673,train
29979,train
29826,train
35205,train
28475,train
14935,train
2761,train
38144,train
8396,train
35720,train
28115,train
3544,train
37669,train
23829,train
23036,train
18600,train
38130,train
6033,train
13441,train
20652,train
20508,train
4148,train
29062,train
17325,train
26856,train
9860,train
1036,train
24765,train
16434,train
4946,train
36063,train
10946,train
39180,train
12628,train
38681,train
34912,train
26368,train
38173,train
20690,train
15208,train
5073,train
2757,train
39557,train
15222,train
29280,train
27654,train
23416,train
39265,train
26384,train
9130,train
15787,train
31918,train
13695,train
8470,train
34814,train
25251,train
30622,train
1379,train
3322,train
5894,train
32188,train
30421,train
35923,train
27427,train
13775,train
5144,train
33489,train
36982,train
25448,train
39615,train
24362,train
23817,train
14589,train
36695,train
25357,train
20564,train
29527,train
29993,train
19997,train
27142,train
30172,train
234,train
25583,train
39012,train
2417,train
11767,train
24530,train
28181,train
2136,train
6625,train
35988,train
22128,train
34095,train
15996,train
28162,train
31594,train
3543,train
6438,train
15555,train
36051,train
5143,train
26263,train
802,train
37906,train
22122,train
822,train
27129,train
28802,train
35337,train
3380,train
31168,train
1979,train
583,train
21424,train
4494,train
20679,train
30124,train
18614,train
29022,train
12570,train
8086,train
19794,train
27868,train
4933,train
39221,train
4966,train
27459,train
94,train
8021,train
4253,train
6476,train
32189,train
7847,train
6007,train
23711,train
8264,train
9174,train
14424,train
19640,train
27301,train
34411,train
7532,train
32295,train
17919,train
35620,train
8035,train
10187,train
33581,train
25783,train
34322,train
16693,train
22067,train
22795,train
5609,train
34839,train
7278,train
16998,train
10076,train
22447,train
23221,train
5560,train
28751,train
3186,train
38507,train
17251,train
12306,train
36086,train
23733,train
31726,train
24842,train
1686,train
20025,train
34639,train
34378,train
26006,train
702,train
8614,train
28969,train
2721,train
36923,train
18022,train
38334,train
13991,train
22791,train
393,train
26118,train
4128,train
4620,train
30043,train
29016,train
15812,train
28576,train
29157,train
28211,train
5100,train
32109,train
31666,train
8034,train
24232,train
12990,train
2602,train
2292,train
33393,train
20272,train
31652,train
35811,train
29254,train
17890,train
25884,train
4928,train
21664,train
25030,train
18447,train
8844,train
6637,train
23095,train
5742,train
21588,train
25855,train
31784,train
30240,train
39007,train
10587,train
22719,train
30890,train
7744,train
68,train
3047,train
26085,train
17715,train
9374,train
24581,train
34937,train
3899,train
26845,train
9749,train
11810,train
14845,train
11510,train
10663,train
23879,train
26922,train
30003,train
13961,train
18535,train
25060,train
38395,train
25532,train
7275,train
38194,train
25781,train
21687,train
11729,train
192,train
9079,train
38311,train
32497,train
9715,train
11895,train
23818,train
3797,train
14784,train
22334,train
24902,train
12172,train
5611,train
6999,train
32710,train
1355,train
31877,train
32125,train
29715,train
10511,train
36738,train
2870,train
26087,train
24782,train
18480,train
38524,train
4141,train
29520,train
38952,train
3267,train
1155,train
38710,train
39532,train
27970,train
1109,train
1003,train
18391,train
2783,train
32675,train
19271,train
20050,train
3857,train
32624,train
16706,train
32504,train
28257,train
15635,train
25033,train
39348,train
21120,train
3278,train
2604,train
17129,train
21241,train
3452,train
15794,train
20798,train
4595,train
7178,train
37979,train
11542,train
11175,train
868,train
33271,train
4284,train
25793,train
9479,train
35914,train
3827,train
7706,train
30991,train
24427,train
7958,train
2841,train
5422,train
19590,train
10855,train
30089,train
20146,train
18100,train
15032,train
4989,train
33844,train
15927,train
14707,train
34062,train
13427,train
10581,train
7604,train
14202,train
10990,train
3765,train
18569,train
24096,train
26267,train
15212,train
29809,train
2546,train
25400,train
34610,train
3214,train
2357,train
19158,train
1452,train
30292,train
33260,train
31131,train
12364,train
15531,train
22325,train
4058,train
25505,train
25275,train
39032,train
24682,train
16633,train
9607,train
21870,train
24256,train
10431,train
37198,train
17446,train
2557,train
20569,train
29492,train
27260,train
2313,train
36700,train
3411,train
30892,train
20239,train
7685,train
21759,train
28146,train
21985,train
4138,train
10521,train
15905,train
28725,train
16969,train
24149,train
5719,train
29591,train
32469,train
7290,train
6583,train
20497,train
20219,train
16710,train
15746,train
23507,train
16905,train
25420,train
15088,train
20354,train
16481,train
35965,train
35549,train
25399,train
427,train
11118,train
23611,train
9697,train
4182,train
28563,train
27348,train
14248,train
20879,train
929,train
21277,train
29061,train
28931,train
22285,train
13647,train
8854,train
33096,train
37966,train
4584,train
10013,train
26525,train
13805,train
19670,train
16697,train
32601,train
29909,train
27769,train
30118,train
23202,train
21682,train
18792,train
30417,train
31884,train
32526,train
5349,train
33267,train
22537,train
32913,train
7335,train
31588,train
18707,train
33521,train
9191,train
5355,train
30201,train
11738,train
388,train
35174,train
34999,train
25085,train
8082,train
9673,train
18787,train
8877,train
6926,train
30874,train
30459,train
30752,train
1819,train
4813,train
6176,train
37566,train
1834,train
27613,train
24320,train
6273,train
15078,train
24601,train
27316,train
35376,train
9830,train
30896,train
32548,train
22941,train
1454,train
8367,train
38118,train
19404,train
10282,train
8787,train
25040,train
25063,train
22880,train
24129,train
9519,train
5223,train
29913,train
27873,train
31593,train
36371,train
8910,train
24450,train
38399,train
9129,train
12915,train
38381,train
26673,train
33687,train
30125,train
23505,train
35025,train
20044,train
8772,train
31992,train
35578,train
12782,train
33028,train
1983,train
30312,train
1281,train
2848,train
38817,train
19876,train
31924,train
33893,train
36440,train
14859,train
35848,train
25805,train
21446,train
21189,train
15516,train
11635,train
283,train
36871,train
36278,train
8509,train
10394,train
28231,train
24060,train
33233,train
39049,train
8840,train
31796,train
12152,train
18726,train
23682,train
11212,train
17873,train
18530,train
22700,train
9646,train
12569,train
20824,train
20413,train
4279,train
20877,train
2876,train
38382,train
35015,train
17026,train
14286,train
15581,train
2883,train
32781,train
21996,train
5152,train
9297,train
37591,train
6803,train
32099,train
11168,train
31259,train
19639,train
1771,train
32365,train
16520,train
29587,train
13640,train
33985,train
22238,train
6712,train
27662,train
26331,train
8423,train
504,train
21156,train
20086,train
18372,train
25819,train
20431,train
26245,train
36951,train
3335,train
28477,train
25904,train
13054,train
17657,train
35644,train
17058,train
11733,train
9870,train
30341,train
24161,train
27792,train
38486,train
19147,train
30066,train
15761,train
20478,train
1001,train
21617,train
3989,train
23274,train
36778,train
32908,train
18312,train
24645,train
14962,train
20558,train
32972,train
25643,train
37262,train
36694,train
31316,train
24828,train
4408,train
8981,train
7019,train
31908,train
23810,train
29724,train
27453,train
25545,train
8506,train
4385,train
17025,train
28134,train
17663,train
22737,train
27948,train
2367,train
24492,train
13913,train
31072,train
24783,train
16629,train
8412,train
15930,train
26041,train
38181,train
469,train
15935,train
29452,train
1938,train
17134,train
35161,train
32997,train
1429,train
6604,train
23681,train
22919,train
12567,train
3709,train
31646,train
176,train
9781,train
25027,train
38792,train
7305,train
35211,train
25740,train
6346,train
34890,train
31127,train
8917,train
26609,train
12490,train
4424,train
34420,train
5133,train
29341,train
34192,train
32007,train
6620,train
16982,train
21622,train
38501,train
21957,train
30152,train
21341,train
7973,train
4249,train
8315,train
2561,train
1847,train
22452,train
20513,train
8014,train
39381,train
355,train
21732,train
21062,train
7016,train
25389,train
14001,train
35583,train
26715,train
6061,train
33486,train
30504,train
17960,train
2763,train
9682,train
22596,train
12546,train
20288,train
28270,train
7478,train
29627,train
38150,train
30426,train
31930,train
5490,train
18666,train
6039,train
13747,train
2339,train
24913,train
38109,train
17279,train
29879,train
475,train
21739,train
24113,train
29041,train
23470,train
9057,train
29435,train
14685,train
5768,train
424,train
26598,train
8332,train
24550,train
33908,train
18217,train
38007,train
20173,train
5702,train
8164,train
18163,train
5649,train
16665,train
10807,train
30952,train
13813,train
9536,train
8527,train
12649,train
6660,train
28501,train
7909,train
22364,train
34909,train
7196,train
29004,train
10803,train
34578,train
22952,train
27590,train
31382,train
2322,train
36819,train
30714,train
7764,train
15819,train
10373,train
34466,train
18680,train
33876,train
24217,train
1565,train
38114,train
35909,train
30111,train
15847,train
36042,train
28496,train
25167,train
298,train
28811,train
8842,train
20760,train
12426,train
37193,train
13713,train
18212,train
19460,train
33081,train
27865,train
14303,train
16833,train
33778,train
22282,train
4334,train
25567,train
12932,train
2517,train
32108,train
30679,train
5858,train
21023,train
37435,train
32059,train
14887,train
29011,train
32959,train
23196,train
1370,train
7514,train
23667,train
13503,train
17896,train
36582,train
30616,train
20568,train
26039,train
34833,train
39431,train
9221,train
5950,train
13772,train
25941,train
23551,train
28709,train
14251,train
16311,train
4049,train
10939,train
4790,train
33573,train
38988,train
31604,train
9355,train
8582,train
33046,train
1701,train
36015,train
29731,train
19286,train
23251,train
15914,train
30462,train
21086,train
34035,train
17859,train
585,train
35629,train
15348,train
238,train
24801,train
29530,train
32752,train
8168,train
27626,train
38300,train
10196,train
26785,train
26456,train
3626,train
34140,train
17934,train
620,train
8324,train
32879,train
38685,train
37374,train
29439,train
8779,train
17216,train
31080,train
1286,train
32646,train
9505,train
332,train
26556,train
31484,train
30192,train
16376,train
38801,train
16602,train
5631,train
29510,train
27760,train
27469,train
10258,train
21253,train
5599,train
13218,train
24892,train
36583,train
8732,train
10900,train
27350,train
25393,train
35639,train
10644,train
15079,train
4997,train
21222,train
27327,train
25256,train
4225,train
20420,train
36143,train
37528,train
13274,train
27887,train
6296,train
23433,train
18123,train
9736,train
33041,train
3039,train
7836,train
31506,train
36338,train
22126,train
30266,train
21386,train
9956,train
36001,train
10473,train
7696,train
23857,train
6233,train
35002,train
23907,train
37388,train
20936,train
13878,train
9119,train
37598,train
12674,train
16919,train
21558,train
15089,train
22675,train
2426,train
28154,train
500,train
16222,train
29582,train
34694,train
8977,train
6148,train
16050,train
34824,train
30611,train
38186,train
14868,train
17199,train
36481,train
19436,train
7556,train
1786,train
25574,train
16889,train
9762,train
22638,train
26234,train
19911,train
25650,train
6042,train
31303,train
1037,train
9901,train
10791,train
19649,train
8054,train
21105,train
16986,train
26921,train
29279,train
20257,train
17516,train
30870,train
8273,train
2041,train
7142,train
6883,train
36183,train
35303,train
18922,train
11990,train
2044,train
31028,train
37875,train
31201,train
2017,train
31073,train
9141,train
13480,train
32303,train
36058,train
31657,train
9018,train
24573,train
17241,train
9226,train
10173,train
24871,train
35312,train
23369,train
6329,train
34659,train
39290,train
37985,train
20627,train
12117,train
21810,train
13316,train
36387,train
840,train
36483,train
10757,train
35674,train
36497,train
3713,train
1881,train
33088,train
36408,train
22922,train
17275,train
35813,train
9224,train
30237,train
9793,train
34350,train
19774,train
35483,train
5883,train
3390,train
32895,train
24794,train
690,train
4624,train
9911,train
1984,train
20069,train
19118,train
13882,train
17385,train
7524,train
4761,train
6106,train
33946,train
6045,train
29318,train
3027,train
3172,train
7994,train
11534,train
39175,train
354,train
25873,train
21789,train
24379,train
17095,train
38924,train
3042,train
31636,train
36491,train
6113,train
15778,train
25768,train
4564,train
8994,train
13579,train
11460,train
6429,train
36682,train
10659,train
14487,train
26068,train
29584,train
14449,train
35458,train
5936,train
1201,train
25185,train
4215,train
18162,train
29133,train
27830,train
36241,train
3961,train
5361,train
9409,train
37722,train
10012,train
4352,train
16330,train
20057,train
3246,train
10797,train
1217,train
22449,train
25731,train
18839,train
9206,train
14564,train
20240,train
34427,train
38154,train
11498,train
3043,train
16250,train
17495,train
21917,train
34473,train
39139,train
18276,train
20213,train
33544,train
13592,train
7260,train
2686,train
2528,train
20839,train
9919,train
31307,train
22390,train
17198,train
33892,train
24435,train
34719,train
9395,train
39046,train
15665,train
6893,train
36317,train
23043,train
17222,train
30706,train
5486,train
39326,train
33594,train
19693,train
30943,train
32742,train
7222,train
3426,train
17188,train
15425,train
3254,train
7546,train
12013,train
29241,train
37665,train
22547,train
14848,train
1972,train
10744,train
32367,train
12972,train
8664,train
22793,train
11313,train
32440,train
7990,train
17156,train
16042,train
36478,train
22136,train
968,train
6520,train
810,train
6156,train
25228,train
19875,train
11461,train
31015,train
19902,train
14703,train
27197,train
30231,train
3218,train
30600,train
26047,train
35070,train
33663,train
35248,train
19054,train
21151,train
39165,train
31174,train
29891,train
12228,train
8612,train
36056,train
14839,train
27324,train
18592,train
20675,train
8870,train
10732,train
30644,train
4228,train
5194,train
2161,train
16035,train
24108,train
38095,train
5399,train
4025,train
12631,train
3517,train
13874,train
12568,train
11395,train
19502,train
5324,train
33681,train
6864,train
27509,train
29661,train
34611,train
27617,train
29964,train
7120,train
23731,train
2619,train
4662,train
4067,train
4835,train
17449,train
32107,train
34750,train
16823,train
3539,train
31314,train
27942,train
23990,train
13706,train
28063,train
39134,train
6993,train
5592,train
23539,train
15421,train
9011,train
8805,train
3185,train
23442,train
37567,train
36844,train
29569,train
30688,train
32421,train
26555,train
31473,train
70,train
37778,train
17232,train
25006,train
36528,train
21078,train
22874,train
25877,train
13343,train
24627,train
3307,train
33932,train
10556,train
25654,train
24496,train
20630,train
22815,train
1391,train
3531,train
5401,train
29540,train
13331,train
28400,train
21103,train
37162,train
8056,train
26566,train
34333,train
25210,train
24092,train
3516,train
39510,train
14176,train
12303,train
37351,train
9917,train
24654,train
990,train
696,train
34928,train
20340,train
3838,train
3578,train
37285,train
24411,train
19530,train
23067,train
32657,train
31041,train
5070,train
11251,train
7763,train
26860,train
13686,train
26754,train
18219,train
5266,train
7504,train
30363,train
1578,train
25792,train
7541,train
1535,train
30293,train
24401,train
31090,train
24964,train
2355,train
6361,train
24770,train
14817,train
8108,train
12796,train
4302,train
29842,train
37154,train
18462,train
7422,train
2015,train
2066,train
3393,train
16927,train
9526,train
38459,train
1760,train
19944,train
7068,train
9913,train
8044,train
28264,train
33488,train
10188,train
22357,train
9942,train
24104,train
23947,train
21004,train
1288,train
1005,train
29743,train
13786,train
28329,train
39501,train
14736,train
23327,train
36934,train
3341,train
38307,train
17046,train
25209,train
30431,train
21040,train
22518,train
12865,train
36900,train
18296,train
24681,train
25484,train
15443,train
11211,train
2896,train
11962,train
16360,train
25314,train
32780,train
14269,train
39546,train
32413,train
13453,train
33457,train
12493,train
18769,train
30805,train
9311,train
31426,train
26375,train
1443,train
8153,train
8636,train
36021,train
1433,train
4626,train
5220,train
36586,train
39539,train
37561,train
603,train
19705,train
33533,train
25817,train
14447,train
33151,train
37025,train
7851,train
14634,train
24385,train
37150,train
28532,train
13861,train
17254,train
38695,train
26419,train
39334,train
30374,train
18819,train
14331,train
12169,train
29329,train
26977,train
16289,train
37174,train
957,train
3536,train
28916,train
8519,train
17415,train
15788,train
6848,train
7432,train
18407,train
20970,train
8339,train
11497,train
33,train
35655,train
28800,train
22338,train
22686,train
23567,train
16572,train
1965,train
37500,train
30108,train
38125,train
36907,train
2071,train
20236,train
35967,train
2270,train
36569,train
14470,train
27761,train
36962,train
17766,train
8940,train
3590,train
37392,train
12193,train
28930,train
21434,train
5518,train
21675,train
27647,train
21374,train
13819,train
28335,train
26965,train
7109,train
22580,train
30910,train
35956,train
12708,train
24748,train
11034,train
22789,train
13279,train
19612,train
4054,train
33347,train
26,train
6670,train
5985,train
33445,train
2603,train
10237,train
35286,train
15232,train
31986,train
31439,train
4953,train
1916,train
10914,train
24469,train
13590,train
13737,train
18299,train
34557,train
8588,train
29998,train
26065,train
39446,train
22645,train
39455,train
5724,train
4681,train
16773,train
5200,train
18877,train
18225,train
28716,train
24462,train
11794,train
21893,train
24602,train
26201,train
33745,train
9245,train
36724,train
12070,train
36292,train
39151,train
16607,train
29583,train
32557,train
22991,train
24968,train
20927,train
7163,train
4078,train
2068,train
19458,train
36776,train
37083,train
33106,train
8747,train
33172,train
19868,train
7747,train
24830,train
15092,train
25047,train
18183,train
18593,train
13759,train
16392,train
29742,train
34341,train
35693,train
29497,train
5945,train
36933,train
3685,train
37453,train
30347,train
32195,train
7097,train
4258,train
13081,train
7852,train
6184,train
32711,train
30154,train
6178,train
3570,train
17250,train
25491,train
24615,train
20819,train
13696,train
16977,train
37143,train
16990,train
4043,train
16485,train
15042,train
12316,train
39263,train
503,train
35180,train
19651,train
28138,train
28744,train
31055,train
10247,train
25217,train
26551,train
18469,train
34102,train
30177,train
28631,train
14906,train
21993,train
14357,train
12458,train
1809,train
32323,train
12784,train
2455,train
2956,train
25433,train
29683,train
30699,train
21316,train
13087,train
5117,train
11028,train
34291,train
26188,train
10352,train
31155,train
12680,train
20727,train
4728,train
38671,train
5244,train
37593,train
16958,train
32428,train
12551,train
9824,train
32999,train
37733,train
1880,train
38584,train
12190,train
17603,train
21942,train
1706,train
27173,train
20101,train
37422,train
19869,train
23831,train
32459,train
19329,train
8524,train
27214,train
138,train
35007,train
39416,train
25513,train
13288,train
9271,train
22277,train
29078,train
33952,train
27215,train
26051,train
28935,train
26799,train
24731,train
30461,train
7572,train
29745,train
8851,train
37659,train
21153,train
624,train
8255,train
24596,train
29546,train
23439,train
8665,train
25116,train
1034,train
602,train
38800,train
33349,train
35734,train
30258,train
1692,train
22171,train
227,train
28499,train
11242,train
18931,train
12768,train
24480,train
7635,train
16094,train
34651,train
23819,train
21740,train
2985,train
34296,train
14957,train
154,train
39573,train
24229,train
12148,train
4887,train
5754,train
16864,train
11703,train
13755,train
10662,train
36521,train
10125,train
2906,train
27896,train
37350,train
5586,train
26157,train
36367,train
39596,train
30489,train
13032,train
28510,train
22304,train
39274,train
22372,train
26151,train
294,train
33936,train
28803,train
25333,train
14563,train
21232,train
22373,train
38730,train
15508,train
35932,train
8077,train
28668,train
26308,train
21413,train
3826,train
14566,train
38825,train
29441,train
15202,train
27929,train
3806,train
24555,train
30914,train
8385,train
27667,train
26266,train
28422,train
21915,train
22939,train
29169,train
14712,train
14074,train
2147,train
1931,train
25220,train
30652,train
37169,train
37752,train
34591,train
16930,train
3225,train
10445,train
20547,train
37238,train
38023,train
18899,train
16274,train
4807,train
409,train
11929,train
29087,train
24714,train
23526,train
4307,train
33502,train
24032,train
20377,train
17877,train
34286,train
3140,train
25430,train
28049,train
15449,train
32447,train
15895,train
13282,train
27144,train
19082,train
27628,train
5993,train
22317,train
31348,train
38402,train
4524,train
22875,train
14259,train
9324,train
32232,train
39429,train
27075,train
22225,train
18106,train
5959,train
9632,train
7005,train
6611,train
27331,train
18263,train
26791,train
10278,train
10232,train
12659,train
17143,train
10550,train
3599,train
24399,train
330,train
13621,train
15558,train
32819,train
23940,train
15561,train
23385,train
9826,train
19778,train
23600,train
8611,train
5005,train
38298,train
31667,train
8946,train
32534,train
12204,train
28673,train
10774,train
5084,train
28729,train
37586,train
38962,train
3177,train
36873,train
15061,train
29222,train
2658,train
10827,train
32851,train
28746,train
32401,train
11721,train
28039,train
3870,train
7293,train
26677,train
7985,train
982,train
29761,train
7105,train
10066,train
35792,train
2967,train
20212,train
22999,train
18590,train
26805,train
2194,train
36184,train
32918,train
21067,train
10199,train
35713,train
37909,train
3347,train
39537,train
34342,train
18046,train
15563,train
32488,train
16422,train
6098,train
36134,train
37497,train
14571,train
4492,train
24310,train
11424,train
25019,train
15823,train
31562,train
4528,train
26256,train
15694,train
10728,train
17512,train
17131,train
18325,train
484,train
36106,train
24745,train
936,train
26134,train
27886,train
13220,train
32266,train
8179,train
24465,train
7160,train
31461,train
12366,train
29053,train
368,train
7480,train
39143,train
8925,train
24190,train
37991,train
1273,train
8016,train
23917,train
23991,train
7621,train
14507,train
12352,train
28950,train
36543,train
32437,train
3126,train
7738,train
8209,train
31853,train
35125,train
18759,train
29526,train
18450,train
29493,train
16093,train
35083,train
10899,train
37370,train
1397,train
38557,train
5669,train
11445,train
14834,train
4498,train
3297,train
35806,train
33720,train
13239,train
25960,train
35729,train
349,train
34415,train
16385,train
7879,train
5231,train
7113,train
17928,train
33635,train
2925,train
30442,train
27318,train
9435,train
10610,train
6025,train
20401,train
29928,train
2904,train
536,train
36273,train
9493,train
15293,train
39406,train
5715,train
37383,train
5610,train
16747,train
7691,train
15834,train
10891,train
33625,train
6323,train
10734,train
6929,train
34902,train
8433,train
3927,train
6194,train
36432,train
38526,train
11345,train
29547,train
26445,train
38547,train
22585,train
28361,train
30093,train
22398,train
19316,train
37377,train
36685,train
33962,train
13438,train
23811,train
36908,train
17943,train
10049,train
15454,train
31070,train
8488,train
30835,train
35715,train
4625,train
19677,train
10007,train
37112,train
236,train
21061,train
15139,train
20423,train
9865,train
26968,train
30638,train
29784,train
30109,train
38969,train
10525,train
20226,train
20406,train
22559,train
19951,train
32670,train
35647,train
11055,train
17112,train
21070,train
19926,train
26557,train
32791,train
29148,train
29641,train
24397,train
27977,train
36479,train
34961,train
37755,train
416,train
14152,train
11727,train
17468,train
22890,train
38229,train
34433,train
29955,train
11559,train
19294,train
5034,train
20825,train
37775,train
37596,train
23288,train
19689,train
14243,train
11228,train
29639,train
14557,train
37631,train
24048,train
7140,train
12343,train
25130,train
30691,train
36597,train
31624,train
1228,train
28550,train
12195,train
13018,train
19202,train
21149,train
10169,train
13352,train
33578,train
9802,train
39636,train
33954,train
13863,train
29930,train
27910,train
29941,train
16307,train
6414,train
8240,train
21376,train
2198,train
16789,train
4507,train
8152,train
10811,train
37329,train
4711,train
28686,train
34112,train
14266,train
12518,train
5744,train
15282,train
12362,train
16120,train
39295,train
7759,train
3924,train
25032,train
23118,train
3103,train
28932,train
1178,train
33482,train
3978,train
6863,train
19100,train
8809,train
31704,train
16973,train
15243,train
36730,train
34520,train
21418,train
16414,train
10895,train
35558,train
30332,train
33661,train
23468,train
21997,train
12107,train
1715,train
26952,train
32476,train
9915,train
5860,train
3977,train
22781,train
26567,train
39580,train
10131,train
18843,train
5970,train
25859,train
26762,train
37912,train
25003,train
18402,train
2554,train
9398,train
18329,train
35282,train
22001,train
14481,train
1356,train
10244,train
17689,train
22054,train
6527,train
8852,train
18719,train
7088,train
15600,train
5817,train
12619,train
25368,train
25065,train
8113,train
33336,train
18336,train
1711,train
19189,train
30877,train
31791,train
19374,train
18867,train
26945,train
20736,train
19363,train
13460,train
38020,train
19472,train
3421,train
470,train
38837,train
26154,train
26960,train
25234,train
2576,train
10110,train
38923,train
23435,train
6873,train
14363,train
14409,train
30876,train
22356,train
21097,train
6063,train
6362,train
30073,train
2668,train
31185,train
28102,train
12376,train
6808,train
1456,train
24924,train
7159,train
11864,train
25568,train
1766,train
9072,train
7360,train
25531,train
37255,train
6719,train
15270,train
22845,train
18512,train
19076,train
16424,train
9391,train
16177,train
26964,train
11315,train
38104,train
38881,train
3301,train
12962,train
23328,train
15107,train
35322,train
15973,train
30206,train
24780,train
6164,train
16812,train
38784,train
2524,train
24043,train
27593,train
20840,train
24873,train
39609,train
20811,train
23996,train
15745,train
22837,train
10288,train
20113,train
19331,train
22865,train
11375,train
25379,train
19737,train
19039,train
15797,train
10801,train
11566,train
24066,train
11872,train
14079,train
20530,train
6813,train
9180,train
21526,train
33369,train
4661,train
19867,train
9376,train
8875,train
20095,train
38247,train
31733,train
38868,train
27248,train
20429,train
26221,train
14095,train
544,train
22198,train
6166,train
37782,train
24441,train
24245,train
30703,train
38202,train
24878,train
4803,train
22371,train
12146,train
28540,train
4985,train
31017,train
35577,train
7575,train
14021,train
13238,train
1785,train
23523,train
19743,train
5623,train
28808,train
27552,train
10532,train
7152,train
19611,train
11500,train
30247,train
1496,train
20951,train
33147,train
28163,train
37303,train
32329,train
6152,train
744,train
15551,train
5561,train
31614,train
29692,train
35440,train
30079,train
34869,train
20332,train
10718,train
16296,train
30131,train
38092,train
15230,train
29779,train
33092,train
1209,train
757,train
3655,train
25086,train
12542,train
37042,train
13235,train
28427,train
26578,train
36221,train
118,train
23112,train
25519,train
2428,train
1509,train
31386,train
7253,train
19422,train
17733,train
5881,train
15053,train
11901,train
20347,train
37529,train
35999,train
1174,train
11138,train
38108,train
36971,train
530,train
23217,train
3171,train
5121,train
682,train
216,train
6196,train
21340,train
5253,train
20064,train
37694,train
18448,train
16715,train
33993,train
33991,train
11324,train
19698,train
30684,train
11083,train
36461,train
37868,train
29025,train
33497,train
22095,train
9707,train
36489,train
1414,train
1197,train
11413,train
31621,train
10147,train
13144,train
2939,train
23283,train
2112,train
15522,train
3549,train
3324,train
24849,train
11777,train
27819,train
13095,train
15403,train
21206,train
12974,train
10993,train
8166,train
28999,train
28216,train
28378,train
33619,train
27028,train
13658,train
33886,train
22752,train
19883,train
857,train
29408,train
22764,train
12981,train
38474,train
21677,train
17412,train
11753,train
35477,train
367,train
29983,train
24529,train
18348,train
39503,train
38025,train
27141,train
4552,train
10643,train
12476,train
1519,train
235,train
9766,train
28143,train
18024,train
5759,train
34533,train
3099,train
1661,train
30765,train
32462,train
25009,train
8598,train
21308,train
3739,train
10233,train
7414,train
13722,train
20450,train
12001,train
14093,train
26230,train
18055,train
18744,train
17054,train
24473,train
9012,train
1163,train
13766,train
31499,train
20915,train
13738,train
15537,train
14128,train
7986,train
15950,train
28844,train
27305,train
9807,train
28157,train
21083,train
23,train
29036,train
14674,train
7343,train
34156,train
32883,train
3963,train
23359,train
3030,train
28097,train
11292,train
19838,train
32563,train
23930,train
334,train
18432,train
17762,train
30884,train
25094,train
16276,train
35889,train
25763,train
1018,train
9752,train
4536,train
12794,train
10878,train
20854,train
23816,train
18383,train
20269,train
26844,train
11434,train
8672,train
32162,train
38361,train
26423,train
10524,train
1655,train
20253,train
13983,train
3394,train
11508,train
22678,train
11662,train
30962,train
38832,train
27612,train
38431,train
33148,train
8715,train
5405,train
37813,train
27965,train
39551,train
9876,train
32490,train
3577,train
4259,train
28283,train
381,train
29212,train
18253,train
11031,train
26523,train
3239,train
7979,train
11760,train
37653,train
37217,train
10467,train
15310,train
14255,train
36797,train
1977,train
33373,train
30279,train
21185,train
39469,train
21524,train
13963,train
21034,train
22843,train
28004,train
19948,train
23105,train
38917,train
3193,train
21455,train
7194,train
3528,train
7136,train
3501,train
10672,train
32211,train
21124,train
30873,train
20955,train
36248,train
35894,train
18318,train
10733,train
22669,train
10462,train
38097,train
19408,train
38266,train
34462,train
4245,train
9852,train
37790,train
5451,train
23833,train
6554,train
10632,train
33419,train
15136,train
34982,train
3021,train
5603,train
22882,train
22917,train
30953,train
7542,train
24215,train
25921,train
11255,train
30661,train
18155,train
29309,train
38449,train
3504,train
28178,train
32704,train
12880,train
36442,train
24551,train
3623,train
1829,train
6921,train
28884,train
32468,train
15863,train
20080,train
23317,train
35131,train
7175,train
17718,train
35097,train
13006,train
28536,train
18059,train
15119,train
19726,train
18551,train
28125,train
30232,train
30798,train
6822,train
15514,train
15802,train
35761,train
839,train
24489,train
36955,train
21828,train
9710,train
22851,train
5758,train
29602,train
9118,train
11979,train
2918,train
3537,train
30655,train
34648,train
36599,train
25628,train
17513,train
11640,train
31937,train
21753,train
14437,train
29667,train
31467,train
9893,train
10031,train
13046,train
29117,train
16620,train
18114,train
26238,train
32695,train
196,train
14581,train
15081,train
9718,train
38355,train
20661,train
17749,train
21121,train
39329,train
39398,train
33559,train
1859,train
18649,train
30429,train
21648,train
9291,train
35721,train
2203,train
8462,train
35916,train
2993,train
12894,train
32520,train
31537,train
17154,train
14586,train
8002,train
3956,train
16598,train
27629,train
13744,train
37866,train
29748,train
37047,train
17870,train
16002,train
15431,train
23408,train
33341,train
9818,train
20545,train
28165,train
24587,train
8808,train
9737,train
13820,train
30227,train
24725,train
22235,train
36027,train
33000,train
9739,train
21844,train
28991,train
36168,train
25936,train
36090,train
4088,train
11622,train
7199,train
7329,train
10190,train
6775,train
10362,train
23522,train
25637,train
29181,train
1244,train
6017,train
34434,train
35929,train
34201,train
15050,train
34447,train
9480,train
14690,train
34919,train
24199,train
21751,train
17018,train
13721,train
7893,train
24125,train
19610,train
29193,train
9452,train
27609,train
21661,train
7664,train
8697,train
39060,train
546,train
6088,train
38068,train
30318,train
21223,train
30934,train
11183,train
28960,train
6404,train
33980,train
25919,train
14991,train
31880,train
21940,train
7589,train
18811,train
3388,train
32305,train
17673,train
23855,train
37456,train
34297,train
8094,train
33763,train
18357,train
21392,train
8753,train
30860,train
3753,train
19437,train
25302,train
8806,train
11945,train
22708,train
17435,train
21377,train
35387,train
31639,train
6572,train
5707,train
16020,train
18723,train
3910,train
4871,train
29713,train
34243,train
33326,train
21900,train
39085,train
5230,train
12920,train
23961,train
15383,train
9834,train
8915,train
3636,train
22428,train
24303,train
19044,train
25318,train
4882,train
22432,train
7115,train
18124,train
11387,train
8358,train
10416,train
2352,train
19352,train
24436,train
23186,train
20481,train
9561,train
25479,train
3967,train
35260,train
12058,train
9855,train
31717,train
4907,train
29544,train
39250,train
19179,train
26053,train
15866,train
244,train
8089,train
9205,train
9595,train
18070,train
6549,train
23594,train
20773,train
23271,train
17167,train
21265,train
13147,train
21035,train
32396,train
31879,train
38897,train
22360,train
27309,train
26532,train
22076,train
2248,train
16047,train
21733,train
322,train
10008,train
35082,train
19343,train
22143,train
10454,train
15288,train
15351,train
15884,train
37249,train
10800,train
25497,train
37518,train
35575,train
26313,train
5235,train
22955,train
18105,train
205,train
547,train
35431,train
37696,train
31275,train
7991,train
35847,train
39496,train
37942,train
33184,train
4782,train
22201,train
14538,train
8943,train
31698,train
20894,train
2843,train
35259,train
20081,train
20723,train
1980,train
35270,train
2415,train
16469,train
22323,train
26251,train
34752,train
14852,train
486,train
14546,train
1257,train
35784,train
32705,train
33598,train
20526,train
10763,train
4472,train
7528,train
11806,train
7900,train
21813,train
22604,train
25624,train
7880,train
26719,train
23103,train
38716,train
10272,train
5390,train
33452,train
1488,train
23805,train
8279,train
35867,train
9387,train
7940,train
30799,train
29654,train
24324,train
25602,train
6585,train
39025,train
31705,train
11808,train
19600,train
37749,train
9457,train
36265,train
10508,train
15497,train
1253,train
15350,train
39050,train
29410,train
38447,train
5922,train
23354,train
12906,train
11048,train
18288,train
29416,train
25986,train
29139,train
35904,train
13353,train
5683,train
33164,train
16142,train
2435,train
19394,train
34715,train
16683,train
28798,train
24720,train
14369,train
28467,train
4179,train
850,train
12023,train
19382,train
18269,train
2765,train
3342,train
16255,train
28463,train
23543,train
39212,train
19641,train
120,train
26112,train
21728,train
3168,train
20812,train
22581,train
27466,train
6878,train
31332,train
10044,train
31051,train
18554,train
17,train
15940,train
8313,train
30390,train
8155,train
34917,train
31912,train
12163,train
1421,train
35828,train
13152,train
5048,train
16908,train
11320,train
26837,train
29478,train
36169,train
13770,train
19904,train
21922,train
32874,train
26169,train
34614,train
12966,train
38149,train
38700,train
10159,train
34859,train
28947,train
34450,train
21459,train
23117,train
580,train
3435,train
28444,train
13801,train
27012,train
19833,train
11101,train
8657,train
4515,train
11705,train
35687,train
20111,train
16152,train
3066,train
14066,train
15464,train
38813,train
19231,train
16416,train
17595,train
35263,train
37493,train
32574,train
10428,train
33498,train
2145,train
38904,train
27825,train
27899,train
6304,train
2669,train
11835,train
36472,train
33895,train
25743,train
33382,train
32198,train
37425,train
7850,train
38142,train
7317,train
12431,train
22476,train
4750,train
36558,train
28961,train
276,train
437,train
22606,train
10829,train
25612,train
25248,train
36490,train
25364,train
26771,train
17332,train
38822,train
10401,train
13492,train
14463,train
21836,train
37834,train
22872,train
36400,train
6242,train
12226,train
5322,train
22819,train
8124,train
17962,train
1375,train
33112,train
36311,train
16854,train
21832,train
22335,train
27821,train
29343,train
38714,train
37318,train
32121,train
25369,train
10421,train
12633,train
18020,train
34083,train
25872,train
31113,train
7509,train
13768,train
37789,train
11953,train
4508,train
12825,train
1658,train
38166,train
1932,train
23959,train
20830,train
37973,train
32869,train
10932,train
16447,train
4712,train
32605,train
6682,train
37245,train
21009,train
668,train
18898,train
24947,train
10172,train
15738,train
37547,train
16503,train
32248,train
11795,train
2600,train
18935,train
29834,train
35637,train
38090,train
34440,train
23107,train
11942,train
34280,train
10083,train
9417,train
28517,train
18610,train
53,train
11824,train
34403,train
11543,train
14550,train
28794,train
14153,train
11472,train
26656,train
7490,train
30025,train
11466,train
7936,train
34220,train
30077,train
1982,train
4410,train
15432,train
22994,train
36993,train
3304,train
12930,train
9657,train
26237,train
7425,train
32130,train
11059,train
10453,train
8867,train
13567,train
15495,train
18657,train
369,train
34265,train
19896,train
6802,train
882,train
24620,train
24337,train
16161,train
6363,train
19771,train
13804,train
9015,train
11734,train
10391,train
8777,train
11379,train
26693,train
34199,train
24171,train
21095,train
32382,train
21430,train
38046,train
6010,train
32568,train
25277,train
23648,train
18733,train
13184,train
19298,train
14948,train
11446,train
21823,train
8710,train
36916,train
6616,train
10274,train
18151,train
32049,train
26216,train
19862,train
12337,train
35212,train
30749,train
2641,train
18906,train
30263,train
9663,train
28820,train
7492,train
23524,train
1795,train
2538,train
29267,train
17066,train
6899,train
7754,train
25105,train
23785,train
7190,train
35207,train
2964,train
1160,train
30762,train
4451,train
35601,train
2223,train
25446,train
20075,train
26731,train
8330,train
36651,train
29577,train
12456,train
1476,train
35077,train
2056,train
492,train
26610,train
1237,train
4943,train
8811,train
1691,train
30521,train
11695,train
23132,train
34690,train
30110,train
39513,train
31158,train
35165,train
14661,train
17704,train
13764,train
35671,train
19901,train
29957,train
6047,train
3833,train
34084,train
21821,train
39112,train
23615,train
5868,train
7963,train
31025,train
14692,train
11090,train
2042,train
14403,train
9113,train
35457,train
23455,train
37070,train
8605,train
38533,train
26009,train
11438,train
5172,train
8487,train
6951,train
29624,train
1468,train
10000,train
21498,train
11305,train
33579,train
39527,train
30811,train
7168,train
19185,train
34326,train
18827,train
6190,train
8783,train
13794,train
3020,train
8919,train
13754,train
17027,train
39136,train
29632,train
32112,train
16611,train
21947,train
20781,train
8716,train
37261,train
33674,train
33947,train
12833,train
22131,train
3550,train
7392,train
8957,train
36777,train
35456,train
9005,train
22935,train
30119,train
39119,train
24619,train
26300,train
11711,train
32907,train
26038,train
27857,train
23323,train
7308,train
37891,train
2320,train
37978,train
8020,train
13816,train
26383,train
19077,train
13698,train
4857,train
8181,train
18181,train
16232,train
35427,train
15132,train
6840,train
433,train
37761,train
34032,train
31996,train
5053,train
17039,train
9678,train
2451,train
21618,train
13138,train
24079,train
7334,train
21449,train
23642,train
8874,train
19057,train
9691,train
37773,train
6545,train
20312,train
33593,train
1311,train
8535,train
29370,train
10962,train
7972,train
39432,train
13774,train
17860,train
9553,train
14922,train
17936,train
32912,train
20672,train
34691,train
23001,train
37910,train
39257,train
5418,train
32171,train
25253,train
19273,train
6601,train
6995,train
23521,train
31257,train
24107,train
25742,train
15756,train
32175,train
10370,train
26393,train
35124,train
18511,train
12249,train
11620,train
1727,train
6013,train
26204,train
5149,train
37568,train
29924,train
12459,train
25713,train
2899,train
10300,train
37904,train
9438,train
12621,train
3983,train
4358,train
22258,train
39273,train
18213,train
36953,train
21069,train
2988,train
25486,train
7003,train
5590,train
30927,train
14028,train
18698,train
23812,train
959,train
33526,train
1065,train
1203,train
10091,train
24631,train
23318,train
38043,train
5693,train
4518,train
10858,train
14555,train
34949,train
24644,train
1290,train
34701,train
38626,train
7588,train
7554,train
34665,train
33361,train
32196,train
26140,train
32787,train
4400,train
35472,train
10385,train
21006,train
31954,train
21118,train
16468,train
7089,train
18894,train
14741,train
19603,train
6481,train
22868,train
20237,train
17732,train
24487,train
7582,train
26732,train
14,train
26224,train
10409,train
1664,train
38752,train
7254,train
6718,train
13689,train
1057,train
27095,train
31627,train
14989,train
36703,train
1300,train
1768,train
2912,train
676,train
11381,train
37736,train
27728,train
19317,train
10776,train
7230,train
16808,train
37208,train
463,train
24216,train
32744,train
9677,train
35802,train
18624,train
7773,train
8178,train
8966,train
16102,train
28025,train
36116,train
38780,train
35975,train
3124,train
5178,train
6059,train
21678,train
985,train
4317,train
28959,train
18768,train
10668,train
9497,train
14730,train
7180,train
34087,train
25244,train
29447,train
18400,train
26200,train
18487,train
37801,train
14980,train
32443,train
21521,train
39456,train
7774,train
9537,train
34216,train
7599,train
16845,train
25766,train
10361,train
4155,train
26934,train
18,train
36503,train
38692,train
17797,train
33707,train
36995,train
36893,train
39477,train
38263,train
32591,train
10267,train
9229,train
5027,train
12174,train
25966,train
13060,train
11993,train
33990,train
24486,train
24670,train
3638,train
9586,train
35123,train
22914,train
10802,train
20699,train
36958,train
33972,train
24981,train
19628,train
4936,train
11549,train
21647,train
2623,train
34088,train
7544,train
15791,train
24309,train
38566,train
37440,train
21353,train
10688,train
14017,train
10342,train
35825,train
18883,train
28147,train
22731,train
33283,train
29080,train
22416,train
8991,train
31111,train
450,train
37504,train
15442,train
5181,train
23292,train
36413,train
10059,train
23943,train
27869,train
14792,train
30797,train
9583,train
32492,train
183,train
36988,train
31345,train
1805,train
26128,train
31344,train
21360,train
27855,train
22824,train
29137,train
36610,train
24989,train
5409,train
12775,train
29258,train
9502,train
27709,train
24927,train
20873,train
33141,train
39639,train
32829,train
27434,train
32633,train
12059,train
29010,train
835,train
27945,train
1027,train
10433,train
12161,train
189,train
5963,train
36842,train
14453,train
6038,train
20170,train
21399,train
32567,train
13179,train
30267,train
37786,train
35373,train
13505,train
11684,train
38139,train
34838,train
10985,train
12118,train
8185,train
22956,train
19369,train
39545,train
32561,train
14542,train
39205,train
30826,train
32124,train
7723,train
5461,train
21777,train
38270,train
20791,train
4825,train
7419,train
10033,train
3070,train
11768,train
7157,train
28632,train
27231,train
4376,train
36612,train
38797,train
6470,train
23010,train
12905,train
39081,train
12552,train
1994,train
21972,train
419,train
14535,train
35650,train
17423,train
34252,train
36566,train
39506,train
34186,train
7531,train
3397,train
30785,train
12492,train
36887,train
16084,train
1628,train
2853,train
366,train
17628,train
4801,train
16435,train
25507,train
7295,train
37703,train
22199,train
17282,train
14346,train
383,train
20832,train
30174,train
466,train
21842,train
15934,train
33362,train
16165,train
11085,train
32921,train
1499,train
26834,train
37458,train
1996,train
17213,train
23804,train
3716,train
15347,train
37466,train
19892,train
28338,train
27243,train
31258,train
35730,train
17798,train
23168,train
22034,train
6816,train
5407,train
20303,train
19886,train
20016,train
36030,train
16442,train
3058,train
26225,train
18552,train
16153,train
28502,train
3922,train
6674,train
5468,train
34543,train
32779,train
7131,train
10831,train
22260,train
23406,train
4663,train
35760,train
32841,train
19309,train
31032,train
24137,train
34015,train
3646,train
13749,train
31193,train
19913,train
8904,train
23351,train
15468,train
30148,train
13420,train
21557,train
25874,train
13901,train
32114,train
27832,train
33405,train
15152,train
23877,train
24054,train
2293,train
8798,train
33928,train
9520,train
7312,train
33694,train
28874,train
2353,train
37287,train
31091,train
18326,train
19037,train
37065,train
8646,train
1574,train
19293,train
1190,train
28525,train
10934,train
10381,train
11940,train
37049,train
3522,train
21122,train
29935,train
29972,train
28879,train
27937,train
8008,train
8819,train
25834,train
7255,train
3410,train
12847,train
16639,train
38673,train
13043,train
16269,train
10824,train
8584,train
37368,train
38577,train
27222,train
11712,train
20668,train
33637,train
17557,train
18948,train
15818,train
1540,train
23644,train
27255,train
17245,train
15064,train
16432,train
34058,train
13058,train
1598,train
30117,train
25346,train
33448,train
22414,train
24178,train
21577,train
23164,train
29454,train
28544,train
13399,train
11974,train
34212,train
39021,train
20635,train
14593,train
26990,train
27116,train
5998,train
3138,train
19623,train
10118,train
6262,train
20946,train
8277,train
31134,train
37005,train
4306,train
33557,train
12284,train
21159,train
25994,train
2991,train
29206,train
14264,train
8583,train
38803,train
26194,train
33926,train
20888,train
28363,train
33302,train
34857,train
16227,train
39282,train
6923,train
12407,train
33845,train
3262,train
314,train
12112,train
8510,train
33194,train
28726,train
34501,train
360,train
5094,train
29112,train
26814,train
15234,train
30719,train
23751,train
34858,train
3564,train
11298,train
28936,train
9252,train
22107,train
7074,train
20782,train
27296,train
4156,train
17330,train
1328,train
34107,train
32011,train
12404,train
33101,train
33879,train
5845,train
12467,train
16684,train
17961,train
22478,train
31734,train
24921,train
6568,train
35895,train
3529,train
37088,train
14199,train
38011,train
7982,train
22676,train
32718,train
11184,train
12318,train
22513,train
8832,train
22396,train
15852,train
23378,train
8504,train
31195,train
16353,train
16208,train
599,train
21239,train
2788,train
501,train
27534,train
3331,train
23585,train
9767,train
12912,train
30211,train
39540,train
5288,train
30723,train
31232,train
38359,train
26849,train
23724,train
7313,train
6869,train
7439,train
2181,train
630,train
23374,train
5530,train
28152,train
38246,train
20029,train
33049,train
26507,train
24967,train
32505,train
33346,train
17925,train
9148,train
17155,train
29375,train
19193,train
16179,train
11104,train
10924,train
7042,train
13372,train
1071,train
14015,train
38735,train
3189,train
35964,train
18893,train
2174,train
15890,train
12029,train
29543,train
3277,train
29434,train
37336,train
30234,train
25573,train
16048,train
34612,train
32652,train
3483,train
28265,train
25147,train
10721,train
5792,train
36091,train
14816,train
38145,train
8845,train
25222,train
20037,train
32686,train
27984,train
19767,train
25653,train
26628,train
11954,train
2073,train
12580,train
12435,train
10150,train
13001,train
33960,train
506,train
2413,train
5193,train
14728,train
17432,train
7592,train
11390,train
29322,train
14908,train
22162,train
15453,train
18509,train
32364,train
17581,train
12486,train
17542,train
9675,train
23395,train
28110,train
39029,train
36848,train
16383,train
24799,train
37,train
9721,train
27219,train
10317,train
27190,train
8768,train
145,train
23460,train
20153,train
13700,train
7816,train
21662,train
31640,train
22056,train
21773,train
24847,train
16178,train
33074,train
33751,train
31821,train
10986,train
483,train
14649,train
21137,train
22477,train
11134,train
31403,train
21904,train
7286,train
13213,train
32277,train
28531,train
17717,train
35783,train
1364,train
10991,train
26842,train
3113,train
6727,train
9201,train
34301,train
30380,train
5960,train
34713,train
23761,train
1923,train
18298,train
36224,train
17193,train
20023,train
25549,train
6701,train
11477,train
21668,train
27022,train
15307,train
17324,train
35903,train
21056,train
25833,train
34008,train
18482,train
16302,train
19940,train
28670,train
5691,train
7868,train
33796,train
12310,train
7242,train
22230,train
2612,train
6139,train
6150,train
25036,train
13211,train
1710,train
7048,train
30954,train
24524,train
4843,train
35944,train
23471,train
28214,train
34553,train
20292,train
39238,train
18754,train
14025,train
12398,train
29607,train
21415,train
13638,train
11491,train
11404,train
25963,train
14107,train
28230,train
2564,train
30286,train
20859,train
7725,train
8594,train
7793,train
2000,train
4978,train
9359,train
35534,train
551,train
14289,train
15911,train
7619,train
28667,train
34405,train
29507,train
30547,train
17274,train
15954,train
20612,train
37286,train
36632,train
12828,train
3449,train
25570,train
25367,train
30337,train
31413,train
7969,train
11822,train
29927,train
14626,train
37577,train
2067,train
2862,train
5992,train
1223,train
4504,train
514,train
3664,train
1333,train
29251,train
22177,train
8637,train
9854,train
15265,train
22792,train
1806,train
24887,train
26235,train
20223,train
22753,train
24193,train
23235,train
10589,train
36421,train
12618,train
18252,train
22003,train
8336,train
26992,train
10224,train
14990,train
217,train
21891,train
32990,train
37297,train
6867,train
31188,train
26117,train
36816,train
21691,train
27991,train
14345,train
35826,train
15878,train
24240,train
10577,train
20221,train
4355,train
28891,train
9264,train
38411,train
25881,train
34449,train
38369,train
38934,train
11325,train
13904,train
33029,train
24854,train
16493,train
29328,train
9902,train
30583,train
32551,train
37371,train
8259,train
15769,train
33231,train
343,train
1385,train
22182,train
24702,train
2344,train
19403,train
22481,train
8356,train
7890,train
17780,train
12147,train
13464,train
21859,train
4229,train
32278,train
11920,train
487,train
22191,train
24543,train
23432,train
30690,train
4535,train
32424,train
24255,train
4496,train
15565,train
3540,train
29755,train
13953,train
3566,train
9475,train
10306,train
18069,train
24046,train
35695,train
3085,train
5238,train
972,train
24769,train
27702,train
13524,train
2681,train
28610,train
19897,train
20891,train
11263,train
14761,train
26268,train
28908,train
3155,train
34979,train
8437,train
11231,train
4415,train
8965,train
4404,train
9613,train
4453,train
13124,train
31798,train
7038,train
6398,train
22462,train
4838,train
29183,train
29485,train
38941,train
19808,train
2578,train
1611,train
8799,train
5290,train
15156,train
28915,train
32747,train
12774,train
15828,train
30334,train
38021,train
27185,train
26651,train
35333,train
12089,train
12463,train
3454,train
34401,train
35417,train
6131,train
14617,train
35952,train
31711,train
19769,train
13345,train
36172,train
17955,train
9200,train
12452,train
30712,train
33733,train
1783,train
25822,train
6694,train
13055,train
17502,train
5513,train
28415,train
39172,train
8237,train
2390,train
36219,train
2224,train
13549,train
3212,train
13515,train
17475,train
5882,train
4094,train
34537,train
30319,train
28694,train
29173,train
12200,train
32649,train
5196,train
26742,train
16081,train
23643,train
35572,train
16508,train
28384,train
33536,train
626,train
20467,train
31365,train
26536,train
20552,train
15629,train
21560,train
34854,train
7238,train
2727,train
11462,train
38354,train
19447,train
15679,train
2412,train
18496,train
7394,train
23926,train
32717,train
21533,train
11873,train
31653,train
37550,train
23142,train
28581,train
11296,train
10133,train
4596,train
7287,train
31868,train
29889,train
13013,train
8165,train
22738,train
20663,train
11909,train
13405,train
12210,train
11831,train
15426,train
29079,train
37914,train
13384,train
20218,train
7849,train
34932,train
27452,train
4220,train
32764,train
7372,train
31721,train
34936,train
38239,train
24132,train
33107,train
20089,train
5188,train
22777,train
19847,train
7912,train
17437,train
29074,train
22744,train
27467,train
4553,train
36882,train
4050,train
34799,train
22479,train
27876,train
31811,train
7235,train
38296,train
27369,train
926,train
38984,train
828,train
2427,train
1462,train
31950,train
28674,train
28759,train
28640,train
17359,train
36203,train
19799,train
7834,train
37783,train
13450,train
36244,train
20339,train
31541,train
20886,train
9643,train
5146,train
11369,train
11079,train
26302,train
14445,train
19697,train
28784,train
29775,train
16928,train
27444,train
914,train
9182,train
23510,train
1124,train
38599,train
12314,train
16759,train
24304,train
14777,train
555,train
1812,train
21866,train
2037,train
32892,train
21502,train
34644,train
35466,train
30143,train
34406,train
900,train
39493,train
3750,train
1545,train
25812,train
30331,train
8401,train
36592,train
23929,train
384,train
10821,train
37901,train
15253,train
19260,train
15194,train
22668,train
13053,train
36837,train
31697,train
31633,train
38074,train
1100,train
21474,train
20380,train
39643,train
36094,train
521,train
35892,train
4204,train
7540,train
12358,train
17822,train
8379,train
24384,train
7129,train
36631,train
14615,train
32213,train
26855,train
15517,train
17722,train
15345,train
20933,train
19950,train
17619,train
3253,train
832,train
8468,train
4737,train
23200,train
35866,train
25444,train
17225,train
30086,train
440,train
37421,train
19036,train
13461,train
9313,train
20965,train
29315,train
18960,train
26472,train
23448,train
5875,train
35622,train
4787,train
12127,train
32420,train
14318,train
2869,train
15821,train
8841,train
37670,train
24857,train
11109,train
1394,train
13497,train
30026,train
11746,train
35239,train
7680,train
15569,train
3868,train
24703,train
1862,train
20659,train
27489,train
7127,train
24582,train
39368,train
1992,train
34805,train
2226,train
16647,train
38552,train
12732,train
12419,train
3087,train
14448,train
3242,train
38058,train
16543,train
21285,train
928,train
24889,train
23656,train
23158,train
19528,train
33343,train
27773,train
4917,train
27924,train
11363,train
31252,train
6421,train
866,train
12192,train
5476,train
1200,train
2861,train
35193,train
24422,train
30983,train
1185,train
30569,train
33146,train
10923,train
35659,train
13956,train
24506,train
27013,train
13895,train
30522,train
5166,train
38163,train
36423,train
25620,train
9158,train
7614,train
11588,train
22298,train
25709,train
35836,train
21885,train
1262,train
18166,train
25914,train
6091,train
5587,train
1901,train
22249,train
5203,train
28556,train
17563,train
29284,train
1857,train
5981,train
13968,train
27457,train
32974,train
33589,train
3783,train
36222,train
24146,train
24623,train
17645,train
38602,train
20631,train
4447,train
35228,train
28365,train
38509,train
17918,train
8788,train
38996,train
1599,train
4022,train
35265,train
19803,train
16523,train
20229,train
32886,train
2043,train
32610,train
36115,train
17496,train
708,train
8921,train
29390,train
39015,train
25012,train
4075,train
7853,train
6532,train
22534,train
31139,train
31881,train
34711,train
35598,train
12436,train
13853,train
5242,train
23294,train
15532,train
28056,train
30048,train
12403,train
24409,train
13880,train
8564,train
794,train
37057,train
21235,train
18703,train
39234,train
25201,train
22337,train
22942,train
3891,train
23968,train
18651,train
766,train
19684,train
7031,train
25391,train
28030,train
35732,train
13536,train
16181,train
4499,train
32740,train
33023,train
12723,train
14942,train
19138,train
25716,train
3602,train
24283,train
20822,train
760,train
29615,train
8395,train
27089,train
29380,train
29384,train
39346,train
27923,train
24636,train
18394,train
26024,train
3015,train
8699,train
5628,train
38690,train
34921,train
14171,train
19593,train
24928,train
2778,train
27921,train
38906,train
35434,train
16182,train
34841,train
17377,train
3432,train
30139,train
28399,train
31893,train
27420,train
3303,train
10015,train
13062,train
16649,train
21246,train
16426,train
25593,train
6868,train
29589,train
34432,train
18555,train
21584,train
30857,train
543,train
35625,train
27540,train
13879,train
27073,train
24222,train
38412,train
26072,train
17243,train
5588,train
37119,train
24806,train
7791,train
2863,train
11565,train
10931,train
14505,train
7429,train
17196,train
10823,train
11821,train
5705,train
22741,train
21659,train
21755,train
17063,train
26876,train
35523,train
26613,train
30436,train
19720,train
32839,train
16104,train
29896,train
4359,train
38457,train
8539,train
17523,train
10114,train
7748,train
37851,train
6489,train
38826,train
19587,train
14104,train
33493,train
34696,train
29687,train
17691,train
6500,train
36674,train
30759,train
8944,train
14310,train
10366,train
16088,train
14517,train
36966,train
29649,train
3866,train
4108,train
22310,train
13777,train
19191,train
38731,train
29429,train
31632,train
6783,train
13379,train
7993,train
8398,train
39276,train
14718,train
6989,train
11903,train
2911,train
14043,train
3663,train
34582,train
707,train
28109,train
21655,train
34493,train
38061,train
33914,train
633,train
3847,train
6988,train
7202,train
4281,train
1167,train
20077,train
34823,train
24447,train
32245,train
6522,train
10502,train
286,train
27909,train
12762,train
7397,train
29532,train
27804,train
21681,train
26722,train
28997,train
16284,train
29792,train
38168,train
19889,train
29091,train
33367,train
1681,train
6096,train
9071,train
3888,train
37228,train
18193,train
39390,train
32098,train
31222,train
24592,train
27555,train
26913,train
20148,train
26185,train
1673,train
16280,train
35364,train
27824,train
32812,train
7959,train
23443,train
39576,train
30607,train
8306,train
29564,train
33427,train
3292,train
18464,train
30024,train
18547,train
927,train
5543,train
28551,train
13898,train
9791,train
10664,train
29126,train
35389,train
29336,train
31691,train
32454,train
7526,train
25078,train
28877,train
8203,train
21927,train
30942,train
24406,train
11246,train
36188,train
11836,train
34036,train
26438,train
8978,train
21919,train
25221,train
4152,train
14404,train
17322,train
8668,train
2974,train
15493,train
17703,train
12252,train
28928,train
19377,train
9705,train
29691,train
10709,train
14235,train
29848,train
28077,train
20480,train
2893,train
9623,train
6511,train
24704,train
15775,train
10955,train
10583,train
29628,train
31145,train
27373,train
35514,train
7933,train
18037,train
12225,train
7671,train
20412,train
16038,train
31939,train
923,train
20383,train
8530,train
38828,train
35562,train
12897,train
1103,train
3238,train
29483,train
36980,train
3466,train
3581,train
38989,train
22473,train
6003,train
12261,train
34124,train
16593,train
18927,train
2910,train
7316,train
2371,train
27334,train
10236,train
33305,train
12257,train
15724,train
11761,train
4142,train
37750,train
30463,train
27554,train
39208,train
37950,train
7908,train
16433,train
38441,train
35285,train
20975,train
21165,train
34787,train
15216,train
32101,train
28807,train
38943,train
17660,train
550,train
23241,train
22528,train
34236,train
13180,train
14785,train
31077,train
642,train
38777,train
1216,train
3086,train
10399,train
24893,train
39464,train
22050,train
10140,train
30423,train
11430,train
11276,train
5571,train
3934,train
18513,train
4948,train
24678,train
26944,train
21692,train
25101,train
37683,train
3198,train
22186,train
28301,train
13437,train
2989,train
18370,train
19995,train
23735,train
10714,train
16910,train
30847,train
36045,train
19633,train
25546,train
2475,train
13281,train
13872,train
31149,train
10529,train
9953,train
11927,train
15680,train
32719,train
20495,train
5533,train
27727,train
16994,train
4079,train
11977,train
11332,train
14351,train
20845,train
32507,train
25942,train
32250,train
20771,train
20178,train
28524,train
24051,train
29899,train
1133,train
16705,train
8126,train
21518,train
34495,train
2076,train
27072,train
27994,train
24907,train
28500,train
33203,train
12604,train
11080,train
4646,train
27048,train
15440,train
33494,train
30629,train
17286,train
11690,train
11440,train
29974,train
33617,train
31913,train
26272,train
7513,train
18982,train
4650,train
8208,train
1007,train
15303,train
12846,train
4242,train
10354,train
36324,train
22316,train
35685,train
9662,train
23565,train
4320,train
4154,train
38938,train
13463,train
13656,train
32799,train
23481,train
18997,train
22520,train
10010,train
5014,train
8971,train
24308,train
15083,train
15726,train
36998,train
32457,train
7608,train
13126,train
26066,train
20762,train
4657,train
37620,train
12215,train
3979,train
1081,train
38553,train
14097,train
15349,train
37944,train
14829,train
10780,train
17850,train
4439,train
39516,train
19729,train
12106,train
19558,train
15153,train
38708,train
32453,train
2800,train
19942,train
7568,train
20808,train
133,train
35803,train
1272,train
29756,train
33764,train
22620,train
8127,train
20536,train
14885,train
9161,train
37578,train
22681,train
19248,train
33718,train
14926,train
12245,train
37861,train
35444,train
3736,train
25118,train
36082,train
29310,train
25332,train
32122,train
33999,train
14032,train
34762,train
17932,train
8061,train
4105,train
35891,train
32746,train
19970,train
23381,train
35235,train
23934,train
24866,train
24546,train
7475,train
18647,train
13736,train
1745,train
19534,train
5372,train
15437,train
10350,train
3232,train
3863,train
14042,train
2793,train
6849,train
4157,train
31497,train
34992,train
17734,train
15286,train
38203,train
31045,train
33566,train
20932,train
10598,train
30042,train
33556,train
26870,train
21787,train
18180,train
37675,train
34151,train
1734,train
9792,train
24707,train
36931,train
28664,train
32405,train
15540,train
26788,train
30560,train
7809,train
27297,train
10100,train
28965,train
26974,train
33898,train
31255,train
21899,train
26775,train
4641,train
33890,train
4481,train
33144,train
13226,train
14861,train
14366,train
10817,train
23115,train
17122,train
1777,train
9757,train
37069,train
4768,train
10568,train
36332,train
38592,train
15520,train
20716,train
6959,train
37024,train
13342,train
38774,train
30316,train
15682,train
25854,train
33981,train
16445,train
11934,train
24197,train
13526,train
14888,train
13615,train
25599,train
632,train
5598,train
33295,train
14213,train
9074,train
32088,train
14429,train
13031,train
21133,train
33057,train
30732,train
29814,train
32260,train
32056,train
5081,train
17202,train
12588,train
24150,train
21328,train
34731,train
20233,train
29146,train
23825,train
4828,train
30388,train
17234,train
31909,train
15404,train
35126,train
15187,train
7552,train
33642,train
33930,train
10255,train
193,train
28425,train
3860,train
8803,train
691,train
33968,train
38696,train
19749,train
380,train
26443,train
23962,train
34195,train
18896,train
15435,train
24978,train
23423,train
24511,train
4850,train
6265,train
17023,train
15864,train
31088,train
32017,train
15455,train
9842,train
22878,train
26910,train
29252,train
30329,train
23427,train
3881,train
783,train
28355,train
27271,train
27110,train
18214,train
23893,train
784,train
17326,train
38740,train
26898,train
17976,train
13426,train
23872,train
5913,train
25875,train
28188,train
645,train
13815,train
28023,train
36286,train
4115,train
24086,train
3407,train
7040,train
225,train
14904,train
34304,train
3807,train
21407,train
32268,train
30121,train
22802,train
26030,train
23504,train
38377,train
28314,train
32012,train
28000,train
3128,train
31481,train
7039,train
206,train
33620,train
34835,train
23822,train
27124,train
13750,train
37014,train
24201,train
18290,train
23338,train
718,train
37636,train
21194,train
15001,train
20105,train
21461,train
6393,train
30352,train
36177,train
27805,train
29513,train
19121,train
23792,train
19411,train
31151,train
3683,train
11859,train
36102,train
20479,train
18773,train
34607,train
38798,train
26027,train
25376,train
5988,train
16570,train
11616,train
25194,train
232,train
5247,train
37776,train
12388,train
22385,train
849,train
20666,train
36667,train
1700,train
27548,train
17376,train
21519,train
19020,train
4144,train
39494,train
15122,train
28360,train
29234,train
4957,train
27440,train
25626,train
3385,train
36637,train
17450,train
6602,train
628,train
11374,train
2898,train
32516,train
17913,train
35699,train
18194,train
27533,train
28651,train
8268,train
39013,train
23791,train
3095,train
29017,train
10967,train
26155,train
33805,train
3120,train
22192,train
35278,train
5120,train
2336,train
11278,train
23208,train
1386,train
30558,train
3468,train
15969,train
6695,train
21522,train
23886,train
31352,train
36556,train
29138,train
30650,train
32824,train
15487,train
32078,train
3598,train
27428,train
21435,train
36881,train
35883,train
2202,train
32314,train
34365,train
31378,train
10705,train
39629,train
10301,train
27925,train
7266,train
17229,train
14418,train
2388,train
9361,train
18384,train
10257,train
7980,train
18942,train
2611,train
4926,train
38180,train
803,train
9849,train
13428,train
25529,train
33713,train
5925,train
37484,train
20761,train
13672,train
2639,train
15619,train
3178,train
2448,train
17226,train
616,train
20319,train
35531,train
33330,train
28521,train
16453,train
34772,train
37629,train
24446,train
27189,train
22155,train
23121,train
24734,train
31325,train
18746,train
413,train
11677,train
2434,train
35786,train
36215,train
1080,train
13731,train
6528,train
20969,train
1340,train
15763,train
4205,train
10665,train
36535,train
5572,train
36493,train
38508,train
8725,train
11675,train
24929,train
12560,train
32777,train
1170,train
9225,train
31665,train
24869,train
32954,train
22387,train
566,train
25915,train
38768,train
17985,train
18136,train
6797,train
18715,train
25852,train
6877,train
17634,train
39403,train
26015,train
17014,train
988,train
11722,train
32967,train
7679,train
38960,train
10250,train
36794,train
3569,train
38438,train
9298,train
17923,train
24186,train
20026,train
75,train
27370,train
14966,train
18244,train
7611,train
29988,train
23169,train
31629,train
275,train
30134,train
18566,train
5745,train
24470,train
37874,train
31567,train
1849,train
9267,train
17456,train
16415,train
19038,train
19328,train
29424,train
1973,train
32327,train
8959,train
10690,train
36854,train
29449,train
21976,train
26915,train
6540,train
35780,train
18408,train
324,train
23932,train
16418,train
19154,train
37664,train
12971,train
21741,train
7789,train
22354,train
5816,train
33110,train
9358,train
18848,train
35445,train
26741,train
23272,train
30526,train
17424,train
23867,train
8457,train
17392,train
11156,train
16566,train
28911,train
11519,train
37123,train
9596,train
36752,train
33524,train
5416,train
30438,train
32006,train
24585,train
17781,train
5116,train
25008,train
6632,train
18540,train
23921,train
22817,train
28339,train
30939,train
28149,train
36791,train
38514,train
870,train
9962,train
31217,train
33027,train
13206,train
8440,train
16584,train
19375,train
38670,train
27730,train
13728,train
12409,train
6445,train
18955,train
8253,train
7913,train
22835,train
1704,train
27657,train
30368,train
28533,train
28799,train
21931,train
3489,train
2744,train
35334,train
33693,train
13854,train
23780,train
22515,train
31078,train
39017,train
23488,train
6271,train
31326,train
27146,train
38823,train
2450,train
17620,train
18138,train
38199,train
11846,train
16027,train
12331,train
20142,train
19877,train
10139,train
29188,train
21462,train
29359,train
25738,train
1741,train
1365,train
39077,train
25183,train
38667,train
32673,train
674,train
3119,train
24791,train
23390,train
19042,train
35061,train
25414,train
27295,train
31836,train
5408,train
23078,train
1632,train
18345,train
18550,train
4779,train
18170,train
24896,train
34837,train
29342,train
34730,train
31927,train
38233,train
31214,train
4197,train
27062,train
30737,train
3408,train
30156,train
7320,train
17725,train
20000,train
29782,train
9016,train
9565,train
29037,train
3073,train
17625,train
16821,train
23779,train
23429,train
22273,train
1988,train
1515,train
30446,train
35576,train
29953,train
33289,train
16559,train
21800,train
18944,train
35183,train
27573,train
1435,train
6755,train
9538,train
7081,train
30335,train
35240,train
28582,train
27383,train
28853,train
561,train
23147,train
31318,train
10889,train
8199,train
34664,train
31248,train
12724,train
15727,train
15773,train
2309,train
15922,train
4980,train
38405,train
23901,train
26558,train
442,train
11919,train
12120,train
19257,train
15065,train
22915,train
8104,train
27235,train
10915,train
32499,train
34806,train
18522,train
3375,train
30336,train
11480,train
28001,train
12298,train
29301,train
36949,train
38840,train
654,train
3761,train
31338,train
35009,train
29092,train
9647,train
16840,train
11036,train
31209,train
6898,train
14426,train
12815,train
17142,train
10994,train
3259,train
38376,train
35822,train
14961,train
30297,train
38720,train
20225,train
28825,train
11614,train
35308,train
17752,train
10093,train
11535,train
29182,train
31200,train
25668,train
32696,train
15695,train
35766,train
21970,train
16344,train
17572,train
17633,train
10661,train
30310,train
13219,train
11809,train
1085,train
37524,train
35320,train
26538,train
33759,train
1021,train
28697,train
32230,train
13370,train
34960,train
14666,train
13917,train
1605,train
10211,train
20158,train
10640,train
8432,train
33195,train
21722,train
17710,train
14173,train
26453,train
16271,train
28871,train
681,train
36047,train
29134,train
18081,train
37627,train
8581,train
31162,train
10500,train
10856,train
16564,train
34983,train
23135,train
29844,train
18923,train
23321,train
21311,train
30450,train
17669,train
13400,train
28817,train
12864,train
39399,train
26416,train
8976,train
13951,train
24158,train
2303,train
15483,train
22491,train
27838,train
21278,train
12540,train
8987,train
21566,train
21342,train
35978,train
22705,train
4986,train
7092,train
27240,train
15491,train
2210,train
20182,train
13807,train
32148,train
23887,train
39020,train
13803,train
31377,train
24614,train
5252,train
20135,train
36383,train
39529,train
27460,train
2627,train
22203,train
19961,train
23322,train
24788,train
22807,train
6932,train
7837,train
37592,train
6577,train
18360,train
33644,train
13527,train
16914,train
17290,train
20415,train
34876,train
28933,train
28321,train
17491,train
15354,train
26173,train
9765,train
21694,train
13096,train
2692,train
37312,train
14230,train
14827,train
13809,train
11757,train
4017,train
16148,train
13984,train
31851,train
34695,train
37469,train
6236,train
26448,train
27357,train
33458,train
9450,train
3662,train
17760,train
18187,train
39149,train
8595,train
19775,train
14335,train
24577,train
38176,train
26829,train
2493,train
9462,train
11751,train
24319,train
26138,train
37104,train
3894,train
8286,train
31138,train
25534,train
800,train
28318,train
38012,train
25615,train
35582,train
17991,train
13829,train
24673,train
39207,train
11600,train
23985,train
20959,train
25261,train
69,train
13375,train
84,train
24940,train
35879,train
27712,train
27708,train
16206,train
32131,train
24360,train
27117,train
13392,train
28405,train
18099,train
12779,train
10651,train
36214,train
11908,train
6886,train
1836,train
20906,train
22007,train
28545,train
6947,train
30282,train
29820,train
4016,train
25974,train
24965,train
39447,train
34136,train
33062,train
14643,train
2069,train
16757,train
17147,train
24031,train
39239,train
8023,train
17594,train
8912,train
21610,train
7859,train
15237,train
20683,train
28619,train
10771,train
33910,train
17017,train
3340,train
1271,train
31191,train
2100,train
36640,train
5602,train
23266,train
35882,train
22443,train
15958,train
39357,train
13388,train
26003,train
31306,train
21788,train
14244,train
7955,train
33122,train
21553,train
6169,train
37697,train
16745,train
33577,train
5464,train
33104,train
34115,train
25757,train
6809,train
16261,train
29876,train
31130,train
3889,train
16970,train
21123,train
10992,train
22600,train
37098,train
12413,train
2425,train
34169,train
14362,train
33592,train
29289,train
11200,train
773,train
5787,train
32491,train
38658,train
13348,train
12786,train
6777,train
11482,train
26100,train
2647,train
37977,train
14641,train
24090,train
10605,train
31504,train
27890,train
6232,train
19580,train
11426,train
25553,train
2547,train
37821,train
35580,train
25072,train
36670,train
38466,train
1925,train
11148,train
15872,train
7529,train
16696,train
10841,train
12863,train
13572,train
36742,train
22712,train
11641,train
25103,train
22607,train
22256,train
12620,train
4582,train
31160,train
25169,train
11016,train
24285,train
27979,train
15844,train
27379,train
37651,train
1953,train
23742,train
9415,train
21068,train
1780,train
6354,train
28370,train
38511,train
5050,train
34827,train
33916,train
21419,train
9931,train
10512,train
17397,train
15062,train
4003,train
22120,train
28068,train
18262,train
16687,train
32333,train
26724,train
36310,train
37159,train
39107,train
11813,train
18687,train
23905,train
36506,train
8308,train
37552,train
5042,train
10411,train
19516,train
36467,train
20190,train
37178,train
9729,train
10518,train
11364,train
39442,train
12451,train
1000,train
31176,train
9101,train
32728,train
37009,train
30039,train
29881,train
26766,train
37250,train
26580,train
16356,train
1724,train
2236,train
29926,train
26303,train
6097,train
30197,train
6170,train
23225,train
12139,train
14742,train
17905,train
4726,train
27625,train
34619,train
31542,train
4438,train
26548,train
19196,train
11285,train
33468,train
32559,train
19208,train
29456,train
1102,train
21218,train
24917,train
26428,train
9404,train
25995,train
39103,train
31547,train
26810,train
25777,train
6887,train
31046,train
18324,train
28055,train
10002,train
4718,train
2810,train
6420,train
35039,train
7876,train
27057,train
20296,train
29069,train
18601,train
19385,train
38328,train
1648,train
36918,train
22985,train
1405,train
19175,train
19982,train
13356,train
26338,train
11506,train
10869,train
11046,train
19734,train
2597,train
29839,train
13591,train
36205,train
34767,train
4783,train
31353,train
6001,train
19280,train
28628,train
17448,train
35224,train
24248,train
34600,train
1625,train
15700,train
19899,train
16395,train
35382,train
17582,train
18971,train
13857,train
9945,train
6647,train
36758,train
891,train
35459,train
4792,train
502,train
65,train
22271,train
31451,train
39225,train
3269,train
19098,train
17615,train
2650,train
20058,train
15227,train
34129,train
36316,train
1087,train
36137,train
10819,train
25744,train
16400,train
37101,train
32969,train
28352,train
34284,train
3865,train
11758,train
7520,train
3227,train
27262,train
34114,train
29058,train
9308,train
13277,train
11504,train
1384,train
39435,train
970,train
26228,train
6353,train
13862,train
21855,train
3901,train
21977,train
16682,train
34407,train
16732,train
14035,train
25618,train
16183,train
2570,train
20500,train
24341,train
27840,train
21535,train
23257,train
32513,train
16173,train
1121,train
36275,train
39069,train
5107,train
8480,train
15723,train
34233,train
3197,train
4621,train
32785,train
30834,train
3387,train
31599,train
1559,train
24172,train
833,train
187,train
9819,train
19635,train
7637,train
18079,train
37094,train
38848,train
20909,train
20485,train
1048,train
33785,train
33449,train
32762,train
35607,train
6478,train
24552,train
27867,train
15776,train
38113,train
12687,train
35053,train
613,train
2027,train
15993,train
24497,train
29156,train
24827,train
13994,train
1309,train
28715,train
11643,train
30501,train
24000,train
987,train
13935,train
13217,train
12756,train
32373,train
5098,train
4328,train
20880,train
21057,train
13161,train
31997,train
10452,train
15936,train
20521,train
36287,train
14738,train
33385,train
9628,train
9753,train
38253,train
1442,train
9905,train
28185,train
37967,train
20972,train
15332,train
7828,train
24777,train
20787,train
15031,train
28828,train
14979,train
18056,train
18013,train
38537,train
25806,train
9988,train
39364,train
26902,train
19307,train
15085,train
36680,train
27522,train
20964,train
8093,train
38786,train
15592,train
26119,train
10796,train
943,train
22893,train
12613,train
27601,train
12319,train
10222,train
13676,train
21000,train
15945,train
18175,train
15543,train
9587,train
30001,train
20366,train
8903,train
30191,train
18433,train
36123,train
36049,train
22938,train
26360,train
7482,train
35561,train
15184,train
14847,train
10106,train
21933,train
20813,train
31507,train
1303,train
21322,train
17861,train
24540,train
10908,train
35526,train
22871,train
32284,train
33653,train
565,train
31993,train
446,train
8589,train
34689,train
5270,train
211,train
22960,train
33435,train
38542,train
35870,train
20664,train
26370,train
673,train
35366,train
27266,train
37953,train
39148,train
14410,train
13871,train
5767,train
2354,train
29606,train
22081,train
5198,train
35782,train
19074,train
22565,train
15829,train
19781,train
16891,train
30593,train
6754,train
36329,train
7771,train
9444,train
7357,train
12227,train
23663,train
11032,train
16528,train
17404,train
11396,train
36394,train
27679,train
1043,train
22970,train
36473,train
17643,train
39592,train
14302,train
19535,train
8059,train
12545,train
15645,train
38032,train
24223,train
31023,train
3887,train
7652,train
11538,train
3391,train
1212,train
28495,train
28201,train
3029,train
7390,train
29419,train
20227,train
23906,train
7256,train
38955,train
13979,train
27328,train
34399,train
3731,train
9843,train
4010,train
8285,train
25462,train
24679,train
18890,train
23992,train
19624,train
27257,train
14246,train
22423,train
3552,train
15006,train
10953,train
28761,train
31804,train
15689,train
537,train
15337,train
31575,train
28184,train
22142,train
30033,train
35022,train
13258,train
13434,train
24988,train
29420,train
3182,train
10458,train
4563,train
15445,train
39184,train
10216,train
9035,train
10448,train
8334,train
1415,train
6617,train
22079,train
26670,train
2897,train
531,train
33056,train
11911,train
2772,train
34496,train
15329,train
989,train
36529,train
1796,train
16560,train
36061,train
36359,train
22965,train
2687,train
31649,train
11380,train
23377,train
9488,train
9208,train
14693,train
26158,train
34726,train
27742,train
30407,train
1740,train
33310,train
33118,train
16992,train
11195,train
20985,train
20384,train
22642,train
7206,train
625,train
8250,train
2191,train
4425,train
26917,train
30608,train
19014,train
29208,train
7988,train
6443,train
10386,train
12328,train
3735,train
458,train
30122,train
21282,train
19244,train
33838,train
14993,train
24261,train
38332,train
4490,train
25265,train
34289,train
10171,train
4616,train
22321,train
28271,train
10501,train
31430,train
5450,train
14471,train
24260,train
23941,train
2812,train
20673,train
10130,train
30507,train
3488,train
24860,train
19916,train
28571,train
7674,train
25168,train
13977,train
28366,train
19056,train
6324,train
6950,train
5038,train
13733,train
15311,train
23830,train
34006,train
29710,train
4202,train
28541,train
28611,train
38340,train
2836,train
21793,train
26146,train
30947,train
22901,train
4665,train
37572,train
4168,train
3173,train
5248,train
26372,train
32663,train
19339,train
8173,train
11411,train
27771,train
11449,train
10793,train
21214,train
3788,train
27438,train
31415,train
29796,train
19043,train
7610,train
18110,train
202,train
11103,train
20040,train
24668,train
22667,train
22176,train
12526,train
9068,train
9451,train
2729,train
37184,train
7989,train
11283,train
33866,train
36298,train
28698,train
12822,train
83,train
27415,train
22551,train
36448,train
432,train
2753,train
34804,train
22149,train
20313,train
20318,train
22215,train
30434,train
32630,train
9968,train
14046,train
1752,train
33779,train
21005,train
10081,train
35843,train
22180,train
1666,train
32893,train
26170,train
23563,train
6082,train
96,train
2884,train
38879,train
2345,train
7815,train
17604,train
23936,train
7518,train
25538,train
35114,train
37927,train
34641,train
24093,train
15175,train
20594,train
6168,train
18524,train
16542,train
10782,train
5190,train
2806,train
5604,train
4609,train
31668,train
2052,train
38201,train
32119,train
30928,train
16384,train
3210,train
372,train
36070,train
13261,train
5043,train
34863,train
32615,train
25276,train
2635,train
5105,train
38112,train
13947,train
25554,train
14323,train
10741,train
11971,train
38378,train
9875,train
17146,train
13897,train
11913,train
11797,train
14073,train
27025,train
31379,train
36459,train
10579,train
22194,train
16638,train
12986,train
25278,train
8967,train
34539,train
18761,train
31320,train
23583,train
16672,train
4068,train
19227,train
25392,train
24037,train
4659,train
27207,train
18434,train
14317,train
12503,train
23074,train
25703,train
4390,train
25449,train
25595,train
3733,train
22315,train
31745,train
26550,train
28127,train
36576,train
36929,train
18084,train
32535,train
3201,train
30013,train
26363,train
21250,train
17875,train
2372,train
25876,train
37899,train
38084,train
25145,train
18880,train
5045,train
3100,train
39193,train
35602,train
1,train
20387,train
8174,train
32431,train
36416,train
26193,train
29249,train
35332,train
24985,train
29541,train
8416,train
30032,train
31026,train
36002,train
36517,train
33139,train
13221,train
28036,train
26657,train
3317,train
25968,train
8158,train
16906,train
10069,train
37186,train
11003,train
10128,train
5538,train
13191,train
3286,train
27862,train
33825,train
37410,train
22622,train
38609,train
17189,train
24317,train
9426,train
17964,train
14523,train
12685,train
10557,train
13937,train
36405,train
11507,train
4797,train
8136,train
15467,train
18638,train
16716,train
31387,train
288,train
731,train
19253,train
12668,train
4947,train
27067,train
12892,train
20525,train
29529,train
11959,train
29007,train
7954,train
34206,train
19819,train
28600,train
37800,train
13073,train
14894,train
6845,train
34653,train
23942,train
13547,train
1013,train
1873,train
30658,train
35950,train
37920,train
1445,train
16089,train
19556,train
27077,train
31944,train
16136,train
20695,train
37180,train
37704,train
11488,train
31922,train
4673,train
30481,train
30946,train
4353,train
34183,train
5429,train
19506,train
32739,train
21318,train
7724,train
20033,train
10127,train
5060,train
1610,train
23689,train
36910,train
29893,train
5803,train
14627,train
23892,train
12010,train
15086,train
5180,train
24710,train
310,train
18492,train
2049,train
10851,train
29614,train
6444,train
37829,train
27835,train
5722,train
28957,train
30546,train
22410,train
15004,train
29197,train
30366,train
13162,train
28479,train
17185,train
2227,train
8482,train
13133,train
25849,train
13583,train
10530,train
24753,train
9935,train
15815,train
31560,train
35318,train
23684,train
24236,train
32554,train
15718,train
5209,train
23718,train
19120,train
6722,train
27111,train
36281,train
24658,train
25084,train
4488,train
14708,train
25269,train
17111,train
31161,train
29794,train
2442,train
12561,train
39313,train
6046,train
5897,train
32209,train
6157,train
32379,train
31470,train
3131,train
34404,train
34185,train
5582,train
18405,train
39404,train
637,train
3703,train
17302,train
36815,train
17983,train
25857,train
26437,train
34023,train
7251,train
22405,train
12533,train
33646,train
24494,train
290,train
28837,train
39264,train
26737,train
2919,train
28304,train
29736,train
37660,train
1588,train
8674,train
23479,train
9086,train
10729,train
29033,train
14900,train
37252,train
21795,train
869,train
34874,train
36441,train
26482,train
10442,train
4406,train
29917,train
27187,train
14943,train
651,train
33627,train
12681,train
23038,train
18141,train
27572,train
31757,train
12370,train
19449,train
10692,train
12763,train
28661,train
17714,train
25037,train
17133,train
12964,train
38314,train
22359,train
5514,train
13856,train
1166,train
22300,train
27943,train
38589,train
16558,train
15810,train
33368,train
20171,train
1969,train
10353,train
33937,train
24850,train
705,train
18742,train
25456,train
11164,train
28009,train
11890,train
1968,train
33971,train
36814,train
8349,train
28455,train
8282,train
28245,train
18443,train
7606,train
8372,train
32826,train
28,train
14386,train
34836,train
6903,train
14441,train
5967,train
1826,train
36570,train
10526,train
35584,train
26973,train
25946,train
19935,train
28130,train
15007,train
27398,train
29838,train
20814,train
22926,train
11897,train
27104,train
20056,train
31197,train
871,train
32766,train
39275,train
33915,train
38856,train
21944,train
25846,train
11295,train
23203,train
19320,train
10642,train
23995,train
3964,train
29846,train
13296,train
11155,train
30194,train
7892,train
18026,train
30872,train
15098,train
25336,train
18937,train
19440,train
309,train
6338,train
4342,train
2999,train
1380,train
13448,train
14224,train
27315,train
37626,train
22438,train
4239,train
30528,train
25935,train
31865,train
32352,train
25690,train
2187,train
164,train
36545,train
23373,train
15535,train
33050,train
15859,train
7258,train
26753,train
35509,train
15650,train
3046,train
22010,train
34556,train
38358,train
5189,train
24131,train
1489,train
37672,train
15681,train
10145,train
34255,train
21679,train
23252,train
33379,train
25671,train
21670,train
7559,train
12167,train
39628,train
35222,train
20882,train
11902,train
5889,train
39585,train
26247,train
29339,train
33439,train
9491,train
22647,train
19232,train
17137,train
11013,train
20682,train
4093,train
14006,train
34519,train
18630,train
5311,train
35043,train
32638,train
38529,train
10548,train
3839,train
14982,train
23116,train
32336,train
25509,train
31969,train
29773,train
198,train
16866,train
2323,train
21605,train
26005,train
26590,train
14883,train
18463,train
14405,train
30055,train
27499,train
17980,train
5047,train
15279,train
21510,train
10459,train
38185,train
22688,train
606,train
30823,train
33721,train
12514,train
24477,train
24723,train
28204,train
30333,train
18427,train
26671,train
1392,train
4007,train
22906,train
20896,train
983,train
17979,train
32981,train
14056,train
12677,train
38028,train
861,train
13888,train
1302,train
29648,train
16162,train
10330,train
19087,train
37889,train
3657,train
4867,train
38215,train
4257,train
14011,train
33548,train
9165,train
9881,train
9744,train
38772,train
568,train
36961,train
782,train
22928,train
29734,train
19574,train
21650,train
4462,train
27103,train
6174,train
38429,train
25698,train
38884,train
27500,train
33475,train
11277,train
6645,train
38484,train
11328,train
10716,train
27818,train
16402,train
7755,train
540,train
29130,train
15570,train
5064,train
27363,train
23722,train
19365,train
39397,train
33086,train
22065,train
20605,train
21111,train
35527,train
2477,train
28886,train
13790,train
32706,train
33143,train
17587,train
8900,train
23414,train
14977,train
15331,train
12722,train
15402,train
15594,train
612,train
22013,train
22532,train
22195,train
38220,train
4996,train
777,train
26358,train
38928,train
23839,train
39242,train
20417,train
8902,train
36928,train
8458,train
35147,train
21432,train
34531,train
34620,train
4122,train
3681,train
38396,train
9907,train
1961,train
1845,train
49,train
430,train
36271,train
23027,train
4915,train
771,train
27512,train
34915,train
20228,train
13730,train
19480,train
23475,train
17407,train
21201,train
2399,train
35433,train
27161,train
13021,train
25801,train
7925,train
14226,train
33395,train
4862,train
27279,train
13303,train
4511,train
13663,train
3651,train
16108,train
14640,train
21173,train
33799,train
8442,train
7983,train
8641,train
30515,train
22779,train
36987,train
7795,train
26160,train
14832,train
23714,train
5155,train
13155,train
36469,train
39039,train
6245,train
19912,train
19960,train
19061,train
20719,train
8835,train
31812,train
17287,train
9032,train
9461,train
9310,train
35356,train
3802,train
39187,train
8745,train
28553,train
3841,train
3050,train
8916,train
35229,train
27036,train
8893,train
37601,train
24204,train
26478,train
2458,train
14436,train
5861,train
9410,train
9630,train
25476,train
3816,train
27644,train
3949,train
33691,train
34459,train
4680,train
33266,train
19282,train
21441,train
19094,train
32415,train
26036,train
33696,train
38437,train
22365,train
22856,train
33880,train
7841,train
25114,train
11260,train
10194,train
8052,train
18201,train
7590,train
20394,train
17720,train
39306,train
5280,train
37003,train
33262,train
31327,train
39052,train
2590,train
17580,train
28376,train
8478,train
2046,train
31655,train
13456,train
23529,train
11310,train
30307,train
15851,train
1460,train
19958,train
22370,train
36325,train
12386,train
10691,train
33998,train
19417,train
30677,train
20440,train
10201,train
25164,train
15622,train
4371,train
8776,train
2282,train
39317,train
9559,train
1763,train
22852,train
10722,train
17360,train
36052,train
26576,train
33505,train
21683,train
14924,train
37268,train
10210,train
2452,train
30716,train
30308,train
20338,train
12555,train
199,train
35455,train
21897,train
10655,train
103,train
16408,train
24130,train
8224,train
9428,train
34228,train
2667,train
36911,train
20368,train
32734,train
37918,train
20742,train
20981,train
473,train
38891,train
22105,train
14332,train
6134,train
4340,train
24127,train
37580,train
6773,train
16911,train
29920,train
25578,train
10154,train
17956,train
14485,train
23849,train
35111,train
22422,train
14188,train
4949,train
34028,train
16246,train
6897,train
9972,train
1243,train
2794,train
37679,train
13653,train
20835,train
9808,train
22290,train
36079,train
3148,train
23723,train
38044,train
4734,train
19722,train
32932,train
5901,train
36117,train
11203,train
38979,train
20901,train
28814,train
6761,train
9046,train
25405,train
36321,train
12477,train
19964,train
12918,train
16312,train
22503,train
1568,train
38686,train
17578,train
10551,train
24755,train
15010,train
32472,train
8275,train
26165,train
2135,train
29402,train
35210,train
33793,train
17843,train
34571,train
39166,train
37955,train
22732,train
5510,train
8610,train
21581,train
34506,train
10850,train
1090,train
15533,train
21126,train
24839,train
29425,train
20482,train
35143,train
16450,train
39030,train
12501,train
10812,train
37881,train
7903,train
18584,train
15025,train
19313,train
24651,train
811,train
36757,train
12876,train
5302,train
11829,train
10312,train
22274,train
36563,train
16842,train
17080,train
25026,train
21227,train
33965,train
52,train
32067,train
2063,train
2613,train
30094,train
37956,train
9986,train
6173,train
38519,train
2589,train
553,train
9987,train
19140,train
22375,train
39566,train
17126,train
29752,train
28845,train
4746,train
9925,train
39053,train
526,train
15536,train
607,train
5506,train
27564,train
25271,train
10157,train
4001,train
30163,train
33103,train
5698,train
14367,train
32215,train
2790,train
2520,train
493,train
19695,train
22154,train
24329,train
37844,train
22446,train
14896,train
3268,train
35820,train
20201,train
25385,train
6011,train
22848,train
8998,train
3134,train
3794,train
31971,train
16674,train
852,train
21373,train
39411,train
10440,train
6269,train
36690,train
6071,train
16884,train
717,train
21994,train
30645,train
8626,train
29609,train
12903,train
34646,train
18809,train
5537,train
29511,train
8934,train
37886,train
11172,train
24392,train
3561,train
2268,train
32888,train
32586,train
28539,train
24538,train
24481,train
30056,train
6474,train
23679,train
20184,train
28397,train
28570,train
34256,train
5415,train
25659,train
28010,train
35877,train
34920,train
19541,train
4585,train
35358,train
930,train
31229,train
37757,train
24340,train
30627,train
3742,train
38705,train
33786,train
8450,train
9290,train
31570,train
11532,train
21096,train
10674,train
30866,train
13317,train
21564,train
15873,train
22049,train
17065,train
6662,train
16080,train
26284,train
20651,train
5700,train
22016,train
26373,train
35743,train
29141,train
5567,train
6904,train
13407,train
16852,train
20789,train
29650,train
7209,train
6958,train
3945,train
27306,train
10570,train
1719,train
19977,train
22309,train
17207,train
8316,train
39210,train
4073,train
22216,train
28977,train
23841,train
26777,train
11789,train
18338,train
24837,train
36100,train
185,train
23304,train
24342,train
21726,train
36957,train
36841,train
12157,train
7898,train
25661,train
31955,train
38455,train
35420,train
7408,train
17596,train
17593,train
21554,train
19067,train
11089,train
6432,train
14270,train
37981,train
26584,train
37480,train
34086,train
31814,train
13245,train
39474,train
10894,train
13635,train
10179,train
21966,train
31182,train
359,train
31859,train
10181,train
23396,train
14988,train
30612,train
21965,train
21473,train
26522,train
11112,train
37055,train
14964,train
24778,train
39217,train
22974,train
21400,train
38763,train
6004,train
34094,train
28754,train
4591,train
1448,train
16562,train
27016,train
11556,train
29361,train
2166,train
21136,train
5862,train
16479,train
10184,train
3187,train
11774,train
13703,train
20647,train
13,train
23421,train
38932,train
26542,train
246,train
38236,train
19444,train
13745,train
11290,train
587,train
23303,train
32292,train
2379,train
13746,train
33586,train
38733,train
13117,train
10554,train
36831,train
13063,train
27476,train
27927,train
29323,train
28136,train
32208,train
24696,train
28285,train
36781,train
38462,train
10480,train
28402,train
28493,train
34476,train
3947,train
25932,train
1544,train
27100,train
4628,train
30689,train
11142,train
26488,train
9803,train
35073,train
28618,train
37302,train
17024,train
23352,train
17073,train
36605,train
24267,train
1086,train
3674,train
11848,train
16501,train
36208,train
11086,train
21287,train
36376,train
33651,train
15026,train
13584,train
28286,train
23838,train
30476,train
18504,train
8390,train
9238,train
6865,train
23218,train
1635,train
11316,train
31855,train
3502,train
21025,train
20306,train
23425,train
3687,train
5281,train
13336,train
12991,train
18995,train
5904,train
9289,train
39260,train
4031,train
9465,train
22623,train
17462,train
25606,train
35943,train
37557,train
18655,train
14931,train
24036,train
24396,train
8058,train
15374,train
18559,train
17676,train
27367,train
3006,train
39176,train
16021,train
32647,train
11653,train
36890,train
17653,train
37508,train
21772,train
3017,train
16720,train
8001,train
21381,train
16455,train
10398,train
19336,train
31863,train
39468,train
10251,train
25088,train
21958,train
11451,train
18367,train
12793,train
34059,train
37779,train
16013,train
33645,train
18121,train
19442,train
28769,train
35272,train
35677,train
10762,train
35723,train
33152,train
37526,train
20459,train
30453,train
25478,train
31833,train
25328,train
20706,train
31227,train
39614,train
39088,train
28156,train
6305,train
9020,train
27230,train
38177,train
17949,train
28261,train
27299,train
11769,train
22506,train
1952,train
36326,train
36555,train
28417,train
31883,train
5665,train
18745,train
5012,train
31302,train
23092,train
36615,train
29684,train
31213,train
32805,train
19319,train
19064,train
19860,train
19182,train
16822,train
27096,train
16545,train
28468,train
39457,train
37082,train
29223,train
20615,train
14170,train
17430,train
30713,train
31595,train
31712,train
7027,train
23343,train
7336,train
28567,train
15381,train
8229,train
6534,train
27313,train
38345,train
4232,train
15204,train
26276,train
25735,train
4117,train
8619,train
4261,train
7657,train
15364,train
9025,train
31472,train
2470,train
9248,train
16257,train
250,train
33013,train
12408,train
26468,train
38148,train
30817,train
6210,train
16600,train
27871,train
15250,train
6258,train
11991,train
10720,train
1024,train
34847,train
25013,train
11868,train
9578,train
18886,train
1213,train
4831,train
1966,train
21228,train
17101,train
28778,train
6974,train
3743,train
36504,train
27836,train
25565,train
38309,train
36374,train
17726,train
33370,train
7498,train
15801,train
35981,train
5286,train
4291,train
26638,train
30112,train
21042,train
25473,train
24136,train
13782,train
39311,train
33812,train
19733,train
10226,train
37280,train
13974,train
35158,train
13950,train
13364,train
29987,train
10119,train
856,train
19634,train
2310,train
7966,train
2492,train
37908,train
28689,train
38353,train
33987,train
38669,train
34229,train
37450,train
38863,train
4431,train
30295,train
13039,train
10037,train
19324,train
29172,train
12898,train
28258,train
18708,train
8985,train
9436,train
9495,train
35474,train
13127,train
37515,train
3229,train
2931,train
23386,train
27676,train
22193,train
21573,train
34152,train
14752,train
6986,train
425,train
30929,train
36283,train
10818,train
39118,train
60,train
12576,train
5935,train
37867,train
29508,train
19517,train
28459,train
17426,train
14614,train
25813,train
6683,train
10313,train
30763,train
35947,train
39227,train
2150,train
26226,train
5488,train
25227,train
5030,train
20255,train
29245,train
27246,train
9720,train
20222,train
28559,train
37744,train
4290,train
29150,train
27717,train
38222,train
19206,train
1318,train
6859,train
19514,train
24901,train
7087,train
26367,train
35204,train
8220,train
13560,train
31444,train
28750,train
12520,train
2811,train
29445,train
25603,train
20980,train
7877,train
22125,train
18904,train
37686,train
39384,train
30705,train
8649,train
20708,train
38689,train
8452,train
11091,train
35140,train
9295,train
37802,train
9091,train
39252,train
29067,train
3545,train
974,train
518,train
35612,train
15983,train
18184,train
7539,train
23037,train
5635,train
25216,train
10207,train
36964,train
24143,train
18646,train
16121,train
26515,train
25607,train
7676,train
26105,train
18863,train
38614,train
8212,train
34479,train
35392,train
11617,train
1019,train
37553,train
29845,train
12586,train
25557,train
33525,train
22470,train
11427,train
30633,train
12487,train
25908,train
27060,train
4160,train
2637,train
36099,train
33649,train
17787,train
34453,train
15369,train
1572,train
33640,train
34584,train
26492,train
23573,train
20590,train
10189,train
14392,train
9037,train
17608,train
13844,train
32475,train
28410,train
1807,train
16860,train
18533,train
24844,train
18658,train
31817,train
2250,train
8523,train
28324,train
21240,train
15143,train
22944,train
1896,train
36139,train
29699,train
34542,train
22320,train
25231,train
36148,train
11590,train
20021,train
32237,train
1689,train
24476,train
2331,train
20750,train
15585,train
35753,train
9649,train
38115,train
34019,train
15262,train
12428,train
18420,train
18203,train
6089,train
12282,train
8477,train
29216,train
7350,train
3152,train
3711,train
32685,train
13726,train
19341,train
39287,train
11814,train
36328,train
38622,train
2238,train
2519,train
1014,train
7449,train
26315,train
8891,train
35453,train
22612,train
17817,train
38555,train
2482,train
2796,train
2401,train
5606,train
15075,train
11365,train
14867,train
14261,train
18483,train
37607,train
27156,train
4637,train
31601,train
10846,train
32856,train
9828,train
30394,train
32021,train
26847,train
28483,train
26430,train
34064,train
29534,train
8366,train
30563,train
16534,train
33315,train
17981,train
4308,train
17016,train
18788,train
6388,train
38505,train
34025,train
28535,train
18260,train
11628,train
6217,train
33633,train
33775,train
37149,train
36186,train
1861,train
16505,train
28973,train
25029,train
34743,train
1369,train
653,train
32427,train
30771,train
7201,train
24712,train
25387,train
36334,train
17117,train
31417,train
38254,train
37044,train
167,train
11340,train
39179,train
26830,train
14189,train
2139,train
6021,train
10625,train
11014,train
30255,train
30454,train
14699,train
35429,train
2711,train
29043,train
26079,train
7189,train
34509,train
22797,train
37678,train
4808,train
8791,train
35416,train
18676,train
17169,train
35403,train
6181,train
20669,train
9399,train
11857,train
13852,train
37693,train
30203,train
3052,train
23598,train
30404,train
758,train
7072,train
30470,train
9652,train
3484,train
14039,train
11988,train
39254,train
1297,train
29804,train
38883,train
31688,train
30960,train
3358,train
31393,train
38922,train
37197,train
5184,train
15338,train
16439,train
4861,train
842,train
15785,train
1444,train
27545,train
2577,train
14267,train
3321,train
33863,train
19015,train
35029,train
39232,train
2184,train
35613,train
6547,train
10295,train
8161,train
37681,train
9585,train
24182,train
14804,train
37110,train
21014,train
37298,train
17550,train
14984,train
29253,train
17796,train
14094,train
24402,train
10340,train
5515,train
36389,train
23047,train
35435,train
7344,train
6295,train
32589,train
16247,train
37823,train
21864,train
36584,train
35839,train
21470,train
11730,train
37022,train
36508,train
10347,train
8607,train
6740,train
17138,train
5551,train
20124,train
12811,train
5051,train
7443,train
5078,train
37554,train
29523,train
24570,train
17812,train
13204,train
12119,train
16587,train
10326,train
6415,train
20748,train
24099,train
32495,train
38257,train
35153,train
13044,train
19040,train
23548,train
21267,train
3200,train
28741,train
21258,train
10916,train
4178,train
13354,train
5775,train
13157,train
6846,train
36009,train
32110,train
36519,train
8364,train
12455,train
9549,train
12810,train
37975,train
33686,train
35645,train
34026,train
23927,train
3062,train
14713,train
7703,train
34263,train
12450,train
25880,train
2549,train
410,train
22469,train
2708,train
28654,train
21066,train
15605,train
24954,train
16951,train
31689,train
9065,train
22702,train
2965,train
2532,train
8,train
36095,train
38017,train
33927,train
17815,train
7768,train
26570,train
15865,train
11247,train
11220,train
35132,train
6278,train
28038,train
31552,train
3902,train
11023,train
5233,train
25437,train
12218,train
28180,train
34061,train
22044,train
18914,train
32946,train
2676,train
23056,train
37386,train
23858,train
3938,train
2014,train
7718,train
23409,train
12739,train
9459,train
15422,train
3697,train
15586,train
37071,train
35573,train
10775,train
14583,train
30225,train
19762,train
5300,train
24024,train
30246,train
13140,train
3587,train
16256,train
26923,train
6782,train
18158,train
29886,train
30239,train
827,train
29462,train
33883,train
27394,train
16948,train
26289,train
34113,train
36406,train
8287,train
29802,train
26466,train
17735,train
24875,train
20155,train
32077,train
16563,train
31530,train
19018,train
5110,train
15178,train
13284,train
14934,train
28111,train
37478,train
24672,train
30140,train
17823,train
10808,train
10913,train
20336,train
27292,train
641,train
35176,train
188,train
22903,train
29986,train
9847,train
37990,train
4970,train
5388,train
20337,train
1147,train
17483,train
8759,train
36043,train
3752,train
20581,train
24016,train
34685,train
9999,train
4603,train
12235,train
32290,train
10514,train
6117,train
18609,train
32293,train
21630,train
13351,train
36050,train
17347,train
29179,train
10241,train
21863,train
10816,train
33372,train
20574,train
8931,train
34687,train
34626,train
30758,train
12554,train
33045,train
34878,train
16342,train
13369,train
20517,train
12889,train
34976,train
25863,train
7486,train
33003,train
5218,train
16610,train
21024,train
33171,train
30311,train
35676,train
27973,train
33179,train
29862,train
3196,train
12246,train
15281,train
10937,train
9783,train
2976,train
9456,train
27078,train
8115,train
31500,train
11239,train
11338,train
5931,train
33414,train
13298,train
21961,train
36150,train
16187,train
18323,train
20641,train
3205,train
593,train
6523,train
30592,train
38829,train
26896,train
30779,train
10074,train
27651,train
22008,train
25882,train
15504,train
27810,train
14493,train
8630,train
18763,train
21007,train
37797,train
9633,train
5917,train
33386,train
20373,train
36884,train
23420,train
308,train
2304,train
23688,train
22556,train
12410,train
19751,train
9429,train
4167,train
20082,train
7921,train
8377,train
878,train
36477,train
36404,train
30474,train
17879,train
10423,train
25938,train
8226,train
9896,train
35299,train
28383,train
30850,train
32751,train
8792,train
12004,train
19955,train
17514,train
23520,train
24764,train
6984,train
35627,train
26535,train
37479,train
23814,train
17310,train
22637,train
30064,train
17920,train
32878,train
35985,train
6678,train
12375,train
27558,train
18882,train
15389,train
30451,train
9515,train
38031,train
16103,train
21780,train
22895,train
18328,train
18832,train
22175,train
14313,train
2693,train
12661,train
8721,train
14704,train
1679,train
7367,train
35675,train
2195,train
20432,train
30964,train
7132,train
23365,train
10745,train
32371,train
26883,train
7195,train
28202,train
35815,train
32501,train
19614,train
15544,train
6672,train
16115,train
2850,train
17380,train
17411,train
31926,train
21047,train
29123,train
36767,train
34739,train
31491,train
37460,train
4735,train
15648,train
16666,train
33443,train
9897,train
39100,train
22134,train
30986,train
28993,train
34549,train
12585,train
4382,train
11732,train
27640,train
5035,train
11388,train
34412,train
21988,train
3203,train
32693,train
24272,train
39195,train
29221,train
9929,train
36901,train
497,train
6494,train
32637,train
31718,train
17707,train
20241,train
13573,train
5653,train
8816,train
32439,train
38918,train
38322,train
33698,train
34975,train
33628,train
14811,train
13347,train
26735,train
19159,train
7442,train
11485,train
6928,train
19988,train
7370,train
35797,train
2386,train
17487,train
6829,train
6515,train
11856,train
16460,train
14241,train
11595,train
13976,train
18418,train
26026,train
35768,train
22553,train
6996,train
300,train
32581,train
8740,train
16985,train
28396,train
36062,train
38078,train
18271,train
20746,train
27967,train
28333,train
25746,train
11304,train
16679,train
33491,train
16748,train
2609,train
26107,train
30970,train
11550,train
7282,train
5908,train
4349,train
37295,train
1985,train
24234,train
19989,train
10105,train
25359,train
32938,train
3495,train
18245,train
6179,train
23844,train
23032,train
14953,train
33758,train
186,train
34728,train
1028,train
39084,train
28171,train
3680,train
20634,train
27081,train
582,train
36385,train
15375,train
3812,train
28145,train
5289,train
24170,train
21167,train
33286,train
17858,train
6202,train
30578,train
17466,train
31040,train
34379,train
32961,train
6571,train
26808,train
12899,train
10478,train
1843,train
21181,train
3950,train
26177,train
9336,train
31462,train
35359,train
36821,train
7562,train
39502,train
6574,train
24858,train
25377,train
9300,train
17967,train
6505,train
31406,train
15469,train
21669,train
14898,train
18806,train
1787,train
6908,train
35749,train
21259,train
30062,train
12663,train
32980,train
32643,train
18542,train
31471,train
9441,train
13509,train
6622,train
10670,train
36513,train
27729,train
17994,train
34269,train
37434,train
3873,train
5978,train
5576,train
30539,train
4776,train
20470,train
5965,train
2260,train
36903,train
15633,train
24930,train
20127,train
28081,train
6512,train
37656,train
3011,train
13543,train
23502,train
8764,train
12053,train
12499,train
36638,train
18057,train
20550,train
15926,train
33558,train
35011,train
12948,train
10984,train
16140,train
5573,train
1177,train
24998,train
5294,train
4859,train
1987,train
5485,train
4848,train
6876,train
36894,train
28044,train
33967,train
10488,train
6502,train
37391,train
17783,train
25550,train
30242,train
1016,train
15251,train
9043,train
2363,train
9284,train
32486,train
37086,train
29960,train
30740,train
22988,train
24072,train
5996,train
16365,train
14089,train
15907,train
13535,train
5271,train
23025,train
31677,train
14536,train
36996,train
23260,train
29690,train
35487,train
9449,train
12276,train
12422,train
21427,train
10784,train
31709,train
39312,train
39075,train
30287,train
15944,train
16112,train
21978,train
35500,train
22679,train
32319,train
12008,train
12849,train
15306,train
31901,train
17558,train
9614,train
8404,train
12489,train
6556,train
36872,train
7600,train
2265,train
4053,train
3943,train
21815,train
23282,train
5777,train
26573,train
17001,train
27232,train
25134,train
9851,train
7715,train
24220,train
24848,train
25669,train
14955,train
12244,train
33780,train
9528,train
18315,train
30856,train
7802,train
97,train
6667,train
17390,train
17623,train
30660,train
17554,train
14552,train
11966,train
26624,train
35289,train
27581,train
20571,train
358,train
8043,train
27735,train
31988,train
8860,train
31283,train
10162,train
35503,train
26084,train
30229,train
27903,train
7550,train
38238,train
15956,train
13459,train
20256,train
35425,train
36411,train
18116,train
14716,train
26708,train
26911,train
180,train
8325,train
31917,train
4434,train
8969,train
4754,train
26588,train
23462,train
4806,train
33025,train
32234,train
37796,train
6447,train
14968,train
7306,train
30639,train
24203,train
29470,train
27412,train
22297,train
35540,train
16459,train
14638,train
36126,train
21199,train
5918,train
13089,train
30373,train
19032,train
34257,train
9211,train
1878,train
6402,train
2087,train
4938,train
34164,train
6227,train
11070,train
33327,train
2895,train
8170,train
57,train
3002,train
16273,train
22369,train
18617,train
36356,train
6749,train
3355,train
18803,train
36088,train
1491,train
17567,train
20287,train
5333,train
13349,train
37949,train
20078,train
9653,train
3184,train
6092,train
34893,train
32770,train
7144,train
6214,train
26323,train
18988,train
34521,train
6115,train
20455,train
8476,train
29066,train
26787,train
31194,train
18953,train
16199,train
25435,train
38908,train
14606,train
3654,train
25737,train
12559,train
30556,train
14997,train
652,train
38465,train
18317,train
24069,train
14458,train
26055,train
26661,train
8319,train
26499,train
9612,train
28992,train
15214,train
38579,train
13115,train
19474,train
34056,train
5890,train
7067,train
35668,train
13165,train
17181,train
8296,train
18545,train
6748,train
31319,train
18113,train
14086,train
1670,train
31143,train
7511,train
13828,train
9584,train
39471,train
3762,train
11557,train
19378,train
22420,train
31431,train
30385,train
7767,train
24365,train
8180,train
14482,train
32338,train
16955,train
2007,train
12637,train
5799,train
10756,train
30475,train
35610,train
25303,train
3469,train
1978,train
28215,train
5990,train
32461,train
25353,train
23556,train
2545,train
33871,train
39073,train
33408,train
2237,train
6629,train
14587,train
35001,train
3079,train
36836,train
25046,train
10085,train
2285,train
12340,train
8505,train
6040,train
32802,train
248,train
31630,train
17157,train
24865,train
24333,train
38719,train
36140,train
28863,train
14620,train
12999,train
2192,train
301,train
33714,train
39514,train
33755,train
21110,train
30351,train
19526,train
19267,train
9574,train
516,train
6396,train
37266,train
5564,train
23558,train
7842,train
1438,train
3116,train
27179,train
26282,train
16915,train
6064,train
20855,train
16623,train
9030,train
19127,train
14105,train
11961,train
15240,train
32362,train
20938,train
18426,train
10324,train
8533,train
6377,train
26809,train
19551,train
17368,train
8989,train
9227,train
1486,train
4767,train
1877,train
8518,train
25799,train
5130,train
12843,train
35026,train
22908,train
6518,train
6600,train
12765,train
15397,train
13386,train
31006,train
21305,train
2462,train
16362,train
6364,train
10223,train
29332,train
33447,train
346,train
23426,train
14150,train
15892,train
15933,train
11021,train
36768,train
36229,train
11790,train
37571,train
6487,train
10888,train
18903,train
31768,train
39153,train
29550,train
12598,train
36611,train
720,train
29215,train
35669,train
24034,train
5613,train
6282,train
21999,train
33084,train
21257,train
38775,train
30534,train
13406,train
20767,train
34108,train
39378,train
28342,train
14946,train
37066,train
11529,train
38367,train
2921,train
26037,train
27578,train
16029,train
32392,train
12652,train
5484,train
13247,train
19755,train
25585,train
30609,train
26617,train
17208,train
8073,train
25337,train
17087,train
23113,train
25373,train
37587,train
5822,train
1581,train
37970,train
4778,train
28679,train
19993,train
18785,train
24196,train
38403,train
28590,train
12671,train
38818,train
7359,train
18830,train
7863,train
24612,train
5161,train
6497,train
18681,train
13742,train
30849,train
6879,train
21939,train
32446,train
17197,train
17802,train
23984,train
32464,train
23088,train
31579,train
28349,train
17678,train
11161,train
22399,train
22397,train
23786,train
11571,train
16286,train
39366,train
34463,train
27136,train
38618,train
28860,train
22374,train
34339,train
977,train
36233,train
18946,train
2832,train
1555,train
3920,train
35246,train
8431,train
27883,train
22472,train
19579,train
20540,train
12725,train
6992,train
23485,train
9411,train
6439,train
28792,train
31432,train
16037,train
3694,train
12979,train
37173,train
21951,train
30772,train
27227,train
27808,train
11475,train
7374,train
39168,train
24642,train
19229,train
7601,train
23821,train
8251,train
33572,train
38141,train
6626,train
13924,train
34512,train
421,train
23871,train
33834,train
9006,train
19306,train
23754,train
13927,train
37964,train
8669,train
9372,train
39460,train
26893,train
30129,train
26919,train
21260,train
3445,train
899,train
15249,train
37878,train
12448,train
9922,train
375,train
13637,train
182,train
4243,train
8691,train
31904,train
29170,train
15174,train
3261,train
17904,train
18967,train
30764,train
7902,train
23157,train
17271,train
5480,train
3280,train
5092,train
32089,train
38977,train
27913,train
33190,train
34662,train
20757,train
10904,train
19096,train
18007,train
27594,train
15142,train
18366,train
23939,train
3300,train
10606,train
21895,train
19301,train
7415,train
13617,train
12220,train
15989,train
33196,train
4030,train
3672,train
10078,train
23405,train
609,train
28325,train
7865,train
26702,train
30284,train
6937,train
7366,train
25334,train
3609,train
11044,train
8597,train
10786,train
6791,train
32086,train
16319,train
4512,train
30535,train
35818,train
32288,train
4864,train
15547,train
1249,train
20314,train
21002,train
18790,train
17946,train
15126,train
15269,train
23660,train
8629,train
9066,train
24979,train
1112,train
26832,train
15328,train
24721,train
35538,train
23880,train
20681,train
20210,train
29806,train
20977,train
3719,train
16196,train
9420,train
17334,train
38147,train
39583,train
19413,train
34204,train
32330,train
38383,train
4614,train
7309,train
33394,train
30864,train
8988,train
33245,train
35087,train
7452,train
22643,train
36779,train
22250,train
35507,train
28520,train
33575,train
2423,train
18529,train
39291,train
5919,train
5175,train
20945,train
16868,train
24586,train
1459,train
21568,train
29063,train
14610,train
14598,train
21802,train
28303,train
14119,train
38040,train
24624,train
20137,train
15612,train
29768,train
8754,train
20441,train
19922,train
9846,train
19093,train
36972,train
32875,train
22454,train
8782,train
29922,train
35020,train
8794,train
37462,train
1853,train
12031,train
9145,train
23182,train
1485,train
37291,train
24453,train
12530,train
18295,train
22514,train
4055,train
25059,train
4908,train
7659,train
16571,train
15974,train
18077,train
6401,train
33223,train
7342,train
14334,train
26503,train
4632,train
23011,train
34196,train
34629,train
18747,train
9013,train
3572,train
30990,train
19468,train
11926,train
11763,train
37221,train
13818,train
13687,train
22347,train
29840,train
30734,train
28419,train
18889,train
26076,train
14010,train
16775,train
1393,train
3240,train
36307,train
4766,train
28255,train
31245,train
3676,train
27618,train
29555,train
26932,train
2326,train
4525,train
31061,train
37751,train
34078,train
29793,train
35072,train
10271,train
21707,train
14311,train
8422,train
26137,train
19531,train
21188,train
37393,train
9214,train
33909,train
14828,train
21671,train
12931,train
38060,train
26562,train
23636,train
34271,train
22485,train
9471,train
2024,train
25330,train
26807,train
12390,train
23431,train
37207,train
24344,train
13307,train
39197,train
25948,train
12259,train
1220,train
11237,train
7298,train
25680,train
39062,train
38106,train
20795,train
16315,train
255,train
4505,train
25660,train
28743,train
22168,train
33080,train
13051,train
26470,train
21598,train
11597,train
9292,train
17730,train
2807,train
38187,train
26067,train
19146,train
30357,train
33765,train
23291,train
20597,train
8327,train
36969,train
1832,train
27399,train
9375,train
3533,train
32349,train
33176,train
23884,train
36905,train
6949,train
16938,train
11562,train
12643,train
35068,train
15912,train
1563,train
5619,train
37539,train
22127,train
16883,train
4407,train
2218,train
25316,train
37610,train
3814,train
15117,train
21716,train
19284,train
29100,train
23222,train
31390,train
6651,train
26514,train
28167,train
3143,train
39440,train
22403,train
20834,train
27066,train
24296,train
32144,train
28290,train
23799,train
35517,train
21873,train
15490,train
13339,train
18671,train
21355,train
10996,train
37963,train
9281,train
17524,train
11483,train
20523,train
28389,train
10177,train
25569,train
36571,train
27371,train
13035,train
38956,train
15429,train
5255,train
2618,train
35203,train
3907,train
4440,train
20475,train
9969,train
443,train
37599,train
20273,train
1899,train
28708,train
35071,train
2280,train
14240,train
7488,train
21064,train
10538,train
31383,train
1504,train
32631,train
19533,train
22644,train
1010,train
4463,train
17096,train
34888,train
26951,train
4622,train
29645,train
22666,train
15322,train
370,train
31315,train
19164,train
6051,train
35182,train
18791,train
2158,train
27092,train
7174,train
30604,train
30214,train
24142,train
20015,train
704,train
21882,train
12541,train
39542,train
36426,train
23075,train
33970,train
38903,train
30387,train
240,train
10464,train
30416,train
16553,train
20887,train
16719,train
10596,train
32385,train
37711,train
23139,train
22221,train
25107,train
37658,train
35195,train
28625,train
30369,train
14058,train
27021,train
18858,train
18361,train
20801,train
6349,train
23330,train
3699,train
30854,train
38289,train
22185,train
3929,train
28017,train
14285,train
3514,train
33284,train
2502,train
32626,train
3810,train
16723,train
37060,train
7221,train
1837,train
9617,train
32890,train
35532,train
27042,train
18727,train
19407,train
1326,train
3175,train
11072,train
4315,train
3234,train
2447,train
33111,train
4899,train
21839,train
6711,train
30536,train
10842,train
30100,train
28486,train
8118,train
22178,train
35411,train
7553,train
23553,train
7817,train
26769,train
16555,train
21689,train
20966,train
31660,train
27569,train
9513,train
2595,train
14091,train
16114,train
2424,train
27225,train
17559,train
28320,train
34844,train
35856,train
20390,train
18670,train
37182,train
26061,train
15247,train
4789,train
9702,train
33474,train
29427,train
10576,train
24301,train
35608,train
21428,train
6378,train
36080,train
26191,train
5842,train
11683,train
38562,train
28234,train
35304,train
5760,train
7999,train
38464,train
29538,train
25762,train
5979,train
3461,train
32218,train
23616,train
16907,train
37535,train
6284,train
24056,train
25617,train
865,train
28718,train
16922,train
28028,train
24971,train
9386,train
4409,train
37114,train
31648,train
28626,train
28200,train
19192,train
20232,train
15405,train
481,train
22609,train
4329,train
14921,train
11082,train
39414,train
20806,train
6852,train
27098,train
12357,train
19401,train
7690,train
20133,train
23748,train
4809,train
23720,train
20060,train
31251,train
24053,train
24155,train
25750,train
27955,train
37294,train
25587,train
31101,train
3635,train
11499,train
35852,train
26614,train
12222,train
22662,train
30469,train
28069,train
3157,train
15367,train
39051,train
38123,train
13986,train
30088,train
23093,train
8399,train
27599,train
22486,train
25494,train
28895,train
11319,train
841,train
21845,train
14824,train
27166,train
25729,train
9998,train
27482,train
7021,train
26292,train
19974,train
32063,train
37472,train
605,train
15949,train
11489,train
39024,train
19660,train
27877,train
16010,train
23167,train
14080,train
9179,train
30344,train
17372,train
20426,train
25772,train
31400,train
7078,train
32564,train
10092,train
38493,train
13302,train
4549,train
16091,train
8453,train
37010,train
32075,train
17708,train
23592,train
10748,train
2521,train
9991,train
38219,train
19629,train
10968,train
13578,train
32395,train
33026,train
36372,train
24115,train
34829,train
29638,train
27938,train
34758,train
37011,train
33356,train
25239,train
18118,train
6111,train
21192,train
18546,train
37474,train
20283,train
7775,train
11674,train
5937,train
9722,train
33907,train
33705,train
3343,train
5148,train
14280,train
22167,train
36395,train
10682,train
33242,train
21471,train
1334,train
4032,train
28949,train
15167,train
406,train
2656,train
21651,train
9996,train
33279,train
22759,train
18202,train
32925,train
21596,train
23552,train
12977,train
33504,train
34328,train
28979,train
12874,train
16509,train
5932,train
37305,train
32737,train
32580,train
5595,train
27528,train
6784,train
23173,train
7756,train
25647,train
11433,train
2936,train
21366,train
13103,train
24990,train
4084,train
19804,train
33064,train
13229,train
4172,train
20300,train
28029,train
34221,train
18082,train
34525,train
16526,train
670,train
34041,train
21497,train
12188,train
21591,train
11458,train
8403,train
33843,train
17121,train
28203,train
17588,train
16285,train
37378,train
23149,train
1490,train
19621,train
29204,train
17389,train
6417,train
30219,train
37573,train
26210,train
30339,train
16019,train
6537,train
34958,train
34517,train
6219,train
23094,train
2005,train
17078,train
28815,train
6882,train
1816,train
33158,train
27957,train
34421,train
8599,train
22468,train
37097,train
35651,train
31613,train
38808,train
38326,train
22073,train
534,train
20786,train
18382,train
17867,train
1875,train
32681,train
24377,train
27416,train
7161,train
31696,train
24239,train
7247,train
31468,train
5419,train
1198,train
22861,train
24381,train
24230,train
10028,train
7135,train
6581,train
29516,train
33276,train
26681,train
24251,train
26949,train
25447,train
32335,train
31758,train
3287,train
20149,train
16923,train
25071,train
32079,train
19274,train
13118,train
35927,train
19406,train
35808,train
6416,train
25058,train
5781,train
7935,train
1149,train
17127,train
15171,train
16805,train
18543,train
23391,train
33797,train
28213,train
24606,train
36924,train
25243,train
21391,train
21055,train
29415,train
22005,train
20893,train
14821,train
9360,train
21015,train
34997,train
37649,train
29959,train
9286,train
38350,train
14575,train
4454,train
4925,train
37756,train
21816,train
20766,train
1497,train
10638,train
16151,train
26597,train
27119,train
14399,train
36704,train
21799,train
34845,train
19849,train
29860,train
23055,train
1784,train
8703,train
15241,train
412,train
34554,train
26841,train
37357,train
34668,train
1808,train
6221,train
35939,train
38853,train
26782,train
14646,train
28548,train
22024,train
6070,train
16531,train
7421,train
26277,train
5202,train
25388,train
39286,train
37655,train
17120,train
5818,train
22421,train
16743,train
37048,train
15177,train
998,train
23590,train
38134,train
17406,train
22693,train
34391,train
677,train
8314,train
14381,train
6507,train
12420,train
35686,train
879,train
31106,train
554,train
9064,train
15359,train
13194,train
37459,train
22071,train
7997,train
39407,train
10963,train
7555,train
29143,train
1644,train
3639,train
22002,train
12145,train
16211,train
21356,train
33601,train
28368,train
21551,train
13915,train
13602,train
21672,train
34670,train
21309,train
22978,train
11045,train
15616,train
5629,train
14786,train
11973,train
22786,train
10273,train
26825,train
7848,train
20997,train
7013,train
29712,train
20316,train
16272,train
7207,train
2804,train
13270,train
2229,train
10261,train
25673,train
27125,train
37569,train
19844,train
35662,train
22855,train
3311,train
37000,train
15615,train
13224,train
18011,train
7762,train
25378,train
8813,train
2269,train
9040,train
124,train
26658,train
29149,train
39405,train
14879,train
37522,train
29737,train
12333,train
8868,train
3725,train
28491,train
16920,train
39189,train
18032,train
1320,train
33030,train
18457,train
14864,train
12315,train
26888,train
9053,train
18071,train
25547,train
29489,train
33894,train
19029,train
2453,train
11495,train
38408,train
11696,train
1650,train
507,train
9254,train
11862,train
38950,train
210,train
4784,train
4521,train
17465,train
30161,train
28627,train
32013,train
8135,train
38195,train
37253,train
26243,train
18192,train
23627,train
4364,train
25342,train
28974,train
19909,train
4733,train
28748,train
27366,train
36942,train
32809,train
32602,train
25824,train
31412,train
17165,train
3332,train
39605,train
26174,train
17351,train
31789,train
28484,train
8830,train
27831,train
2820,train
35728,train
27946,train
31129,train
5939,train
36158,train
3914,train
11567,train
29757,train
26048,train
38066,train
26450,train
16653,train
21937,train
11127,train
35628,train
34402,train
25551,train
27892,train
19836,train
32724,train
19300,train
27010,train
32008,train
17746,train
31368,train
32607,train
2498,train
31054,train
25841,train
22724,train
25665,train
24254,train
13011,train
20529,train
36488,train
6101,train
12069,train
20098,train
23134,train
21585,train
7926,train
3404,train
30753,train
8778,train
22683,train
5534,train
14657,train
29262,train
36575,train
2947,train
7388,train
31549,train
32823,train
22311,train
3028,train
34144,train
35421,train
34966,train
4523,train
7952,train
18633,train
2228,train
6677,train
24407,train
5891,train
27085,train
635,train
38957,train
26637,train
16110,train
21248,train
35831,train
32960,train
18777,train
14681,train
22788,train
19013,train
5991,train
18793,train
2971,train
20809,train
35492,train
6484,train
10245,train
29480,train
37792,train
31554,train
38611,train
22009,train
15854,train
2743,train
19006,train
17851,train
27333,train
11222,train
36817,train
8297,train
2768,train
27384,train
4005,train
34913,train
35536,train
1327,train
31643,train
19457,train
31746,train
33319,train
39360,train
13092,train
11944,train
22665,train
36850,train
16054,train
20794,train
1299,train
184,train
36864,train
15663,train
2695,train
4183,train
37717,train
7332,train
1918,train
8810,train
32755,train
11568,train
20131,train
37210,train
2874,train
33181,train
32400,train
4189,train
22055,train
31656,train
17728,train
16615,train
25205,train
23973,train
32151,train
37718,train
4101,train
8750,train
21763,train
10857,train
22089,train
499,train
16851,train
37690,train
33454,train
19168,train
4393,train
16651,train
8661,train
18061,train
1720,train
39319,train
15179,train
31533,train
22857,train
28453,train
1164,train
9853,train
39536,train
5620,train
28456,train
37172,train
25496,train
15832,train
32434,train
35543,train
23544,train
6671,train
38346,train
21475,train
24246,train
35881,train
29617,train
22726,train
289,train
22224,train
15850,train
13830,train
11098,train
6855,train
11576,train
27188,train
17113,train
29759,train
19727,train
3222,train
14469,train
5006,train
792,train
26111,train
15539,train
23006,train
12043,train
15384,train
35035,train
33467,train
26909,train
24249,train
9558,train
37354,train
18975,train
5880,train
19834,train
38249,train
28776,train
10213,train
12075,train
6631,train
27165,train
2488,train
3936,train
18767,train
29934,train
10584,train
37100,train
28515,train
8993,train
8733,train
18978,train
2167,train
8239,train
7630,train
34716,train
21890,train
33120,train
7894,train
37622,train
28967,train
34474,train
5593,train
36439,train
21770,train
11453,train
21084,train
26261,train
6894,train
23545,train
20490,train
20603,train
27716,train
29554,train
20687,train
15045,train
387,train
28605,train
22822,train
2444,train
30372,train
2533,train
18604,train
34242,train
15163,train
16204,train
12040,train
25572,train
12442,train
8653,train
21509,train
22881,train
15005,train
1890,train
10397,train
1407,train
24424,train
27911,train
28345,train
3923,train
590,train
19228,train
18776,train
34927,train
36073,train
26641,train
26640,train
5157,train
25677,train
20633,train
11067,train
23051,train
33404,train
30981,train
22026,train
25751,train
16193,train
18200,train
1192,train
37974,train
18075,train
20271,train
16399,train
18702,train
4466,train
16758,train
15140,train
35884,train
24959,train
3554,train
33688,train
19059,train
27752,train
35041,train
25869,train
6112,train
27397,train
28187,train
33109,train
28783,train
23508,train
20608,train
34754,train
17529,train
6942,train
23231,train
8320,train
5811,train
27228,train
32172,train
13507,train
3032,train
18765,train
8200,train
127,train
816,train
33020,train
21233,train
12538,train
2128,train
15486,train
13017,train
1913,train
30710,train
34176,train
3780,train
6945,train
5225,train
231,train
24736,train
15465,train
25832,train
24259,train
3960,train
2156,train
7056,train
22821,train
23145,train
18526,train
28552,train
6824,train
38753,train
13995,train
36434,train
3774,train
15807,train
418,train
9964,train
20486,train
11642,train
23664,train
13481,train
18875,train
7687,train
34508,train
37432,train
33609,train
30915,train
18368,train
36351,train
162,train
15280,train
10415,train
8756,train
28586,train
21457,train
12187,train
27238,train
25066,train
14711,train
18575,train
20650,train
5548,train
26278,train
904,train
16709,train
10798,train
5378,train
2814,train
36189,train
20596,train
9100,train
6008,train
11875,train
34534,train
8857,train
37531,train
34603,train
34924,train
13078,train
604,train
26880,train
22957,train
37962,train
12709,train
11798,train
9329,train
23140,train
19079,train
32612,train
15478,train
38415,train
27643,train
25173,train
31896,train
12751,train
21081,train
35346,train
22962,train
38,train
26863,train
19263,train
3333,train
34120,train
17387,train
23024,train
6183,train
36291,train
38545,train
5454,train
33174,train
33957,train
15505,train
22709,train
22981,train
36111,train
27795,train
37873,train
11271,train
22378,train
29052,train
39608,train
27186,train
4484,train
2318,train
18663,train
3878,train
7944,train
27226,train
18505,train
34666,train
38480,train
35504,train
12527,train
36539,train
15412,train
28518,train
39185,train
25987,train
33217,train
20349,train
37579,train
6357,train
35316,train
31848,train
10601,train
31392,train
25200,train
4458,train
32527,train
37804,train
25843,train
37199,train
16787,train
2222,train
24263,train
33054,train
3976,train
39268,train
1015,train
15361,train
25406,train
11739,train
24017,train
34825,train
26689,train
34947,train
35979,train
2827,train
155,train
34660,train
1067,train
15803,train
23954,train
37099,train
34749,train
24951,train
36375,train
25967,train
34775,train
20549,train
6234,train
17010,train
33610,train
3500,train
2374,train
2212,train
30587,train
21398,train
14963,train
38724,train
6080,train
3653,train
2277,train
11886,train
19498,train
17237,train
17304,train
9178,train
32775,train
19433,train
34364,train
35949,train
28249,train
1915,train
9600,train
7252,train
14101,train
24874,train
39600,train
2591,train
4114,train
23891,train
20509,train
14648,train
32341,train
21746,train
18062,train
26139,train
38406,train
3594,train
34093,train
8701,train
29367,train
4983,train
37503,train
37457,train
11266,train
15399,train
30670,train
35018,train
5632,train
36859,train
17162,train
33654,train
10713,train
16000,train
26528,train
36696,train
15839,train
34160,train
22836,train
33226,train
814,train
3842,train
26768,train
23310,train
29122,train
29444,train
18589,train
33269,train
11400,train
20119,train
617,train
11373,train
36159,train
25023,train
1903,train
24663,train
22205,train
2134,train
19134,train
16875,train
35781,train
5726,train
17629,train
25112,train
19949,train
15309,train
10872,train
31772,train
37842,train
21544,train
36658,train
33031,train
11930,train
6541,train
14012,train
20277,train
331,train
5212,train
33264,train
1558,train
14111,train
6994,train
34677,train
33951,train
2959,train
14068,train
33882,train
35470,train
17561,train
8407,train
19296,train
9413,train
25246,train
26717,train
23770,train
34180,train
23268,train
6286,train
22156,train
3641,train
7126,train
32407,train
26794,train
39116,train
16487,train
2193,train
3692,train
36891,train
28392,train
27907,train
19334,train
6804,train
23170,train
12326,train
15628,train
16396,train
17240,train
4444,train
36429,train
16853,train
17019,train
1402,train
4024,train
14359,train
14082,train
1696,train
12638,train
9239,train
34478,train
35853,train
34130,train
24243,train
5526,train
19840,train
23436,train
13978,train
32466,train
8204,train
4977,train
31419,train
30603,train
3439,train
35006,train
18125,train
21367,train
15169,train
9835,train
31965,train
35758,train
24311,train
16632,train
38882,train
37907,train
785,train
23297,train
15460,train
24771,train
5412,train
1266,train
34203,train
36598,train
10057,train
10444,train
12444,train
13329,train
4565,train
9143,train
26577,train
17899,train
33421,train
13720,train
23057,train
10112,train
21183,train
27258,train
30036,train
18755,train
31003,train
31350,train
9125,train
18775,train
1718,train
12301,train
29674,train
11442,train
2620,train
5554,train
24963,train
21324,train
32625,train
36295,train
11678,train
15739,train
24110,train
13955,train
21252,train
37831,train
28278,train
29764,train
25427,train
7951,train
23623,train
6125,train
28172,train
10969,train
6226,train
36770,train
25544,train
4919,train
29874,train
32029,train
14770,train
25069,train
37323,train
4955,train
4935,train
12401,train
34910,train
8494,train
23474,train
35331,train
541,train
1161,train
31034,train
3790,train
461,train
18847,train
26440,train
23076,train
17901,train
36125,train
37052,train
23952,train
27697,train
31623,train
38913,train
3191,train
3828,train
6360,train
1750,train
25320,train
14527,train
26461,train
17646,train
32709,train
31687,train
14799,train
19852,train
33963,train
18220,train
32566,train
3474,train
4586,train
7906,train
30742,train
17544,train
10504,train
36965,train
8815,train
33256,train
27320,train
16746,train
13414,train
24459,train
34383,train
7358,train
29883,train
22980,train
26867,train
26176,train
9070,train
14265,train
15022,train
20001,train
739,train
22742,train
27375,train
17099,train
2217,train
34818,train
18090,train
33992,train
12041,train
14433,train
1055,train
30262,train
16894,train
16703,train
37028,train
30250,train
6428,train
8741,train
3165,train
18142,train
31787,train
16691,train
36197,train
2048,train
32924,train
9576,train
36154,train
32891,train
8557,train
33036,train
16585,train
25542,train
34797,train
35600,train
31198,train
18929,train
13980,train
5837,train
32149,train
8749,train
16030,train
36064,train
1626,train
15601,train
19141,train
33244,train
22409,train
24478,train
21623,train
7244,train
24545,train
31114,train
9518,train
10174,train
18179,train
27473,train
13554,train
5786,train
13952,train
33596,train
23281,train
12752,train
5833,train
25000,train
13094,train
16829,train
25055,train
6479,train
31202,train
15195,train
33783,train
36927,train
23614,train
9257,train
39441,train
37826,train
19843,train
27483,train
35135,train
7257,train
10593,train
11689,train
27382,train
38544,train
15975,train
1436,train
36447,train
28824,train
2847,train
1068,train
23925,train
23620,train
31810,train
11782,train
25962,train
12689,train
11192,train
39637,train
33743,train
36136,train
27527,train
26616,train
8257,train
36709,train
24057,train
17569,train
27209,train
26981,train
26001,train
18452,train
23101,train
601,train
12097,train
27999,train
28575,train
37125,train
21600,train
39125,train
5856,train
39186,train
20638,train
17021,train
21169,train
16837,train
32391,train
9151,train
31313,train
14282,train
34431,train
10337,train
12953,train
20244,train
27164,train
14987,train
14336,train
2908,train
26644,train
29032,train
35915,train
5964,train
10206,train
24173,train
38734,train
38231,train
27621,train
26322,train
11217,train
34312,train
39177,train
9367,train
21016,train
37541,train
4186,train
31619,train
14776,train
33155,train
1964,train
33402,train
1313,train
29594,train
8833,train
18786,train
1120,train
14576,train
6696,train
19820,train
31422,train
37079,train
27392,train
8954,train
35181,train
18885,train
24970,train
19156,train
2244,train
25566,train
7162,train
37667,train
25154,train
15972,train
592,train
25274,train
1470,train
28267,train
21531,train
34218,train
35476,train
3470,train
3129,train
33607,train
16588,train
11235,train
22006,train
36803,train
2335,train
23286,train
19686,train
22896,train
5296,train
16391,train
11074,train
23922,train
7595,train
28034,train
7098,train
7294,train
22448,train
34389,train
39008,train
36553,train
20122,train
2632,train
25048,train
11093,train
5251,train
25684,train
35961,train
22113,train
28831,train
3773,train
26820,train
31204,train
15356,train
17341,train
33068,train
29994,train
19102,train
19178,train
22368,train
17754,train
29304,train
17150,train
885,train
22492,train
25765,train
39121,train
32629,train
26208,train
33850,train
37322,train
22592,train
7617,train
13651,train
36845,train
15591,train
15987,train
39101,train
24416,train
18349,train
17464,train
6493,train
21754,train
36906,train
37915,train
39035,train
13498,train
11725,train
29660,train
33277,train
8972,train
1252,train
21477,train
5503,train
14486,train
169,train
21710,train
33858,train
166,train
30185,train
32786,train
29828,train
22348,train
28481,train
13834,train
21744,train
13322,train
23086,train
12951,train
22588,train
17219,train
27950,train
21760,train
39173,train
1508,train
20996,train
13490,train
33659,train
8859,train
26327,train
38221,train
30675,train
19372,train
10056,train
9746,train
18650,train
29921,train
33323,train
24747,train
9960,train
19936,train
36463,train
36829,train
19943,train
3869,train
23835,train
30251,train
35708,train
29229,train
29324,train
35063,train
17209,train
17914,train
32221,train
22710,train
12524,train
21091,train
35406,train
28865,train
15477,train
27502,train
23732,train
31489,train
38965,train
4660,train
2927,train
34251,train
19841,train
38001,train
10345,train
5074,train
21929,train
9202,train
31905,train
26954,train
12721,train
16411,train
11970,train
33918,train
34414,train
28132,train
14337,train
9501,train
8592,train
648,train
34072,train
29841,train
3271,train
33450,train
15296,train
30898,train
13793,train
11010,train
9582,train
39382,train
36180,train
22019,train
9270,train
29352,train
34996,train
15473,train
33102,train
27962,train
529,train
23709,train
30972,train
3840,train
34054,train
28731,train
9296,train
31342,train
24824,train
25591,train
30784,train
21362,train
16898,train
14731,train
18568,train
20685,train
32087,train
30381,train
1371,train
5277,train
9833,train
23639,train
1480,train
27744,train
11525,train
9500,train
9761,train
36659,train
11950,train
4346,train
37614,train
37989,train
27507,train
36020,train
30733,train
12712,train
34276,train
9937,train
9985,train
14560,train
28373,train
26474,train
33415,train
19234,train
14976,train
32257,train
34174,train
24611,train
33665,train
19915,train
26129,train
38978,train
27684,train
3459,train
27193,train
27705,train
35348,train
21076,train
3746,train
3556,train
5017,train
33760,train
5927,train
22829,train
31929,train
8693,train
33724,train
23967,train
2084,train
22080,train
19986,train
9593,train
35480,train
21725,train
32966,train
12669,train
4098,train
14160,train
18035,train
14735,train
30281,train
18536,train
11207,train
36880,train
6560,train
9889,train
39417,train
9477,train
26833,train
11845,train
20562,train
29887,train
2615,train
37077,train
24238,train
13494,train
13763,train
26196,train
32572,train
26414,train
14724,train
9233,train
26259,train
12955,train
4752,train
35141,train
203,train
13769,train
22068,train
10097,train
525,train
29291,train
30068,train
2011,train
18274,train
13643,train
9258,train
25581,train
32708,train
3928,train
12299,train
5201,train
17942,train
18908,train
14635,train
35354,train
20126,train
31228,train
28435,train
37574,train
10639,train
33859,train
24934,train
31635,train
9373,train
5067,train
39525,train
5808,train
4283,train
25021,train
23005,train
26034,train
27289,train
22586,train
33431,train
21162,train
19176,train
6915,train
37118,train
67,train
38805,train
20643,train
6423,train
15180,train
27897,train
11783,train
23143,train
16718,train
24141,train
11371,train
1577,train
30550,train
35899,train
33675,train
1125,train
34194,train
37455,train
11747,train
22602,train
24700,train
7385,train
34601,train
2077,train
38400,train
10972,train
24909,train
3717,train
18780,train
14312,train
39068,train
14051,train
35243,train
19540,train
25054,train
15599,train
24111,train
10822,train
26356,train
8529,train
27784,train
16954,train
31496,train
27669,train
11294,train
20286,train
1127,train
19827,train
15876,train
8758,train
38385,train
20907,train
30916,train
31125,train
3966,train
25683,train
21170,train
29810,train
35849,train
38625,train
34802,train
3896,train
7158,train
34369,train
34567,train
2500,train
20648,train
16122,train
35279,train
26109,train
23198,train
33470,train
26215,train
34968,train
32344,train
8643,train
11882,train
36267,train
9845,train
35317,train
7820,train
7784,train
3477,train
28864,train
8918,train
19283,train
2472,train
29604,train
2506,train
655,train
32859,train
34570,train
32767,train
32761,train
14702,train
16393,train
12531,train
22920,train
3995,train
12266,train
26846,train
31186,train
18098,train
25426,train
36705,train
22687,train
9516,train
30562,train
35845,train
30074,train
1714,train
5332,train
21270,train
3359,train
31183,train
11799,train
24391,train
22516,train
21768,train
313,train
22109,train
17160,train
27134,train
23587,train
6627,train
9742,train
10698,train
33093,train
33788,train
7855,train
15215,train
29398,train
29704,train
39156,train
23933,train
20988,train
18256,train
14249,train
17661,train
23033,train
37141,train
30555,train
23333,train
11076,train
24900,train
34892,train
35238,train
13534,train
18818,train
35343,train
2180,train
16698,train
28382,train
32452,train
31435,train
12186,train
7883,train
2308,train
22854,train
22839,train
24659,train
21574,train
33683,train
32768,train
4557,train
33588,train
34413,train
39002,train
20451,train
22575,train
29939,train
578,train
10995,train
13539,train
31013,train
4939,train
438,train
37423,train
28909,train
8775,train
12219,train
8834,train
23710,train
29956,train
10331,train
31724,train
8789,train
24616,train
4119,train
25137,train
24595,train
29351,train
28636,train
18560,train
21172,train
9283,train
32868,train
28155,train
4161,train
32600,train
1136,train
9403,train
35371,train
9839,train
33492,train
29646,train
21611,train
34658,train
16458,train
23060,train
22169,train
16176,train
39352,train
6352,train
38761,train
2575,train
12791,train
34621,train
29797,train
27043,train
10852,train
23605,train
34559,train
6781,train
21532,train
25641,train
22181,train
34595,train
26342,train
17947,train
252,train
9400,train
39200,train
36629,train
12110,train
13447,train
21571,train
14565,train
29980,train
23089,train
19987,train
1579,train
24976,train
25109,train
25466,train
27413,train
7411,train
14222,train
2782,train
6778,train
741,train
9383,train
19418,train
39147,train
17022,train
19761,train
18086,train
11317,train
18688,train
34482,train
21776,train
18133,train
3843,train
29006,train
18095,train
21028,train
25577,train
30888,train
27960,train
7047,train
11737,train
7300,train
18414,train
7383,train
31622,train
16252,train
19052,train
10463,train
37157,train
11339,train
29789,train
22048,train
28116,train
18660,train
9230,train
1999,train
15898,train
2105,train
7143,train
37673,train
2914,train
2886,train
6659,train
24002,train
3107,train
10441,train
27326,train
12859,train
5731,train
6983,train
18736,train
27107,train
14567,train
35460,train
8707,train
39229,train
161,train
33809,train
31039,train
27278,train
28893,train
11528,train
11673,train
22832,train
20783,train
17612,train
11347,train
26136,train
6900,train
23295,train
21868,train
6767,train
9725,train
21388,train
33808,train
37192,train
35200,train
3955,train
2995,train
26664,train
32183,train
24982,train
17490,train
22116,train
9220,train
2828,train
29766,train
20378,train
39508,train
29751,train
2004,train
20498,train
39076,train
33729,train
6536,train
27354,train
39213,train
26121,train
12729,train
12566,train
9370,train
1653,train
39482,train
1770,train
4052,train
16109,train
207,train
2582,train
19464,train
7705,train
27041,train
30360,train
16375,train
32897,train
26620,train
2894,train
8006,train
1033,train
9589,train
24413,train
753,train
35574,train
31495,train
24594,train
35252,train
12919,train
29711,train
11663,train
2958,train
7519,train
3181,train
14813,train
1465,train
26214,train
27029,train
27264,train
23575,train
263,train
5063,train
30410,train
30656,train
38245,train
19073,train
3251,train
28945,train
33321,train
7220,train
5174,train
38485,train
1464,train
26491,train
20747,train
30879,train
7000,train
22400,train
29346,train
22774,train
13925,train
24122,train
34708,train
3376,train
21220,train
18538,train
5365,train
25870,train
8939,train
14038,train
13762,train
6839,train
16429,train
20776,train
36492,train
1887,train
25536,train
34098,train
37685,train
8499,train
16603,train
17820,train
947,train
17973,train
9527,train
9756,train
10254,train
32930,train
4572,train
36084,train
14325,train
39277,train
37176,train
21476,train
6635,train
8634,train
28942,train
7655,train
38773,train
17757,train
6065,train
50,train
16577,train
5621,train
24855,train
9711,train
3553,train
4874,train
9088,train
6163,train
2281,train
28566,train
38646,train
3402,train
32861,train
26426,train
6533,train
3308,train
31370,train
37654,train
34014,train
7179,train
22279,train
37998,train
20518,train
2271,train
36800,train
25304,train
2738,train
22563,train
5955,train
7462,train
11386,train
8645,train
34417,train
3785,train
23972,train
11280,train
36920,train
1367,train
27893,train
5639,train
18458,train
33440,train
34706,train
29457,train
24302,train
15278,train
1907,train
22630,train
35790,train
19669,train
32380,train
37811,train
20410,train
37152,train
21163,train
18734,train
26044,train
36639,train
9262,train
15661,train
34939,train
39057,train
13482,train
27011,train
9001,train
35665,train
147,train
8814,train
26329,train
29475,train
27812,train
13248,train
4272,train
32759,train
19430,train
4961,train
36381,train
11916,train
36235,train
36714,train
3063,train
269,train
30770,train
19479,train
29769,train
27571,train
22015,train
22909,train
3704,train
23229,train
374,train
5915,train
6836,train
36549,train
3245,train
31421,train
4554,train
37691,train
39259,train
15302,train
13040,train
10263,train
14489,train
27352,train
2078,train
33802,train
11444,train
35031,train
33137,train
26120,train
16215,train
18611,train
8062,train
2943,train
7469,train
16398,train
14158,train
6141,train
26596,train
3846,train
21660,train
7454,train
13341,train
36725,train
8197,train
13714,train
10465,train
22190,train
908,train
36561,train
37972,train
17579,train
772,train
32322,train
6807,train
23853,train
12125,train
38662,train
36306,train
11405,train
21960,train
32345,train
32321,train
16462,train
23533,train
27217,train
36297,train
6314,train
37408,train
34077,train
37589,train
22626,train
9330,train
19542,train
3845,train
35516,train
21906,train
1122,train
15858,train
11154,train
22902,train
4298,train
17855,train
11407,train
30875,train
20931,train
18161,train
15048,train
18594,train
28114,train
11289,train
11474,train
10988,train
25050,train
17306,train
1511,train
35467,train
18153,train
24276,train
17865,train
18668,train
15509,train
18632,train
8578,train
13385,train
17179,train
3383,train
9954,train
23846,train
10980,train
1105,train
37274,train
17294,train
28016,train
5987,train
37784,train
32816,train
10020,train
34934,train
15111,train
10329,train
12243,train
10875,train
16197,train
8137,train
19388,train
38344,train
17083,train
34234,train
20710,train
37731,train
7560,train
12968,train
15882,train
29372,train
32115,train
3479,train
7273,train
18528,train
3625,train
7658,train
1603,train
11238,train
2264,train
35506,train
14308,train
5297,train
23020,train
38563,train
20267,train
3519,train
13680,train
23730,train
23325,train
2175,train
31664,train
4502,train
29689,train
29653,train
16680,train
13335,train
27389,train
9758,train
8154,train
31892,train
18211,train
39443,train
32857,train
27026,train
639,train
13883,train
36954,train
14065,train
12670,train
12177,train
29035,train
33272,train
23978,train
8163,train
35329,train
10227,train
31520,train
23069,train
39157,train
2536,train
10777,train
10376,train
12967,train
29631,train
31144,train
2362,train
23669,train
34323,train
20756,train
29581,train
13403,train
194,train
32571,train
13130,train
3940,train
31756,train
37870,train
16667,train
12232,train
23415,train
3208,train
5701,train
33021,train
31272,train
10425,train
9743,train
32769,train
9199,train
12543,train
7624,train
5090,train
14878,train
6255,train
34439,train
36736,train
27902,train
19678,train
4546,train
31819,train
27308,train
24786,train
23156,train
4922,train
37372,train
10559,train
5829,train
10204,train
37628,train
20289,train
11742,train
38325,train
6229,train
9533,train
21537,train
29107,train
6643,train
25451,train
20181,train
10334,train
39106,train
8561,train
7218,train
14999,train
8025,train
9806,train
3084,train
13156,train
17371,train
4604,train
36192,train
11129,train
39341,train
16282,train
5721,train
22684,train
19299,train
33099,train
19060,train
19169,train
13378,train
33473,train
12498,train
15808,train
32066,train
11384,train
28767,train
781,train
2501,train
18683,train
23482,train
17416,train
25443,train
12630,train
7737,train
39531,train
18001,train
11414,train
35874,train
21604,train
19766,train
32634,train
13851,train
39158,train
25596,train
27718,train
5668,train
23048,train
30786,train
18337,train
2873,train
1774,train
4530,train
32827,train
24856,train
5154,train
34425,train
27789,train
17832,train
15034,train
12870,train
38915,train
28246,train
32899,train
15587,train
27958,train
1909,train
23316,train
2459,train
37588,train
3051,train
30803,train
30345,train
29264,train
15066,train
10403,train
30548,train
20774,train
20734,train
26645,train
28714,train
17577,train
10344,train
32807,train
24662,train
15837,train
13860,train
20030,train
27922,train
13387,train
35520,train
36496,train
22847,train
8744,train
17079,train
14543,train
27753,train
20732,train
29118,train
18783,train
5873,train
36337,train
1659,train
6710,train
9779,train
18582,train
9095,train
2130,train
2643,train
33420,train
326,train
5612,train
24058,train
20785,train
39270,train
27809,train
18826,train
14529,train
28100,train
2661,train
2934,train
22349,train
21131,train
26865,train
6578,train
13493,train
17374,train
29046,train
39392,train
7023,train
7593,train
31943,train
13411,train
23264,train
15353,train
1044,train
9212,train
19735,train
31343,train
26108,train
9910,train
31843,train
31464,train
9983,train
12347,train
8276,train
10060,train
4062,train
1461,train
4223,train
2116,train
15199,train
28822,train
16967,train
8351,train
9625,train
7995,train
2316,train
489,train
24091,train
24214,train
3125,train
5462,train
28634,train
20780,train
9440,train
5076,train
9111,train
1898,train
19588,train
26549,train
28975,train
11115,train
146,train
34215,train
13779,train
38005,train
30208,train
706,train
35407,train
14719,train
30995,train
3009,train
29863,train
11039,train
23568,train
26069,train
26875,train
32225,train
39463,train
25964,train
36974,train
3804,train
27775,train
13858,train
37445,train
28591,train
24070,train
19752,train
31829,train
4685,train
16412,train
33456,train
6707,train
17549,train
2091,train
37165,train
8982,train
7122,train
14200,train
6665,train
3299,train
28904,train
21451,train
34281,train
21597,train
24452,train
17335,train
31742,train
25184,train
13100,train
15109,train
32818,train
26408,train
7924,train
30615,train
21758,train
31358,train
37151,train
32635,train
8292,train
4461,train
34855,train
15209,train
13150,train
21224,train
20167,train
9120,train
32474,train
2548,train
32105,train
32836,train
4556,train
20660,train
13557,train
11270,train
5298,train
20976,train
7839,train
33660,train
18716,train
36028,train
16011,train
12606,train
33465,train
32992,train
340,train
11397,train
24894,train
29437,train
3558,train
28816,train
20425,train
13026,train
11513,train
14145,train
17772,train
14234,train
5314,train
13104,train
16527,train
38814,train
24474,train
37738,train
3016,train
14434,train
34079,train
24759,train
6640,train
955,train
13627,train
15524,train
13421,train
28774,train
14476,train
20092,train
16818,train
5834,train
16872,train
21878,train
2867,train
28250,train
18233,train
5654,train
17348,train
8271,train
27199,train
18515,train
26161,train
16324,train
2648,train
1146,train
14356,train
37814,train
11188,train
36740,train
28289,train
20186,train
9642,train
28048,train
33955,train
14275,train
32163,train
2085,train
15259,train
23826,train
18258,train
25375,train
30682,train
25229,train
36698,train
1350,train
1241,train
6790,train
26743,train
16959,train
4687,train
8369,train
11303,train
25020,train
34885,train
12519,train
38164,train
17443,train
16262,train
9827,train
20582,train
5267,train
31692,train
37272,train
9382,train
29854,train
32623,train
29688,train
2942,train
38569,train
9146,train
14183,train
15961,train
24274,train
37363,train
14530,train
9323,train
22501,train
30072,train
17590,train
18449,train
2038,train
25195,train
5647,train
20838,train
9571,train
34842,train
13771,train
37549,train
32155,train
27261,train
13634,train
22123,train
37818,train
33243,train
34935,train
24562,train
28067,train
26501,train
14871,train
37905,train
37115,train
9408,train
33769,train
18766,train
33185,train
21779,train
31048,train
28608,train
19461,train
17642,train
11333,train
25810,train
22812,train
2712,train
28621,train
39294,train
12921,train
26451,train
31011,train
9728,train
19311,train
10043,train
22217,train
7107,train
321,train
408,train
39159,train
34316,train
30017,train
29403,train
18421,train
22655,train
39110,train
6550,train
37885,train
15947,train
12011,train
18168,train
34161,train
22800,train
34419,train
1051,train
31509,train
10976,train
2329,train
25506,train
33717,train
30157,train
26534,train
35306,train
36805,train
11349,train
13821,train
31141,train
19247,train
29856,train
33727,train
13223,train
27020,train
12007,train
13933,train
21077,train
35595,train
11187,train
32182,train
19217,train
31550,train
30837,train
24504,train
14706,train
12717,train
30218,train
18470,train
17062,train
4294,train
38191,train
10997,train
37701,train
20800,train
15995,train
30544,train
2871,train
11657,train
9689,train
14077,train
19569,train
21913,train
6311,train
25830,train
10,train
25464,train
17474,train
23305,train
29967,train
12168,train
34974,train
1084,train
33189,train
32016,train
25454,train
20875,train
8876,train
27861,train
36913,train
36074,train
34622,train
34790,train
1378,train
7233,train
20625,train
7066,train
18264,train
25933,train
32207,train
25283,train
36542,train
23071,train
8111,train
38127,train
22768,train
13926,train
3939,train
27132,train
26757,train
27793,train
34310,train
3467,train
28287,train
17995,train
20765,train
23299,train
7468,train
39096,train
7648,train
31596,train
18413,train
18770,train
5496,train
24174,train
18135,train
11922,train
14115,train
20807,train
4029,train
20861,train
14518,train
36368,train
9750,train
725,train
26389,train
38360,train
8948,train
22692,train
16701,train
15273,train
26564,train
5425,train
5002,train
21579,train
30974,train
21180,train
2776,train
8858,train
39045,train
31092,train
15060,train
20871,train
21460,train
29504,train
30210,train
8192,train
31335,train
14341,train
8182,train
37075,train
18872,train
17235,train
5689,train
9380,train
2859,train
8933,train
30081,train
29240,train
1922,train
34745,train
17077,train
37747,train
4763,train
10096,train
20344,train
11026,train
33378,train
5421,train
19758,train
17745,train
14229,train
1536,train
37399,train
39623,train
26371,train
28666,train
27145,train
7291,train
27738,train
11197,train
35906,train
9572,train
20579,train
5435,train
38030,train
33342,train
30480,train
3166,train
2622,train
8069,train
22283,train
24500,train
31074,train
13105,train
15699,train
25156,train
30241,train
34714,train
13760,train
21619,train
36498,train
39203,train
16478,train
9490,train
13998,train
19008,train
28159,train
17277,train
29340,train
10038,train
25605,train
26736,train
26887,train
35311,train
4384,train
6786,train
28505,train
15869,train
39395,train
38042,train
25959,train
11353,train
29397,train
34849,train
18692,train
35619,train
33114,train
28238,train
13906,train
14682,train
1815,train
33358,train
34952,train
10372,train
28015,train
35191,train
14644,train
27758,train
15073,train
22589,train
30676,train
24534,train
25162,train
25404,train
34956,train
22268,train
21528,train
1865,train
18913,train
19242,train
26602,train
9029,train
14132,train
22863,train
512,train
22480,train
2630,train
16664,train
27529,train
21160,train
19555,train
35968,train
22206,train
17974,train
11943,train
2364,train
30179,train
37120,train
23965,train
4244,train
31948,train
17383,train
6896,train
11236,train
5938,train
19636,train
6254,train
32862,train
4611,train
688,train
27691,train
10404,train
6146,train
39625,train
36289,train
16045,train
5455,train
79,train
38336,train
9884,train
39418,train
13129,train
9927,train
19380,train
14795,train
22408,train
20129,train
21505,train
32297,train
39492,train
37793,train
7188,train
33873,train
21556,train
26071,train
3420,train
28918,train
22749,train
30783,train
9918,train
11047,train
26305,train
15070,train
26750,train
16389,train
4823,train
30523,train
25924,train
37026,train
6706,train
27541,train
7231,train
7026,train
24027,train
22993,train
9768,train
8761,train
5778,train
14570,train
30244,train
24880,train
17889,train
35439,train
20457,train
28695,train
32587,train
37511,train
76,train
28925,train
8632,train
15701,train
29929,train
29064,train
32773,train
17654,train
5369,train
28704,train
16380,train
23881,train
23704,train
2485,train
12056,train
9177,train
30399,train
15192,train
14365,train
2954,train
21106,train
14373,train
12414,train
5119,train
25838,train
17944,train
20282,train
10161,train
5170,train
20003,train
33824,train
23966,train
30120,train
19465,train
10293,train
13900,train
29958,train
2031,train
33602,train
5634,train
34446,train
17756,train
5684,train
12599,train
23108,train
35454,train
34262,train
11128,train
22041,train
26890,train
29867,train
18454,train
7100,train
6496,train
22964,train
32873,train
4858,train
29136,train
31058,train
28173,train
30840,train
29005,train
21774,train
22930,train
9993,train
25468,train
36930,train
22983,train
8472,train
2291,train
29224,train
21830,train
34879,train
25293,train
27992,train
109,train
7708,train
3305,train
39162,train
29008,train
4199,train
8068,train
2317,train
851,train
8010,train
25651,train
8186,train
10902,train
22036,train
8731,train
39150,train
23096,train
37960,train
18174,train
36354,train
39339,train
32048,train
2086,train
22456,train
1779,train
19842,train
14353,train
15196,train
14679,train
7455,train
9160,train
30377,train
6912,train
29491,train
18255,train
13483,train
3740,train
16904,train
27153,train
13765,train
27956,train
28658,train
21300,train
17866,train
14510,train
28473,train
24387,train
9414,train
8757,train
6012,train
33371,train
24895,train
17635,train
5870,train
20565,train
37251,train
30985,train
8625,train
22264,train
20632,train
25918,train
25230,train
39281,train
22358,train
9498,train
18966,train
25415,train
10466,train
21638,train
34605,train
11853,train
38895,train
33183,train
33047,train
6464,train
15915,train
16778,train
35581,train
11011,train
23319,train
15623,train
12664,train
1618,train
5089,train
29426,train
38791,train
35112,train
17382,train
2539,train
39362,train
27058,train
3247,train
22892,train
16281,train
18979,train
8400,train
9955,train
22130,train
9666,train
28040,train
33067,train
12861,train
35275,train
16466,train
23054,train
37247,train
14874,train
16609,train
20961,train
24030,train
10867,train
7633,train
39097,train
31153,train
24784,train
24412,train
15330,train
13485,train
24972,train
18333,train
30669,train
26975,train
26496,train
29194,train
33530,train
10503,train
35095,train
3220,train
24607,train
21680,train
33534,train
28642,train
1132,train
24649,train
4731,train
13664,train
35150,train
33177,train
11984,train
4004,train
18475,train
13568,train
11096,train
26164,train
723,train
10592,train
10268,train
28601,train
18901,train
15946,train
12297,train
3523,train
28019,train
19756,train
12164,train
27574,train
7627,train
29916,train
13326,train
30993,train
26220,train
5989,train
20833,train
30984,train
12697,train
22525,train
36713,train
9679,train
1107,train
27177,train
29652,train
456,train
31459,train
27704,train
20600,train
22064,train
35563,train
34523,train
19116,train
4727,train
23120,train
24233,train
3154,train
13430,train
29029,train
4656,train
37765,train
7672,train
17285,train
2990,train
26264,train
39351,train
36046,train
10400,train
7565,train
4336,train
37246,train
25218,train
29962,train
12051,train
33469,train
10332,train
6895,train
26621,train
25226,train
37815,train
35537,train
34266,train
27566,train
39586,train
9466,train
10897,train
21480,train
6185,train
11601,train
25402,train
23003,train
1417,train
37335,train
1045,train
26343,train
4241,train
25622,train
14338,train
21644,train
26969,train
24518,train
16061,train
5968,train
10367,train
6317,train
149,train
24733,train
31820,train
761,train
26783,train
34123,train
28508,train
38610,train
30069,train
16212,train
14820,train
15496,train
38723,train
35469,train
31976,train
18446,train
37216,train
21012,train
4048,train
27336,train
15546,train
19261,train
19062,train
24729,train
9418,train
1723,train
26074,train
3056,train
34882,train
15130,train
27448,train
13732,train
26429,train
14411,train
17280,train
26104,train
37263,train
27321,train
27969,train
15008,train
22430,train
1366,train
2636,train
37409,train
19850,train
11611,train
27470,train
27287,train
10978,train
21709,train
22720,train
38085,train
20088,train
33666,train
15040,train
31043,train
29678,train
26321,train
2813,train
34258,train
11361,train
8331,train
16174,train
23527,train
6919,train
6985,train
7697,train
5428,train
24884,train
4395,train
30230,train
10080,train
16658,train
26905,train
1811,train
15578,train
32510,train
11900,train
16423,train
2127,train
21696,train
16057,train
4169,train
20204,train
35908,train
2340,train
33996,train
9476,train
10885,train
6433,train
20502,train
7303,train
15503,train
14745,train
887,train
25675,train
36041,train
4269,train
31033,train
13702,train
698,train
13394,train
29109,train
29021,train
25811,train
10764,train
14840,train
27290,train
27995,train
8150,train
34733,train
10906,train
16320,train
18958,train
34625,train
9879,train
10616,train
15099,train
24,train
4962,train
5545,train
6015,train
711,train
25136,train
2054,train
7695,train
755,train
28252,train
15909,train
24665,train
16146,train
29685,train
37707,train
29515,train
31037,train
35664,train
34987,train
36937,train
8029,train
33811,train
23428,train
38152,train
32276,train
13973,train
3809,train
26293,train
29982,train
13244,train
38688,train
18343,train
22153,train
33887,train
19155,train
30542,train
32402,train
18936,train
19789,train
18905,train
32852,train
17405,train
6253,train
1032,train
28398,train
31187,train
4627,train
2987,train
25670,train
3690,train
12395,train
24795,train
35122,train
19864,train
22085,train
7324,train
27933,train
1600,train
11509,train
14689,train
33555,train
12387,train
15953,train
19327,train
22487,train
11194,train
34993,train
27069,train
3209,train
3442,train
38796,train
5033,train
30009,train
17871,train
15016,train
18762,train
18461,train
21982,train
16127,train
14669,train
38282,train
23964,train
31729,train
16765,train
30912,train
7827,train
9172,train
7073,train
10573,train
31394,train
26404,train
16022,train
23622,train
38502,train
19543,train
23537,train
4429,train
18709,train
12597,train
5482,train
30613,train
2263,train
21365,train
21984,train
11575,train
28644,train
14088,train
15765,train
12377,train
24905,train
15138,train
23449,train
35223,train
38019,train
3431,train
21808,train
27743,train
3988,train
10866,train
10607,train
2700,train
31589,train
32249,train
19979,train
21908,train
15885,train
3458,train
280,train
34527,train
10884,train
21609,train
3110,train
15595,train
6599,train
25371,train
34789,train
39458,train
18879,train
25203,train
35040,train
27798,train
10767,train
37543,train
20049,train
39541,train
14321,train
18109,train
11925,train
14175,train
31897,train
37475,train
33197,train
20200,train
12949,train
17907,train
30900,train
33746,train
6982,train
28573,train
10814,train
8765,train
23463,train
7461,train
431,train
38313,train
29102,train
144,train
24739,train
33510,train
7276,train
7032,train
34371,train
5423,train
5254,train
12578,train
1874,train
37402,train
23240,train
36509,train
31805,train
31920,train
5853,train
770,train
22996,train
14600,train
18209,train
31825,train
39258,train
29817,train
30756,train
21343,train
3111,train
31299,train
13662,train
37945,train
36552,train
26895,train
25044,train
27424,train
30083,train
28738,train
21440,train
7181,train
37893,train
4640,train
33823,train
1955,train
3996,train
31208,train
37096,train
19638,train
30204,train
32933,train
34497,train
14802,train
14650,train
31239,train
11728,train
18735,train
19521,train
2720,train
13292,train
30060,train
1541,train
15481,train
27032,train
32597,train
37160,train
35262,train
7466,train
23410,train
11234,train
7765,train
17706,train
756,train
10410,train
13624,train
2802,train
28846,train
38093,train
38981,train
36471,train
16254,train
4193,train
11905,train
19126,train
15571,train
37916,train
9840,train
38754,train
35324,train
27169,train
31690,train
666,train
26857,train
27276,train
7079,train
9416,train
36652,train
31611,train
19598,train
29931,train
37770,train
34270,train
14236,train
7445,train
28351,train
25543,train
22751,train
35104,train
11432,train
22028,train
13404,train
21198,train
22218,train
11604,train
10388,train
22339,train
10202,train
3912,train
25645,train
13740,train
2571,train
23097,train
37189,train
2900,train
20444,train
10067,train
37205,train
29119,train
7857,train
12126,train
17813,train
23174,train
35973,train
21871,train
21854,train
19426,train
15294,train
22382,train
32152,train
21092,train
17314,train
25126,train
17283,train
17289,train
13981,train
23456,train
38059,train
6147,train
754,train
16945,train
21901,train
25469,train
22954,train
14412,train
32426,train
9745,train
29525,train
16157,train
24258,train
18620,train
10328,train
4109,train
3771,train
12654,train
36304,train
8481,train
27680,train
21971,train
36967,train
6371,train
32313,train
31122,train
23541,train
10825,train
31739,train
24336,train
23716,train
2717,train
12587,train
11645,train
22660,train
20093,train
11100,train
9530,train
32853,train
34748,train
27343,train
28122,train
10378,train
23411,train
20466,train
2706,train
22658,train
14420,train
26381,train
24023,train
11455,train
12488,train
23596,train
36259,train
14653,train
11702,train
5135,train
30257,train
32393,train
29316,train
30022,train
32123,train
20506,train
35586,train
31445,train
2680,train
9054,train
14290,train
37211,train
20066,train
37270,train
9056,train
1713,train
16326,train
9598,train
26486,train
37467,train
29164,train
27472,train
13212,train
5934,train
34602,train
24128,train
17927,train
30016,train
33803,train
9482,train
32788,train
36874,train
2075,train
33547,train
15625,train
8906,train
7971,train
8600,train
2512,train
6551,train
9604,train
28101,train
78,train
10471,train
6715,train
10446,train
1680,train
28606,train
12253,train
24950,train
8434,train
15576,train
22923,train
19236,train
25298,train
9541,train
23336,train
34492,train
12279,train
36665,train
29780,train
15046,train
33353,train
33757,train
36456,train
27745,train
33877,train
19211,train
10833,train
30565,train
21771,train
31565,train
19835,train
26418,train
36342,train
24939,train
26082,train
29347,train
5695,train
14102,train
7916,train
27436,train
35192,train
4218,train
3618,train
31263,train
5191,train
19250,train
32315,train
32733,train
32808,train
35085,train
20398,train
28926,train
4517,train
8591,train
19947,train
35959,train
24291,train
27106,train
19078,train
23349,train
8116,train
30722,train
25835,train
34490,train
12240,train
2369,train
4725,train
22550,train
27817,train
27772,train
19657,train
15114,train
11162,train
37513,train
20583,train
7435,train
29585,train
34682,train
23662,train
26424,train
6337,train
888,train
19053,train
4008,train
32801,train
8345,train
25608,train
24547,train
30444,train
6485,train
11572,train
10432,train
3444,train
6525,train
12283,train
31328,train
22336,train
1401,train
25552,train
30500,train
10673,train
15554,train
22030,train
11755,train
31478,train
18527,train
8471,train
4000,train
13276,train
8537,train
24699,train
11201,train
21349,train
12066,train
30458,train
5285,train
31728,train
37242,train
9592,train
30926,train
12596,train
15965,train
6644,train
19680,train
23124,train
402,train
14048,train
4945,train
26623,train
25978,train
35166,train
15398,train
12667,train
10412,train
8706,train
15030,train
35296,train
37412,train
35738,train
17173,train
25723,train
33849,train
11921,train
30471,train
7338,train
35548,train
16976,train
9799,train
27374,train
27355,train
29297,train
27557,train
14135,train
29232,train
21323,train
18977,train
25481,train
5229,train
5402,train
13222,train
28330,train
5616,train
33209,train
32267,train
33520,train
25294,train
1794,train
3775,train
13512,train
22818,train
17926,train
16636,train
17281,train
8651,train
351,train
13619,train
11181,train
24512,train
5243,train
21041,train
15461,train
32835,train
27441,train
39027,train
37416,train
5713,train
29326,train
15413,train
16804,train
28131,train
8065,train
27526,train
36834,train
1374,train
10357,train
37930,train
27113,train
20700,train
20570,train
30175,train
39108,train
16031,train
12816,train
21422,train
8289,train
2699,train
22808,train
19219,train
23413,train
4318,train
39412,train
3427,train
7792,train
18435,train
14174,train
472,train
12776,train
2490,train
22119,train
15971,train
25752,train
29128,train
7499,train
15868,train
29115,train
30277,train
35465,train
12694,train
30354,train
36204,train
21923,train
24891,train
17072,train
37499,train
16015,train
25516,train
9774,train
35094,train
38650,train
327,train
15967,train
17203,train
16028,train
7055,train
38582,train
38446,train
11281,train
31502,train
32433,train
9073,train
28672,train
12140,train
25611,train
20618,train
1006,train
28054,train
2984,train
13620,train
142,train
10768,train
14994,train
36231,train
34504,train
37365,train
9124,train
34864,train
4695,train
34468,train
38391,train
4091,train
26045,train
1530,train
4177,train
15067,train
31816,train
25132,train
24517,train
37452,train
32456,train
18094,train
24983,train
27256,train
19656,train
31385,train
8686,train
18381,train
32140,train
25175,train
11352,train
22284,train
2531,train
960,train
66,train
2709,train
35554,train
10804,train
35033,train
18665,train
28866,train
11323,train
24498,train
19051,train
6239,train
17479,train
10343,train
18493,train
34948,train
19537,train
33265,train
34396,train
3608,train
17291,train
20739,train
30921,train
35596,train
35804,train
25558,train
6243,train
31907,train
36788,train
11005,train
18012,train
37625,train
29414,train
38640,train
28607,train
35091,train
5788,train
7355,train
24728,train
33374,train
15948,train
4080,train
29468,train
18351,train
11468,train
35998,train
27864,train
15103,train
3722,train
1712,train
28939,train
28150,train
17941,train
22772,train
37833,train
18970,train
27674,train
25104,train
19578,train
25122,train
5720,train
13234,train
29236,train
3306,train
11012,train
34409,train
30745,train
16386,train
32964,train
5983,train
31402,train
24569,train
25352,train
36671,train
29575,train
14389,train
33019,train
6331,train
12115,train
20407,train
10414,train
10905,train
29463,train
35898,train
28275,train
20252,train
19072,train
29376,train
23923,train
7996,train
2798,train
27118,train
17295,train
11815,train
17323,train
23263,train
35462,train
18606,train
21125,train
31374,train
9926,train
27699,train
17480,train
32479,train
30901,train
233,train
898,train
12278,train
28237,train
8847,train
38550,train
32928,train
14602,train
36617,train
8394,train
34097,train
19567,train
12521,train
1595,train
7119,train
17164,train
35198,train
35752,train
3962,train
3480,train
35567,train
26010,train
11233,train
4246,train
37781,train
17248,train
36595,train
30673,train
21499,train
1172,train
28090,train
16612,train
4555,train
8979,train
7241,train
17675,train
15039,train
14090,train
22924,train
31770,train
23787,train
14647,train
20112,train
8863,train
22594,train
7448,train
24796,train
35976,train
28313,train
11417,train
12447,train
16712,train
16,train
31100,train
36210,train
15093,train
38620,train
18756,train
31219,train
13057,train
38414,train
31754,train
26569,train
31673,train
858,train
26674,train
8053,train
25477,train
36533,train
12380,train
24095,train
23050,train
5210,train
6796,train
6955,train
7726,train
1235,train
36000,train
17674,train
34012,train
15632,train
20788,train
6341,train
28523,train
38036,train
13571,train
6544,train
5058,train
20982,train
20048,train
7502,train
26591,train
35854,train
28432,train
3395,train
18358,train
27723,train
36622,train
29086,train
20079,train
23890,train
29116,train
20143,train
18659,train
8188,train
28705,train
36044,train
14695,train
31244,train
39169,train
12753,train
21453,train
28411,train
25640,train
23874,train
12012,train
38272,train
21850,train
35553,train
5648,train
14118,train
3645,train
9390,train
3072,train
38912,train
6060,train
2719,train
9340,train
32583,train
2775,train
9328,train
18696,train
28639,train
28835,train
34377,train
36242,train
1682,train
20954,train
22419,train
11715,train
4011,train
14511,train
15145,train
19387,train
34018,train
26874,train
25347,train
26770,train
14769,train
3425,train
2795,train
27693,train
17583,train
3897,train
35682,train
20512,train
20090,train
30278,train
7649,train
35942,train
10680,train
6386,train
25285,train
26028,train
33324,train
5866,train
22204,train
30931,train
26007,train
23046,train
10485,train
1943,train
32702,train
4013,train
31534,train
9961,train
12884,train
19356,train
24457,train
16692,train
39353,train
1705,train
23152,train
28439,train
23756,train
19725,train
30350,train
17589,train
25108,train
21552,train
22091,train
4885,train
14747,train
25270,train
34856,train
13964,train
18165,train
13489,train
36346,train
37084,train
23561,train
22070,train
3908,train
24074,train
9655,train
39597,train
4129,train
17481,train
17856,train
31112,train
10339,train
4150,train
39072,train
27127,train
1630,train
339,train
2496,train
29818,train
31329,train
22406,train
15729,train
15999,train
33735,train
13716,train
6270,train
27491,train
31349,train
31380,train
12084,train
31333,train
7331,train
4256,train
18445,train
18591,train
28873,train
16263,train
35711,train
18834,train
38255,train
26405,train
11793,train
9454,train
19439,train
11625,train
7112,train
36807,train
36762,train
31059,train
22535,train
33789,train
17071,train
31762,train
23650,train
4096,train
2297,train
10087,train
18093,train
29657,train
17801,train
5396,train
36179,train
24181,train
33318,train
30146,train
24633,train
17683,train
16626,train
18060,train
20166,train
2755,train
36113,train
39215,train
29506,train
22266,train
10566,train
5295,train
13495,train
20456,train
16237,train
33790,train
10882,train
3595,train
33398,train
18444,train
28033,train
19817,train
23503,train
35046,train
19396,train
108,train
15037,train
39564,train
7483,train
945,train
11378,train
22278,train
24775,train
17891,train
9163,train
27936,train
29155,train
13928,train
32023,train
34904,train
16635,train
13711,train
29418,train
13186,train
39141,train
3777,train
9815,train
7420,train
23380,train
13275,train
37884,train
17263,train
27725,train
28717,train
5137,train
11983,train
39354,train
29933,train
39559,train
14100,train
20442,train
27008,train
4643,train
14127,train
16768,train
34540,train
26761,train
1204,train
6211,train
9288,train
27478,train
24637,train
19661,train
8242,train
39310,train
1240,train
25064,train
35408,train
30224,train
8261,train
6606,train
7522,train
1265,train
5326,train
28665,train
36218,train
10835,train
2878,train
22294,train
935,train
6976,train
21781,train
12234,train
33878,train
29196,train
5325,train
993,train
12515,train
3994,train
465,train
1761,train
34172,train
15320,train
17790,train
8355,train
24559,train
28593,train
33360,train
15373,train
1002,train
11700,train
6238,train
12743,train
14417,train
9377,train
6909,train
35508,train
29787,train
21872,train
7651,train
19030,train
365,train
37519,train
5809,train
38513,train
26706,train
4709,train
35872,train
6998,train
14721,train
4879,train
38809,train
26369,train
16143,train
34702,train
4708,train
12206,train
8551,train
18631,train
22038,train
27800,train
3724,train
3526,train
20439,train
17358,train
25984,train
36261,train
18330,train
32493,train
38954,train
8702,train
37887,train
20031,train
11170,train
29015,train
37282,train
16390,train
4534,train
1841,train
1517,train
17986,train
16820,train
31558,train
7229,train
26131,train
29760,train
11230,train
8304,train
6413,train
872,train
23389,train
26056,train
6257,train
490,train
39269,train
37931,train
32592,train
22995,train
32116,train
8117,train
23944,train
27064,train
24235,train
24241,train
11214,train
34747,train
32312,train
19071,train
11494,train
34043,train
11165,train
6240,train
11765,train
27094,train
2378,train
29825,train
19839,train
33912,train
4482,train
9364,train
33682,train
21202,train
28021,train
4615,train
27035,train
27635,train
30411,train
16139,train
10231,train
19583,train
10520,train
25015,train
36975,train
2544,train
20311,train
3905,train
30642,train
27944,train
35162,train
11676,train
15326,train
4647,train
38699,train
27603,train
29292,train
23737,train
27764,train
3917,train
4929,train
21637,train
22877,train
31642,train
1792,train
19933,train
20109,train
22801,train
37608,train
14408,train
12595,train
4402,train
4357,train
31409,train
11975,train
28327,train
25482,train
11759,train
12369,train
18900,train
4180,train
34986,train
25630,train
2287,train
30402,train
30519,train
29882,train
12686,train
28638,train
12360,train
12304,train
34933,train
12273,train
692,train
28235,train
9635,train
29870,train
18796,train
5732,train
2697,train
26091,train
10036,train
24945,train
29187,train
27605,train
21337,train
11607,train
4211,train
39635,train
14768,train
24564,train
31364,train
3660,train
33679,train
21104,train
16217,train
21174,train
17352,train
5662,train
4691,train
16532,train
12885,train
34587,train
11692,train
6789,train
17631,train
20433,train
13320,train
15378,train
14775,train
848,train
15499,train
4930,train
9060,train
38793,train
11939,train
979,train
11035,train
4958,train
33920,train
19287,train
5182,train
36856,train
7733,train
6264,train
33922,train
36786,train
32020,train
37723,train
22953,train
32849,train
36522,train
5447,train
6579,train
33006,train
27005,train
23430,train
39616,train
20247,train
6738,train
20920,train
12632,train
19791,train
14762,train
26497,train
32833,train
30905,train
11522,train
15510,train
34870,train
16838,train
5134,train
3132,train
1145,train
37116,train
12137,train
20696,train
1362,train
12019,train
1099,train
27874,train
34337,train
1381,train
8883,train
16764,train
26298,train
35103,train
13295,train
5240,train
5356,train
5532,train
13166,train
5346,train
14838,train
16502,train
14715,train
22129,train
17912,train
37194,train
10677,train
20993,train
13033,train
7678,train
37682,train
31,train
38434,train
33237,train
10806,train
36673,train
8566,train
7505,train
38259,train
32261,train
38713,train
6717,train
7922,train
12934,train
37072,train
12995,train
28710,train
23876,train
18772,train
10516,train
5403,train
6531,train
24006,train
2715,train
11447,train
420,train
19507,train
24591,train
25214,train
26049,train
7396,train
9821,train
3183,train
16645,train
19473,train
35539,train
15512,train
948,train
24711,train
26126,train
5386,train
2186,train
26299,train
38811,train
32040,train
32821,train
33710,train
26636,train
27079,train
30666,train
16370,train
16779,train
17002,train
16606,train
13254,train
7436,train
5826,train
18626,train
33471,train
18129,train
3327,train
30793,train
6901,train
37429,train
27592,train
20359,train
4367,train
16960,train
10156,train
14125,train
13079,train
10622,train
36813,train
23885,train
12179,train
15370,train
38572,train
20110,train
29288,train
19423,train
7625,train
30804,train
27395,train
38998,train
37349,train
10965,train
22533,train
1833,train
7689,train
13604,train
16323,train
8920,train
13467,train
2801,train
6279,train
4020,train
38165,train
36728,train
36693,train
19084,train
3089,train
26467,train
16536,train
25523,train
1617,train
31523,train
24454,train
2920,train
11346,train
34688,train
22809,train
7004,train
20889,train
20024,train
16839,train
36072,train
3339,train
24991,train
17206,train
27122,train
22598,train
17763,train
24805,train
24779,train
36812,train
38890,train
37313,train
25600,train
4165,train
15656,train
20123,train
6553,train
10165,train
23747,train
35868,train
11659,train
27681,train
30076,train
16652,train
33715,train
30184,train
38423,train
33982,train
15321,train
38470,train
20528,train
18856,train
21964,train
3136,train
19676,train
11318,train
2467,train
11428,train
11648,train
10004,train
4863,train
31397,train
1707,train
25906,train
31117,train
19390,train
22440,train
14324,train
8187,train
15736,train
21333,train
22455,train
10652,train
23296,train
11792,train
14271,train
37299,train
30908,train
17520,train
15133,train
38836,train
18268,train
7776,train
23870,train
39086,train
12548,train
38935,train
7403,train
36145,train
33821,train
6780,train
1189,train
25010,train
27535,train
6336,train
7819,train
28080,train
29019,train
11906,train
6435,train
37609,train
24306,train
16517,train
38461,train
20689,train
38771,train
27598,train
31205,train
26395,train
27715,train
24946,train
7915,train
11393,train
3313,train
34357,train
2486,train
20897,train
18753,train
229,train
16245,train
8048,train
17857,train
1165,train
35028,train
31206,train
33380,train
35030,train
13418,train
2852,train
20543,train
10907,train
5037,train
6395,train
27939,train
23850,train
38629,train
36378,train
10787,train
44,train
24883,train
1590,train
35948,train
3379,train
5019,train
25989,train
9197,train
22649,train
7730,train
34353,train
6557,train
19183,train
23367,train
9166,train
37265,train
24515,train
5437,train
5954,train
31164,train
38820,train
20575,train
2586,train
36678,train
38737,train
39528,train
11282,train
33832,train
3023,train
2088,train
15903,train
6382,train
5124,train
12684,train
26283,train
8360,train
6200,train
12037,train
26998,train
23161,train
31282,train
34721,train
33296,train
37928,train
16731,train
35106,train
23191,train
19383,train
5821,train
12988,train
13074,train
10030,train
35673,train
3515,train
18567,train
14937,train
31398,train
23864,train
33105,train
5907,train
30029,train
31408,train
37073,train
22677,train
14034,train
22172,train
30830,train
10545,train
18305,train
392,train
27049,train
7025,train
17301,train
15414,train
7272,train
27747,train
2946,train
6020,train
39567,train
7821,train
2489,train
13890,train
38469,train
26649,train
26310,train
33606,train
21044,train
24439,train
5521,train
20978,train
7318,train
17273,train
3880,train
26095,train
18608,train
819,train
28183,train
23452,train
25823,train
37993,train
519,train
24078,train
16147,train
17313,train
26705,train
28690,train
2880,train
25117,train
20580,train
2392,train
16051,train
27404,train
16336,train
38024,train
28889,train
2780,train
7151,train
37719,train
28058,train
20559,train
19026,train
10886,train
24288,train
1111,train
32444,train
36335,train
17909,train
37995,train
10696,train
1050,train
29942,train
12101,train
25686,train
13458,train
11830,train
8106,train
34510,train
15684,train
30098,train
24618,train
13723,train
11252,train
27692,train
39620,train
7264,train
5357,train
6964,train
27274,train
665,train
25976,train
12537,train
9831,train
19065,train
33700,train
13752,train
31748,train
38543,train
19560,train
28482,train
7239,train
30285,train
2165,train
3547,train
34177,train
26543,train
27889,train
38788,train
1179,train
17084,train
21209,train
37366,train
18673,train
32639,train
34880,train
12615,train
16762,train
32024,train
33545,train
6636,train
34393,train
18587,train
39001,train
16943,train
5041,train
11982,train
14865,train
14401,train
17829,train
33787,train
224,train
29114,train
36393,train
27353,train
27637,train
2628,train
34657,train
2713,train
36635,train
6963,train
14763,train
14296,train
21046,train
7354,train
24557,train
35256,train
34471,train
7470,train
25417,train
944,train
27898,train
39344,train
11531,train
4222,train
34398,train
32168,train
7675,train
36216,train
17445,train
13306,train
34792,train
22425,train
23809,train
35069,train
8696,train
3074,train
8899,train
7249,train
31036,train
31545,train
3226,train
4816,train
24589,train
30422,train
7832,train
9455,train
32368,train
2601,train
32052,train
38337,train
4231,train
25905,train
3249,train
37277,train
4158,train
25900,train
8428,train
35588,train
10229,train
38707,train
38551,train
5559,train
33794,train
34812,train
36071,train
6952,train
21991,train
6143,train
20471,train
19873,train
32658,train
20524,train
38293,train
14139,train
23261,train
6365,train
6747,train
19711,train
21409,train
32399,train
14228,train
24133,train
13684,train
31617,train
640,train
30090,train
25487,train
110,train
19929,train
25844,train
950,train
7099,train
17300,train
5641,train
8017,train
38343,train
21914,train
25678,train
21423,train
4263,train
16909,train
29503,train
24162,train
10983,train
27239,train
38749,train
34150,train
9132,train
24705,train
1168,train
5004,train
10113,train
8130,train
2021,train
38081,train
14559,train
1589,train
13586,train
37741,train
29031,train
19106,train
7731,train
13188,train
38896,train
37812,train
13654,train
31598,train
24123,train
588,train
28414,train
19714,train
1052,train
5640,train
6213,train
20305,train
36559,train
27853,train
18519,train
15708,train
7645,train
13237,train
11286,train
39409,train
22265,train
11088,train
19469,train
31808,train
12027,train
28555,train
31539,train
15290,train
14136,train
29672,train
38290,train
29750,train
20309,train
15937,train
793,train
15789,train
6477,train
18732,train
6370,train
35295,train
9867,train
3909,train
2047,train
37710,train
21269,train
25614,train
34895,train
38664,train
17636,train
17455,train
791,train
15502,train
8898,train
17183,train
30792,train
15274,train
38071,train
6686,train
31895,train
30821,train
13939,train
15774,train
34583,train
6697,train
14454,train
24789,train
15607,train
13125,train
25306,train
33781,train
28526,train
9078,train
8397,train
6835,train
1765,train
24787,train
36789,train
31995,train
1914,train
19976,train
38483,train
23227,train
39014,train
14450,train
6391,train
29723,train
21673,train
20191,train
31626,train
30626,train
23569,train
16060,train
35736,train
9181,train
37346,train
854,train
9485,train
31747,train
11651,train
1866,train
19525,train
3354,train
4531,train
25087,train
21627,train
35186,train
34321,train
15731,train
37091,train
16597,train
36185,train
21075,train
24942,train
19765,train
34576,train
13487,train
8408,train
30815,train
6934,train
10695,train
10843,train
9978,train
10580,train
19975,train
658,train
7807,train
22831,train
32965,train
38218,train
19594,train
20179,train
24209,train
5436,train
27811,train
38849,train
38603,train
3613,train
4057,train
1304,train
9075,train
6043,train
5385,train
21884,train
24106,train
31516,train
7537,train
5207,train
28663,train
16530,train
32455,train
2879,train
9534,train
39439,train
21142,train
8937,train
28066,train
18281,train
335,train
7881,train
190,train
9769,train
13038,train
19086,train
522,train
33730,train
1154,train
12940,train
31827,train
30186,train
9302,train
25920,train
17959,train
22653,train
16961,train
14263,train
17688,train
31447,train
29357,train
31700,train
16410,train
7661,train
37278,train
29077,train
29786,train
27673,train
33211,train
1137,train
7377,train
245,train
31029,train
34548,train
6094,train
9307,train
31211,train
13796,train
7314,train
16309,train
29371,train
12639,train
34004,train
24335,train
22554,train
14512,train
12033,train
13015,train
37398,train
12378,train
31608,train
34239,train
13565,train
24165,train
37448,train
34673,train
11015,train
31852,train
14143,train
713,train
6237,train
38651,train
33299,train
17839,train
847,train
1970,train
35251,train
2779,train
7781,train
32519,train
28789,train
2653,train
20393,train
7075,train
6539,train
38718,train
16401,train
10631,train
557,train
26390,train
32264,train
17830,train
31438,train
16863,train
98,train
35611,train
22063,train
636,train
23647,train
10243,train
36645,train
18669,train
36531,train
22152,train
6300,train
23348,train
15291,train
23063,train
27040,train
23438,train
11158,train
1742,train
23928,train
36201,train
8302,train
38510,train
9789,train
23794,train
38570,train
24398,train
6104,train
13208,train
38375,train
39523,train
29621,train
31218,train
3122,train
222,train
11717,train
20067,train
3584,train
20351,train
26916,train
30096,train
19415,train
23494,train
29947,train
34918,train
38959,train
22870,train
25264,train
17357,train
34063,train
10795,train
1042,train
31169,train
2819,train
34147,train
24706,train
7797,train
4337,train
36692,train
9888,train
39632,train
36613,train
21168,train
33685,train
19563,train
32442,train
12383,train
19028,train
23658,train
36465,train
32500,train
6192,train
3433,train
28416,train
17551,train
27344,train
23053,train
7688,train
23514,train
17618,train
34246,train
17453,train
19581,train
12634,train
9260,train
19277,train
32143,train
34585,train
14873,train
12384,train
22614,train
26483,train
31616,train
15548,train
18644,train
2585,train
29572,train
1667,train
14639,train
35227,train
25354,train
30973,train
10042,train
18989,train
17835,train
27192,train
1997,train
37337,train
13177,train
5062,train
29009,train
12035,train
28900,train
36454,train
16371,train
1118,train
14897,train
38198,train
31196,train
21302,train
3617,train
4788,train
20198,train
30998,train
9734,train
5879,train
8295,train
30099,train
34188,train
25562,train
8727,train
6609,train
5910,train
1180,train
9127,train
8871,train
27490,train
3895,train
10041,train
32682,train
14134,train
15036,train
37471,train
9857,train
24677,train
30273,train
19652,train
19290,train
18964,train
4040,train
20654,train
3106,train
31401,train
18308,train
18866,train
3075,train
10582,train
12927,train
12162,train
37043,train
7365,train
4873,train
31977,train
2151,train
15035,train
34352,train
34586,train
385,train
25441,train
32558,train
4326,train
4350,train
11938,train
3031,train
18169,train
34347,train
25632,train
5241,train
15871,train
26270,train
37013,train
27082,train
10134,train
35592,train
19586,train
25413,train
21053,train
19400,train
20698,train
34442,train
646,train
9590,train
27310,train
15538,train
38530,train
18895,train
18238,train
18204,train
23207,train
4275,train
14402,train
3224,train
6866,train
13072,train
15297,train
19701,train
8770,train
25515,train
39126,train
10805,train
14652,train
32281,train
32070,train
21829,train
12950,train
32896,train
35276,train
10065,train
9327,train
12121,train
35436,train
3796,train
18403,train
20268,train
14098,train
16835,train
13377,train
34811,train
559,train
5827,train
19483,train
8503,train
28616,train
13287,train
15610,train
4331,train
24021,train
37716,train
8763,train
3428,train
12368,train
9701,train
3574,train
26873,train
13735,train
15545,train
30301,train
34451,train
34190,train
32540,train
2018,train
11450,train
32397,train
11130,train
27746,train
17701,train
29231,train
1368,train
11095,train
24521,train
12862,train
24164,train
13610,train
254,train
5138,train
1803,train
16751,train
28652,train
25726,train
1758,train
4112,train
5028,train
19908,train
12068,train
3579,train
29799,train
9699,train
5283,train
17605,train
35000,train
549,train
21190,train
25395,train
21975,train
31531,train
13831,train
36167,train
9546,train
22976,train
18572,train
27672,train
35160,train
4027,train
13892,train
17458,train
22748,train
20145,train
26666,train
23900,train
34009,train
1056,train
29159,train
8272,train
17996,train
38612,train
3044,train
39218,train
5644,train
37387,train
29729,train
35478,train
36486,train
31116,train
35093,train
564,train
22750,train
24145,train
33463,train
31170,train
31828,train
26189,train
35996,train
11022,train
4520,train
37650,train
31536,train
10003,train
38861,train
22384,train
21824,train
14613,train
26871,train
1254,train
9107,train
18419,train
26710,train
21307,train
23114,train
4449,train
39437,train
30223,train
3953,train
12691,train
36105,train
4042,train
25291,train
8293,train
36206,train
22734,train
29129,train
36511,train
28043,train
4765,train
3473,train
26972,train
30704,train
38937,train
5487,train
32282,train
23687,train
10482,train
6359,train
28529,train
30150,train
17953,train
33048,train
13398,train
24916,train
15210,train
19258,train
3930,train
6941,train
22103,train
33703,train
26297,train
2296,train
25814,train
39355,train
9581,train
7212,train
33095,train
38100,train
23699,train
33827,train
3727,train
18603,train
4270,train
27842,train
27553,train
39338,train
32515,train
21344,train
33065,train
8850,train
5147,train
39236,train
6087,train
35347,train
28733,train
27959,train
27666,train
37727,train
3281,train
99,train
24022,train
1079,train
24879,train
11946,train
5427,train
6564,train
17838,train
19710,train
25790,train
34831,train
29973,train
25786,train
6841,train
16328,train
7384,train
362,train
18486,train
36889,train
2391,train
29399,train
14886,train
29404,train
24935,train
19953,train
31583,train
23624,train
35120,train
5141,train
14577,train
34423,train
17526,train
4070,train
13440,train
2508,train
1361,train
36379,train
33359,train
30071,train
15427,train
274,train
4397,train
20950,train
32053,train
4547,train
26494,train
4456,train
6309,train
1498,train
20749,train
35930,train
3557,train
25780,train
22453,train
1321,train
7579,train
15795,train
36577,train
35254,train
17624,train
10406,train
38548,train
22756,train
8214,train
13570,train
16310,train
32165,train
27634,train
13855,train
35113,train
33830,train
6881,train
30126,train
28438,train
5909,train
35108,train
4460,train
20715,train
14212,train
29906,train
18406,train
33771,train
14333,train
577,train
742,train
23938,train
1958,train
22150,train
2239,train
37064,train
2551,train
1927,train
23404,train
1097,train
9309,train
11199,train
21379,train
36147,train
31410,train
29235,train
20291,train
24503,train
2440,train
36435,train
34898,train
7028,train
20421,train
4758,train
1063,train
5010,train
27782,train
20445,train
11935,train
34742,train
5552,train
27638,train
22243,train
15618,train
21334,train
18089,train
22401,train
17452,train
1597,train
33974,train
9754,train
31984,train
14748,train
34777,train
2115,train
26756,train
20676,train
38741,train
29753,train
33252,train
14444,train
18108,train
795,train
19829,train
21244,train
26476,train
34283,train
538,train
7758,train
9940,train
18042,train
38624,train
38456,train
32976,train
17536,train
21129,train
6216,train
11001,train
10558,train
6842,train
38002,train
26884,train
32136,train
8812,train
33748,train
33236,train
1728,train
24154,train
20707,train
4868,train
21587,train
32092,train
13538,train
13682,train
6513,train
17098,train
6924,train
35984,train
1193,train
350,train
25711,train
33332,train
16676,train
14438,train
20275,train
23897,train
16264,train
25257,train
15299,train
28762,train
4630,train
5013,train
32632,train
6902,train
1336,train
5956,train
19643,train
31887,train
25826,train
2505,train
5802,train
4671,train
31561,train
27038,train
21017,train
15528,train
39095,train
32991,train
29144,train
29413,train
18871,train
16098,train
14007,train
2416,train
13439,train
24117,train
32354,train
31586,train
10144,train
14925,train
35355,train
26918,train
16175,train
12860,train
12938,train
34740,train
32503,train
37771,train
20960,train
17740,train
8724,train
38964,train
9317,train
7605,train
32296,train
3127,train
24974,train
6285,train
35661,train
6524,train
31597,train
12155,train
5986,train
39000,train
2803,train
31441,train
1054,train
11174,train
35667,train
32521,train
20561,train
6319,train
33436,train
13561,train
34287,train
36825,train
8362,train
26101,train
4600,train
2457,train
18197,train
27259,train
32081,train
19570,train
27267,train
1606,train
37581,train
22544,train
38831,train
10111,train
16214,train
5000,train
28881,train
21952,train
22350,train
33615,train
8865,train
17221,train
2837,train
293,train
10420,train
13887,train
37239,train
17679,train
130,train
27167,train
24622,train
7577,train
19779,train
11004,train
4045,train
1314,train
8467,train
23888,train
30760,train
29978,train
34117,train
18207,train
37405,train
8030,train
31242,train
21359,train
7041,train
29832,train
38297,train
25927,train
11176,train
37439,train
3506,train
7889,train
16608,train
5577,train
28827,train
2221,train
27689,train
8635,train
36666,train
10316,train
20062,train
18695,train
2569,train
5941,train
24556,train
2907,train
14185,train
3291,train
2299,train
29453,train
18199,train
26669,train
6656,train
24740,train
16097,train
7960,train
3619,train
10214,train
36034,train
33309,train
28579,train
7660,train
2300,train
4170,train
4743,train
10235,train
2465,train
4127,train
23717,train
25401,train
7587,train
8663,train
10621,train
37333,train
10840,train
35194,train
15380,train
14360,train
35733,train
27961,train
38327,train
32678,train
13260,train
16888,train
27987,train
441,train
26473,train
7745,train
14026,train
16769,train
23223,train
26504,train
16004,train
29659,train
18302,train
30825,train
29877,train
1620,train
13881,train
13135,train
12290,train
19325,train
6916,train
16630,train
30314,train
4104,train
25186,train
35488,train
115,train
9142,train
27047,train
12835,train
37367,train
37142,train
27411,train
31647,train
34467,train
13098,train
27739,train
28454,train
34744,train
29857,train
19757,train
30697,train
21291,train
26697,train
2608,train
19366,train
12622,train
37040,train
16772,train
23081,train
32848,train
18943,train
25609,train
34698,train
17329,train
20224,train
12571,train
33623,train
19452,train
36784,train
35062,train
21051,train
20094,train
22545,train
24859,train
36399,train
26083,train
6471,train
13136,train
35779,train
14619,train
36358,train
20159,train
20028,train
12096,train
32485,train
6085,train
11467,train
38968,train
19744,train
7472,train
20943,train
19451,train
29542,train
2537,train
36199,train
15000,train
1466,train
36081,train
5671,train
39419,train
28014,train
32178,train
18191,train
31651,train
18933,train
17864,train
33442,train
17503,train
34200,train
7707,train
16644,train
21060,train
277,train
478,train
35830,train
26540,train
25584,train
33885,train
38037,train
29337,train
31620,train
19782,train
35353,train
13675,train
15159,train
17492,train
4191,train
30027,train
1906,train
18379,train
23399,train
27410,train
24118,train
8228,train
39512,train
24338,train
14513,train
34306,train
30054,train
992,train
13889,train
37424,train
25652,train
9708,train
29781,train
2211,train
25279,train
18801,train
11063,train
19050,train
22746,train
4581,train
1064,train
21794,train
36007,train
28712,train
16474,train
18416,train
29174,train
35855,train
22059,train
925,train
10121,train
38223,train
33919,train
9512,train
21146,train
17988,train
16413,train
38630,train
25148,train
9924,train
22267,train
32917,train
8160,train
9058,train
27450,train
16438,train
18438,train
27604,train
22483,train
2411,train
14907,train
28294,train
34887,train
30863,train
26280,train
28488,train
15674,train
10507,train
23862,train
16101,train
6685,train
24862,train
31644,train
35064,train
7596,train
32648,train
26088,train
10283,train
826,train
2745,train
34264,train
1219,train
10115,train
38227,train
15564,train
33495,train
23775,train
3779,train
38048,train
2930,train
18178,train
12873,train
22269,train
912,train
19108,train
18822,train
30819,train
20784,train
32425,train
27706,train
14216,train
15267,train
14580,train
25982,train
13310,train
256,train
14591,train
7578,train
38867,train
37038,train
17007,train
22022,train
22826,train
19482,train
11969,train
2235,train
34091,train
8340,train
3024,train
34232,train
30880,train
31603,train
23484,train
17473,train
12491,train
25639,train
21847,train
20629,train
36036,train
14018,train
27778,train
17575,train
22886,train
4299,train
34953,train
7,train
1733,train
20436,train
35168,train
39452,train
13743,train
32201,train
6452,train
21452,train
19393,train
19646,train
29730,train
34707,train
14539,train
12334,train
20866,train
9939,train
29272,train
28503,train
38178,train
23183,train
18934,train
38295,train
14498,train
33605,train
28284,train
5021,train
9724,train
15055,train
32375,train
13531,train
26942,train
12646,train
35119,train
4403,train
19965,train
31529,train
5040,train
31189,train
34394,train
27665,train
10395,train
21580,train
21782,train
39544,train
31469,train
39594,train
37759,train
20691,train
16539,train
30015,train
15173,train
13101,train
18176,train
3589,train
31998,train
15336,train
36085,train
31680,train
33079,train
30430,train
13036,train
26862,train
29168,train
643,train
95,train
2273,train
27639,train
3139,train
12285,train
27649,train
12381,train
32550,train
4238,train
24548,train
1494,train
4706,train
25100,train
16513,train
27498,train
4683,train
37166,train
80,train
36207,train
33896,train
21714,train
18957,train
5118,train
6699,train
11861,train
31057,train
4251,train
34686,train
19335,train
38500,train
26339,train
35264,train
31069,train
25129,train
26181,train
36301,train
13003,train
20326,train
20107,train
19235,train
27801,train
28671,train
34865,train
32528,train
19278,train
11157,train
14232,train
5921,train
26704,train
35951,train
14375,train
9668,train
261,train
13500,train
31477,train
23066,train
20701,train
36455,train
2039,train
1225,train
13679,train
24116,train
39133,train
3772,train
11884,train
37081,train
3786,train
8162,train
27802,train
27162,train
12478,train
11050,train
2051,train
21699,train
10724,train
18224,train
16634,train
33163,train
28199,train
33400,train
3971,train
38827,train
27560,train
4542,train
19249,train
26796,train
29096,train
13000,train
19243,train
6956,train
4082,train
417,train
26633,train
21036,train
26020,train
24831,train
5250,train
8545,train
21628,train
22782,train
20763,train
36537,train
35922,train
10753,train
4230,train
7683,train
33055,train
34843,train
28727,train
33934,train
7327,train
26897,train
12547,train
13332,train
28646,train
18119,train
32931,train
18428,train
37941,train
28151,train
6907,train
38643,train
31716,train
19066,train
10513,train
116,train
13110,train
31084,train
5128,train
26029,train
23490,train
4188,train
29635,train
8427,train
649,train
12946,train
12827,train
20573,train
6618,train
1184,train
32216,train
25769,train
3438,train
27090,train
9401,train
15968,train
10220,train
18310,train
35190,train
37464,train
23560,train
34545,train
36069,train
22512,train
28791,train
35739,train
32014,train
26929,train
32033,train
10422,train
15218,train
10021,train
38417,train
26236,train
13946,train
21144,train
26864,train
16085,train
26824,train
14467,train
7977,train
31124,train
37514,train
36626,train
27664,train
1951,train
28089,train
35672,train
23626,train
10849,train
35824,train
22057,train
8926,train
29308,train
37646,train
17921,train
11997,train
20702,train
29088,train
20196,train
34272,train
9213,train
10417,train
4902,train
26374,train
26113,train
34771,train
24455,train
23162,train
32484,train
12116,train
19592,train
17990,train
1231,train
38318,train
29255,train
25301,train
13397,train
7663,train
662,train
3381,train
11708,train
21983,train
7888,train
20409,train
19246,train
29807,train
26330,train
7962,train
7182,train
16586,train
6052,train
37668,train
14283,train
20491,train
3768,train
25016,train
20193,train
26993,train
36412,train
1731,train
24237,train
4418,train
39196,train
27583,train
11029,train
7801,train
10973,train
32212,train
4896,train
2773,train
347,train
33875,train
25598,train
18339,train
18198,train
12795,train
31916,train
34861,train
33846,train
10555,train
9963,train
5095,train
29509,train
22051,train
21154,train
11585,train
13648,train
8593,train
17123,train
19509,train
14456,train
20385,train
4097,train
18143,train
8723,train
33662,train
9198,train
4411,train
13471,train
31498,train
32989,train
1349,train
9959,train
36019,train
19721,train
25971,train
4151,train
37767,train
5424,train
2846,train
10604,train
5213,train
12772,train
29311,train
17665,train
9622,train
28240,train
11125,train
25247,train
36636,train
4937,train
30294,train
28262,train
26955,train
38213,train
22458,train
37486,train
34943,train
12159,train
20405,train
3180,train
24200,train
4401,train
12332,train
26223,train
37952,train
16899,train
12603,train
6058,train
12087,train
17548,train
25182,train
12361,train
3285,train
36005,train
1747,train
38520,train
31064,train
22062,train
13645,train
24348,train
24004,train
12042,train
1399,train
22306,train
27329,train
12082,train
18411,train
19398,train
24042,train
16163,train
24508,train
18332,train
3726,train
24800,train
14328,train
18053,train
38468,train
4975,train
35253,train
2432,train
26848,train
19251,train
7563,train
23979,train
16702,train
8269,train
18474,train
27577,train
20713,train
12823,train
35017,train
36654,train
23383,train
5054,train
11102,train
37332,train
23301,train
829,train
13360,train
37772,train
7134,train
11401,train
24280,train
15796,train
23797,train
32517,train
15137,train
32814,train
22100,train
12942,train
20535,train
24966,train
5274,train
26733,train
16871,train
35838,train
27562,train
30727,train
34676,train
37361,train
38103,train
8683,train
6205,train
17917,train
16368,train
26359,train
7612,train
19240,train
14547,train
27755,train
1933,train
12103,train
15861,train
23774,train
18344,train
4544,train
22033,train
22982,train
19663,train
37108,train
6713,train
35767,train
1669,train
27602,train
2409,train
35692,train
23375,train
20320,train
38443,train
30325,train
7103,train
12954,train
3462,train
3631,train
4143,train
18629,train
8256,train
33043,train
4036,train
39115,train
17067,train
38000,train
3803,train
17053,train
7618,train
22603,train
35027,train
29601,train
39374,train
13681,train
22252,train
27595,train
1294,train
5638,train
26878,train
21317,train
35409,train
24247,train
38628,train
16070,train
17408,train
9155,train
20325,train
10396,train
18285,train
15942,train
35019,train
36530,train
9251,train
24851,train
1735,train
12750,train
23255,train
2723,train
16126,train
38153,train
14414,train
39601,train
8039,train
39160,train
32721,train
37725,train
18974,train
32726,train
1134,train
8303,train
18892,train
33483,train
37769,train
31935,train
32834,train
31075,train
24089,train
37089,train
33902,train
8769,train
21315,train
32095,train
34810,train
27325,train
28208,train
6535,train
13921,train
1358,train
31485,train
33040,train
11709,train
1690,train
22670,train
35570,train
533,train
6566,train
8046,train
35724,train
12080,train
27858,train
29030,train
26166,train
29976,train
6815,train
8266,train
23111,train
9117,train
27859,train
2749,train
25093,train
29219,train
24675,train
12969,train
36746,train
34773,train
26333,train
31706,train
9250,train
16001,train
15553,train
15268,train
2515,train
23119,train
20231,train
24135,train
5108,train
32687,train
29296,train
11560,train
31098,train
25457,train
24157,train
6521,train
29057,train
22997,train
8463,train
32363,train
24566,train
25890,train
153,train
9838,train
4034,train
2240,train
4059,train
763,train
12820,train
28086,train
33423,train
4944,train
15120,train
8193,train
3033,train
18825,train
36302,train
1737,train
17454,train
23216,train
29039,train
3605,train
17336,train
35089,train
38460,train
38794,train
2096,train
23518,train
12049,train
11685,train
30978,train
15951,train
21371,train
1981,train
36067,train
18679,train
38305,train
29488,train
20556,train
8004,train
5528,train
23201,train
17264,train
1372,train
27342,train
14798,train
32901,train
26726,train
9044,train
38888,train
8225,train
4560,train
10126,train
19822,train
5393,train
8448,train
37732,train
16169,train
17716,train
14344,train
24629,train
34544,train
30683,train
5872,train
26513,train
22053,train
33200,train
5306,train
11284,train
17652,train
2644,train
23801,train
33087,train
4310,train
9554,train
11205,train
38539,train
13558,train
15113,train
32438,train
39430,train
8232,train
10349,train
20424,train
9639,train
14394,train
17506,train
18247,train
11612,train
5413,train
35775,train
1587,train
38942,train
20162,train
34184,train
34033,train
17265,train
15574,train
9557,train
30466,train
15752,train
38615,train
33322,train
35718,train
18838,train
4918,train
1324,train
5087,train
13533,train
9909,train
29714,train
27133,train
25969,train
27648,train
20117,train
37045,train
35110,train
21327,train
15091,train
26184,train
33133,train
8570,train
17521,train
36722,train
26203,train
23233,train
38389,train
22624,train
16592,train
12517,train
13309,train
29647,train
31280,train
4804,train
5211,train
35960,train
37687,train
24684,train
10296,train
8184,train
18607,train
33855,train
24367,train
22736,train
24460,train
38992,train
22940,train
24355,train
27754,train
39059,train
10832,train
4658,train
22977,train
10783,train
36014,train
3633,train
6548,train
24139,train
36733,train
37218,train
14881,train
21629,train
22484,train
3318,train
28126,train
28683,train
30320,train
25390,train
34577,train
24666,train
14138,train
15754,train
1117,train
5886,train
19599,train
16325,train
10124,train
11040,train
15201,train
28407,train
7751,train
5411,train
28091,train
32880,train
4906,train
13787,train
26943,train
746,train
19434,train
751,train
30932,train
20613,train
6442,train
20917,train
2694,train
3959,train
20463,train
12742,train
6193,train
444,train
396,train
13697,train
8300,train
11126,train
62,train
13209,train
38324,train
1825,train
6348,train
15994,train
1537,train
4567,train
15090,train
25149,train
16614,train
2256,train
36087,train
19170,train
33961,train
14975,train
7172,train
19279,train
31681,train
573,train
4793,train
38712,train
10016,train
21615,train
2784,train
30577,train
7471,train
23778,train
28841,train
5655,train
28457,train
16918,train
14819,train
875,train
34922,train
34624,train
11656,train
33945,train
15480,train
31674,train
7874,train
37582,train
1575,train
6342,train
867,train
33561,train
30671,train
34609,train
33867,train
25631,train
39350,train
29952,train
8658,train
13465,train
20084,train
2284,train
17008,train
38621,train
29603,train
16550,train
15334,train
17175,train
12907,train
26485,train
12692,train
25851,train
18731,train
10104,train
27978,train
18815,train
12605,train
6140,train
38578,train
38503,train
30137,train
2461,train
38273,train
30456,train
37705,train
3174,train
37347,train
29717,train
1070,train
8378,train
14462,train
22758,train
20846,train
1360,train
28002,train
37134,train
6499,train
35986,train
5069,train
31546,train
32595,train
27834,train
35349,train
35313,train
9484,train
25778,train
36163,train
16308,train
4113,train
26986,train
24264,train
37321,train
4967,train
25889,train
10439,train
21416,train
2061,train
9880,train
36288,train
25250,train
21022,train
33316,train
27777,train
25177,train
8642,train
24375,train
38926,train
37406,train
26094,train
9312,train
8102,train
31291,train
4289,train
26545,train
18602,train
34494,train
3712,train
30510,train
5114,train
36487,train
16832,train
17192,train
28229,train
38160,train
17315,train
23845,train
36886,train
12755,train
37689,train
12911,train
1800,train
405,train
32060,train
21848,train
13462,train
21128,train
34871,train
28012,train
18797,train
21203,train
21912,train
27722,train
7805,train
17626,train
24730,train
8177,train
14806,train
32549,train
32239,train
12289,train
30649,train
9522,train
825,train
33337,train
29071,train
17194,train
4707,train
12160,train
10917,train
212,train
22280,train
37376,train
23953,train
37937,train
23461,train
30637,train
24882,train
33288,train
10942,train
34972,train
8406,train
567,train
2197,train
7035,train
23546,train
121,train
12672,train
820,train
3666,train
10450,train
37987,train
19659,train
1789,train
1518,train
17768,train
2953,train
37381,train
27514,train
29765,train
15572,train
35415,train
35244,train
2587,train
16811,train
22014,train
20949,train
27707,train
1035,train
39066,train
6658,train
19549,train
14238,train
37720,train
9891,train
18939,train
8095,train
38920,train
3076,train
19991,train
21924,train
34359,train
6853,train
10809,train
38886,train
25439,train
12792,train
197,train
36198,train
33376,train
23192,train
37080,train
9898,train
31265,train
30842,train
5791,train
1835,train
14677,train
35694,train
27935,train
14869,train
34718,train
5584,train
22272,train
22820,train
30092,train
34175,train
29505,train
35473,train
32720,train
12525,train
23084,train
8880,train
35744,train
18808,train
25791,train
16099,train
6016,train
36518,train
31210,train
3296,train
15248,train
13667,train
34929,train
736,train
31915,train
38534,train
6925,train
31341,train
4423,train
24444,train
33235,train
34248,train
3362,train
2360,train
24836,train
23769,train
29192,train
6972,train
894,train
6555,train
30155,train
34089,train
7631,train
8072,train
13671,train
34896,train
24969,train
30171,train
34085,train
29651,train
15300,train
3241,train
32050,train
13454,train
37341,train
27701,train
3789,train
26961,train
14508,train
17705,train
21548,train
36410,train
11261,train
24520,train
11180,train
39243,train
14818,train
36380,train
24426,train
18291,train
2350,train
34024,train
33224,train
2767,train
16892,train
39,train
28123,train
14075,train
19566,train
24475,train
24064,train
2838,train
27863,train
16167,train
31103,train
5353,train
29349,train
10742,train
8109,train
26080,train
31047,train
2341,train
20566,train
23312,train
32609,train
15376,train
27265,train
20404,train
32660,train
1183,train
3336,train
29558,train
30844,train
9770,train
15997,train
27249,train
20546,train
14207,train
23734,train
5814,train
34408,train
13514,train
19807,train
28274,train
23220,train
29145,train
17498,train
2998,train
34135,train
31949,train
7856,train
34110,train
12886,train
19831,train
1263,train
2759,train
5703,train
25999,train
9218,train
9874,train
30980,train
36578,train
11515,train
32620,train
21950,train
20087,train
24818,train
19806,train
10935,train
19930,train
18398,train
35863,train
4422,train
30202,train
32758,train
29281,train
32166,train
26953,train
24314,train
5456,train
14670,train
36847,train
29034,train
28129,train
25714,train
17262,train
16210,train
14691,train
12710,train
7585,train
19238,train
6875,train
26819,train
25992,train
22504,train
38243,train
28316,train
4085,train
12696,train
25197,train
21385,train
838,train
3984,train
9421,train
38458,train
13798,train
17827,train
3532,train
3849,train
8133,train
11520,train
24410,train
7636,train
32311,train
3754,train
38653,train
560,train
4262,train
30482,train
13800,train
4300,train
11999,train
29932,train
1570,train
36656,train
36268,train
3969,train
18951,train
5379,train
30715,train
29853,train
21114,train
7956,train
24746,train
30969,train
30468,train
25629,train
38766,train
5948,train
32423,train
38869,train
38302,train
24163,train
12178,train
3294,train
6663,train
17759,train
17804,train
13795,train
20620,train
35105,train
18321,train
19746,train
37113,train
34513,train
15127,train
34511,train
21635,train
13548,train
16378,train
8376,train
7923,train
30167,train
6259,train
2543,train
21608,train
31294,train
6766,train
18623,train
20474,train
25721,train
23332,train
611,train
3264,train
6832,train
38054,train
28952,train
10040,train
32448,train
33513,train
7743,train
12078,train
35010,train
12655,train
2439,train
15408,train
6260,train
16141,train
17666,train
28834,train
4785,train
37517,train
10528,train
16203,train
14892,train
6567,train
24987,train
15758,train
25225,train
3596,train
36822,train
15783,train
23904,train
38910,train
35995,train
34101,train
8419,train
1227,train
25034,train
11849,train
36544,train
37879,train
24188,train
3349,train
6026,train
14416,train
7872,train
10971,train
31749,train
38230,train
27733,train
17874,train
26811,train
22433,train
1352,train
28976,train
4914,train
7557,train
2325,train
34267,train
15082,train
8575,train
16354,train
33626,train
11910,train
33518,train
5049,train
19625,train
28948,train
14800,train
37225,train
7166,train
18362,train
25411,train
32688,train
2835,train
3952,train
3509,train
11110,train
25245,train
32608,train
27433,train
27385,train
647,train
33297,train
32953,train
36262,train
30147,train
8879,train
28753,train
3634,train
14276,train
1357,train
10494,train
27143,train
22811,train
1115,train
20898,train
18484,train
13083,train
22457,train
31662,train
16106,train
31474,train
6122,train
34709,train
13041,train
14534,train
29178,train
237,train
5136,train
33512,train
36774,train
29265,train
4006,train
37404,train
27866,train
16486,train
29944,train
16372,train
10922,train
36983,train
5539,train
32419,train
12937,train
2348,train
27829,train
37933,train
26779,train
35982,train
6752,train
30095,train
26843,train
9575,train
10168,train
137,train
19893,train
18605,train
39327,train
12274,train
22945,train
20504,train
12111,train
37447,train
21351,train
12073,train
34260,train
22869,train
33600,train
31869,train
37583,train
11748,train
23022,train
23401,train
13262,train
17227,train
31861,train
8028,train
15677,train
5911,train
26357,train
33127,train
15176,train
20852,train
38445,train
12180,train
6441,train
16040,train
9797,train
10656,train
24835,train
24918,train
159,train
27551,train
31001,train
24752,train
4467,train
11832,train
22718,train
18562,train
3503,train
36211,train
37527,train
25287,train
27443,train
13600,train
23633,train
1330,train
1363,train
29321,train
34608,train
38588,train
24885,train
18186,train
37417,train
12123,train
29472,train
6083,train
8191,train
33616,train
21054,train
17800,train
22891,train
12698,train
7701,train
5888,train
33532,train
14826,train
0,train
15012,train
3542,train
22232,train
10499,train
29345,train
34613,train
25172,train
305,train
13146,train
6542,train
4972,train
5224,train
27130,train
12402,train
34426,train
26672,train
10565,train
17056,train
28677,train
34532,train
11918,train
16124,train
1069,train
16699,train
846,train
19144,train
36240,train
35623,train
32665,train
31682,train
19492,train
23581,train
11412,train
8567,train
28812,train
13867,train
3705,train
7416,train
13007,train
6153,train
37248,train
12801,train
15824,train
946,train
33216,train
37961,train
20609,train
33500,train
257,train
5126,train
34761,train
7702,train
35092,train
15108,train
18478,train
5080,train
12481,train
11312,train
39083,train
25260,train
3382,train
19009,train
31807,train
14472,train
29481,train
7869,train
13596,train
38206,train
4149,train
33066,train
36012,train
13491,train
11009,train
610,train
39280,train
14292,train
24153,train
17076,train
29849,train
26632,train
21887,train
11933,train
17252,train
29719,train
21226,train
37883,train
21326,train
3720,train
5156,train
8892,train
16642,train
30971,train
11272,train
10657,train
9517,train
15056,train
23407,train
15894,train
10981,train
15848,train
25699,train
5728,train
34573,train
2499,train
39634,train
4568,train
12194,train
11297,train
14537,train
14407,train
7017,train
5113,train
16125,train
11915,train
7476,train
10348,train
22773,train
6006,train
31921,train
13328,train
17268,train
38490,train
12747,train
28538,train
8680,train
26991,train
36377,train
10572,train
18851,train
27751,train
2460,train
10192,train
10892,train
21926,train
15203,train
31081,train
39304,train
1942,train
19104,train
34002,train
30168,train
28219,train
9496,train
1082,train
19123,train
36744,train
7177,train
11408,train
20998,train
36793,train
12926,train
35522,train
39420,train
774,train
29559,train
2983,train
12021,train
1234,train
36512,train
36468,train
13167,train
23353,train
19546,train
6034,train
2929,train
13171,train
13934,train
11190,train
26097,train
14092,train
33829,train
20863,train
22937,train
34039,train
21889,train
29059,train
29858,train
35521,train
35880,train
26665,train
9947,train
37840,train
6079,train
32287,train
17402,train
5234,train
5679,train
29524,train
16856,train
9008,train
24343,train
17840,train
23065,train
7323,train
247,train
5688,train
19463,train
34817,train
36484,train
7512,train
15928,train
31224,train
28227,train
33484,train
24912,train
5692,train
25423,train
4485,train
9481,train
28340,train
9523,train
36875,train
18442,train
16722,train
8656,train
21,train
28020,train
23935,train
1140,train
11105,train
24656,train
348,train
36596,train
15620,train
6244,train
958,train
11825,train
1339,train
4805,train
10265,train
1567,train
2731,train
39427,train
35535,train
4295,train
22228,train
34828,train
6014,train
28121,train
24378,train
4799,train
32565,train
663,train
29498,train
36153,train
34908,train
34498,train
10669,train
11501,train
21478,train
7886,train
4747,train
23989,train
38789,train
1736,train
1323,train
15900,train
4802,train
4330,train
26002,train
35926,train
33335,train
32376,train
29517,train
24825,train
16824,train
17276,train
11724,train
644,train
9446,train
15811,train
22021,train
12764,train
29951,train
17933,train
19605,train
39538,train
22760,train
33739,train
16925,train
9463,train
386,train
17230,train
3925,train
34697,train
22931,train
39394,train
8862,train
4674,train
34916,train
28354,train
39293,train
29162,train
32575,train
18039,train
18226,train
26052,train
19848,train
31433,train
32858,train
1827,train
25865,train
17930,train
13093,train
1142,train
21511,train
33782,train
23393,train
18101,train
34832,train
34329,train
27822,train
3064,train
20867,train
39111,train
37264,train
9994,train
25299,train
14219,train
22526,train
39037,train
13607,train
13891,train
16313,train
39370,train
23277,train
33604,train
14915,train
22842,train
21410,train
2398,train
34538,train
7121,train
2405,train
22302,train
6469,train
17422,train
11558,train
29312,train
32403,train
21176,train
5763,train
7885,train
25804,train
7930,train
35701,train
11464,train
5694,train
6151,train
1493,train
4206,train
36164,train
19503,train
29460,train
13034,train
32258,train
4855,train
87,train
30498,train
34955,train
1950,train
4333,train
17686,train
32585,train
15211,train
21100,train
22093,train
23242,train
9509,train
24273,train
4876,train
17617,train
25381,train
14686,train
18789,train
38516,train
24047,train
30427,train
38631,train
1419,train
33053,train
19709,train
28534,train
24655,train
2074,train
25403,train
13314,train
24632,train
22498,train
33300,train
24403,train
5625,train
8560,train
33503,train
28388,train
22507,train
10434,train
17863,train
4999,train
3667,train
26232,train
31931,train
17318,train
20606,train
6906,train
19332,train
14378,train
19630,train
26802,train
18354,train
32414,train
30768,train
29154,train
37969,train
16605,train
17968,train
11667,train
16444,train
19747,train
5994,train
4655,train
26826,train
17510,train
4993,train
4201,train
5272,train
36502,train
24680,train
8895,train
18314,train
23184,train
27623,train
36753,train
17316,train
24776,train
21472,train
5491,train
12610,train
11478,train
19268,train
13502,train
13197,train
17298,train
33253,train
11547,train
36290,train
31119,train
29965,train
25056,train
2817,train
439,train
29277,train
14794,train
24466,train
37276,train
23981,train
1583,train
576,train
13153,train
8217,train
35388,train
7558,train
26738,train
38958,train
23441,train
22208,train
24351,train
38261,train
18501,train
7389,train
20355,train
30951,train
5656,train
10546,train
35096,train
12320,train
27208,train
32080,train
33942,train
30473,train
33822,train
29195,train
12842,train
8076,train
21288,train
3684,train
21665,train
6519,train
25340,train
39342,train
22148,train
19874,train
13393,train
6953,train
37643,train
33317,train
27983,train
14870,train
14854,train
30621,train
24657,train
25455,train
5734,train
37059,train
18019,train
6456,train
3756,train
21925,train
3710,train
21397,train
19167,train
16753,train
28487,train
25504,train
2153,train
38472,train
26205,train
6287,train
33100,train
39183,train
28685,train
28572,train
30530,train
19802,train
11754,train
2383,train
25024,train
12432,train
33251,train
9314,train
27205,train
19386,train
31695,train
25719,train
33227,train
26780,train
21538,train
15344,train
15617,train
8146,train
2113,train
21501,train
15182,train
25416,train
31962,train
28612,train
22308,train
14651,train
3080,train
10926,train
29089,train
36999,train
27014,train
35271,train
17627,train
29888,train
7927,train
2689,train
34881,train
31276,train
17751,train
6833,train
27268,train
16942,train
5710,train
38900,train
33477,train
200,train
7846,train
30041,train
2420,train
8167,train
35933,train
29451,train
9138,train
38649,train
17868,train
37764,train
32135,train
31587,train
34560,train
5997,train
25196,train
25051,train
5509,train
17517,train
2785,train
35860,train
17507,train
37016,train
15419,train
15653,train
12644,train
26133,train
13668,train
30303,train
1270,train
33613,train
35917,train
5364,train
17672,train
11041,train
8312,train
7319,train
25268,train
6646,train
15959,train
30938,train
23670,train
8120,train
34226,train
18795,train
25442,train
2397,train
7423,train
26967,train
21858,train
4445,train
19923,train
6705,train
6732,train
24653,train
8671,train
16547,train
907,train
15164,train
26391,train
2016,train
3820,train
5316,train
39415,train
31442,train
36232,train
14167,train
38248,train
9405,train
10447,train
1748,train
9363,train
5977,train
16625,train
11469,train
9170,train
18172,train
30276,train
29400,train
37699,train
22133,train
20443,train
33407,train
14985,train
1756,train
36365,train
39120,train
25829,train
21330,train
35512,train
18017,train
12678,train
17342,train
30479,train
12460,train
8555,train
29708,train
14986,train
20939,train
23045,train
7347,train
25266,train
7399,train
29207,train
29191,train
37743,train
13613,train
36485,train
15434,train
4278,train
28071,train
2278,train
11377,train
17811,train
7665,train
38872,train
1957,train
10873,train
6488,train
28075,train
37876,train
34346,train
9173,train
21390,train
37809,train
11904,train
13132,train
33621,train
6453,train
20722,train
11787,train
37869,train
26063,train
32905,train
5360,train
16071,train
9784,train
12944,train
10881,train
22933,train
16735,train
26593,train
20245,train
29121,train
10765,train
3837,train
36614,train
25310,train
20430,train
25305,train
28964,train
28940,train
32882,train
26520,train
389,train
4311,train
15158,train
37087,train
10689,train
29471,train
10730,train
16363,train
11995,train
9811,train
18479,train
33540,train
9904,train
36675,train
22619,train
15043,train
32244,train
18441,train
36621,train
29919,train
17776,train
18229,train
6561,train
13273,train
22951,train
13323,train
24641,train
33798,train
33552,train
3419,train
23451,train
16387,train
21874,train
8247,train
31752,train
24152,train
30023,train
21987,train
21704,train
38847,train
1278,train
8384,train
28810,train
1759,train
31967,train
34763,train
39550,train
13203,train
31765,train
26311,train
23743,train
28239,train
30780,train
28280,train
30207,train
32845,train
35799,train
28692,train
14206,train
17439,train
8927,train
11552,train
26077,train
35697,train
28045,train
34422,train
15094,train
35817,train
36839,train
24554,train
26727,train
21445,train
17664,train
27928,train
36349,train
5046,train
12582,train
21369,train
22441,train
2106,train
15932,train
11949,train
1431,train
39599,train
13047,train
2945,train
8464,train
24910,train
12365,train
34914,train
14295,train
18047,train
20408,train
13569,train
35283,train
24919,train
18928,train
36369,train
13173,train
23997,train
28128,train
27584,train
4018,train
7567,train
20694,train
18376,train
29203,train
4185,train
9425,train
35363,train
21045,train
22583,train
18242,train
11019,train
33091,train
37817,train
8678,train
941,train
5313,train
13214,train
26246,train
22927,train
36672,train
7741,train
104,train
17200,train
5657,train
31019,train
38426,train
17769,train
28924,train
34977,train
38241,train
26064,train
20452,train
32223,train
4839,train
32445,train
27365,train
4965,train
17000,train
26127,train
31411,train
24490,train
31979,train
14841,train
38401,train
9237,train
26075,train
10547,train
23059,train
6224,train
20841,train
1854,train
4147,train
6450,train
8071,train
12711,train
24599,train
25191,train
4087,train
21178,train
13435,train
2312,train
25075,train
37375,train
29536,train
12032,train
20258,train
39272,train
11874,train
26816,train
30944,train
16876,train
22611,train
25474,train
38518,train
24225,train
25972,train
12565,train
21936,train
34299,train
11182,train
7699,train
24207,train
5664,train
28462,train
7473,train
4821,train
33159,train
19499,train
23476,train
14297,train
12970,train
1820,train
18250,train
24316,train
32482,train
39391,train
21724,train
10438,train
2276,train
16067,train
35617,train
21266,train
20539,train
37443,train
14509,train
15466,train
14085,train
3616,train
18050,train
6298,train
2996,train
15939,train
30306,train
21279,train
22431,train
9343,train
2346,train
34945,train
27273,train
16431,train
29180,train
689,train
14067,train
9521,train
6369,train
11957,train
36766,train
8091,train
31800,train
37976,train
23239,train
38416,train
19557,train
21879,train
8087,train
13724,train
38914,train
13508,train
36118,train
22502,train
7395,train
37753,train
35167,train
27423,train
29278,train
10470,train
2254,train
25579,train
37619,train
1937,train
36669,train
30678,train
8359,train
8992,train
23127,train
32614,train
542,train
2385,train
29440,train
8265,train
34318,train
10611,train
221,train
20285,train
34214,train
31801,train
5265,train
3263,train
21026,train
37968,train
32028,train
37903,train
15271,train
15448,train
15518,train
21352,train
20728,train
19245,train
31068,train
10384,train
8357,train
30663,train
11670,train
8075,train
20157,train
28946,train
1974,train
18968,train
1129,train
37760,train
26901,train
16316,train
9149,train
36808,train
33136,train
32387,train
11771,train
39433,train
35288,train
32036,train
14465,train
19825,train
12909,train
24191,train
16760,train
20557,train
2384,train
25092,train
749,train
15597,train
30904,train
20211,train
18385,train
35481,train
6431,train
5753,train
11471,train
27759,train
11399,train
21134,train
34562,train
14459,train
18813,train
37613,train
18837,train
22757,train
37145,train
25412,train
32044,train
17881,train
38865,train
35653,train
32058,train
32197,train
12778,train
26159,train
5305,train
21911,train
14117,train
11697,train
1020,train
22188,train
37481,train
27985,train
13337,train
36314,train
7508,train
36773,train
22531,train
15409,train
9447,train
5279,train
28914,train
39438,train
14061,train
23509,train
36783,train
29873,train
30170,train
19760,train
17724,train
29819,train
26928,train
30212,train
21372,train
23649,train
1582,train
11627,train
25089,train
5995,train
9114,train
36398,train
2125,train
14911,train
8157,train
8444,train
33033,train
8617,train
14137,train
26012,train
4844,train
18817,train
33129,train
29502,train
22916,train
28878,train
20921,train
39489,train
23994,train
17272,train
18807,train
15734,train
9680,train
24050,train
22463,train
13846,train
33800,train
14319,train
33331,train
24293,train
33933,train
13773,train
15244,train
20360,train
30221,train
17128,train
27,train
38727,train
35776,train
35604,train
22524,train
33293,train
26212,train
16077,train
24608,train
30145,train
27989,train
7507,train
27780,train
10307,train
23969,train
16660,train
34678,train
26767,train
3448,train
25,train
32158,train
4130,train
5750,train
33669,train
36449,train
33312,train
26939,train
31212,train
32147,train
594,train
1636,train
5204,train
4123,train
32640,train
36567,train
2975,train
17641,train
28990,train
19568,train
24102,train
30012,train
28598,train
17741,train
532,train
4982,train
4432,train
26680,train
3580,train
11778,train
20476,train
30280,train
24833,train
14037,train
35626,train
30620,train
21403,train
28840,train
17903,train
30486,train
33037,train
28492,train
14631,train
26042,train
10063,train
6675,train
10215,train
28259,train
16980,train
28832,train
21378,train
25017,train
3856,train
14178,train
23062,train
12065,train
215,train
22319,train
11459,train
8099,train
25728,train
20364,train
23875,train
1788,train
38855,train
33546,train
5840,train
35788,train
35571,train
27954,train
36445,train
34642,train
19501,train
22417,train
30566,train
10874,train
12648,train
32246,train
3527,train
38301,train
30061,train
17681,train
28253,train
13757,train
37030,train
9941,train
3206,train
14569,train
36547,train
20097,train
20619,train
3507,train
18748,train
1637,train
25871,train
11888,train
12173,train
12374,train
24148,train
3221,train
10609,train
31293,train
37200,train
19811,train
18919,train
15459,train
38453,train
32005,train
36274,train
10636,train
12113,train
16912,train
8689,train
1061,train
13088,train
17190,train
3751,train
35812,train
4450,train
24845,train
16618,train
21570,train
9946,train
3328,train
35060,train
16238,train
39214,train
16229,train
13025,train
24482,train
33869,train
11326,train
4351,train
9369,train
34980,train
11113,train
29389,train
5354,train
38065,train
36022,train
26971,train
39138,train
4578,train
15649,train
2307,train
4513,train
20929,train
30533,train
31234,train
4271,train
20270,train
19785,train
21549,train
72,train
31989,train
18586,train
37509,train
26479,train
287,train
8698,train
19768,train
28087,train
38515,train
38701,train
4187,train
9944,train
20473,train
30776,train
4343,train
1403,train
38183,train
6981,train
35232,train
1967,train
36323,train
31605,train
13475,train
24242,train
31133,train
33716,train
3992,train
4304,train
33842,train
31831,train
18277,train
36119,train
36078,train
34010,train
13048,train
35793,train
19083,train
10325,train
6256,train
4634,train
27418,train
20900,train
14041,train
12382,train
12494,train
27377,train
17451,train
30217,train
141,train
29356,train
5441,train
14971,train
21875,train
29861,train
17651,train
20369,train
622,train
2606,train
30133,train
13020,train
18468,train
15881,train
24516,train
8350,train
29726,train
29694,train
15963,train
15870,train
6633,train
25159,train
15804,train
3325,train
21932,train
21735,train
8473,train
18521,train
22377,train
2045,train
6385,train
23104,train
38804,train
1757,train
7065,train
36799,train
8175,train
20729,train
25146,train
12464,train
15155,train
15239,train
2737,train
25011,train
14625,train
22634,train
38217,train
8129,train
3384,train
19204,train
21094,train
25571,train
35116,train
9785,train
1754,train
35315,train
5039,train
23211,train
16003,train
1487,train
29725,train
4824,train
1094,train
13599,train
8980,train
4501,train
13727,train
325,train
14855,train
13907,train
11960,train
21757,train
32025,train
14204,train
435,train
28336,train
33085,train
10429,train
5661,train
16191,train
5622,train
11219,train
378,train
6299,train
973,train
38283,train
36018,train
570,train
2507,train
26033,train
30183,train
28011,train
3824,train
16554,train
4305,train
29548,train
15151,train
38436,train
10290,train
1316,train
38427,train
15388,train
24354,train
844,train
33538,train
8141,train
12017,train
10950,train
37548,train
2476,train
22656,train
21721,train
32247,train
16791,train
14938,train
2677,train
7058,train
36806,train
9159,train
3026,train
7506,train
33383,train
9009,train
4019,train
14129,train
20544,train
3778,train
15342,train
38600,train
30976,train
23419,train
33287,train
34428,train
5885,train
16117,train
23206,train
26526,train
38347,train
38442,train
19861,train
34053,train
10455,train
27918,train
5770,train
14851,train
34638,train
34275,train
37621,train
2022,train
21139,train
35274,train
5930,train
18430,train
37039,train
3748,train
8784,train
7899,train
8270,train
21601,train
37616,train
8888,train
18640,train
7942,train
21867,train
34645,train
35090,train
18750,train
6795,train
27934,train
18309,train
709,train
10630,train
22362,train
2915,train
39137,train
28232,train
32982,train
14676,train
27567,train
16240,train
5091,train
19033,train
30948,train
25644,train
11420,train
2090,train
6250,train
4074,train
37442,train
3776,train
28528,train
17711,train
36851,train
29217,train
26744,train
35255,train
411,train
36017,train
28300,train
7141,train
17085,train
30467,train
35080,train
1053,train
28647,train
39459,train
21414,train
8101,train
889,train
11553,train
19750,train
1520,train
1092,train
6144,train
17384,train
2402,train
37236,train
13606,train
2566,train
11376,train
16068,train
31518,train
24228,train
18613,train
17459,train
29801,train
21856,train
20941,train
14142,train
15047,train
574,train
29205,train
9712,train
32194,train
20857,train
12626,train
35566,train
18846,train
32943,train
25398,train
7164,train
6249,train
29392,train
10178,train
921,train
33523,train
38189,train
29754,train
21843,train
31004,train
4837,train
12635,train
33943,train
4527,train
28509,train
31782,train
14860,train
3898,train
20688,train
9077,train
26059,train
136,train
7117,train
34253,train
17218,train
8417,train
8821,train
19125,train
15387,train
18104,train
20136,train
30261,train
13293,train
15335,train
39042,train
19085,train
26627,train
18596,train
3836,train
31388,train
7114,train
902,train
34211,train
21527,train
18814,train
26950,train
23042,train
29387,train
30035,train
11923,train
39318,train
8913,train
18076,train
16005,train
12214,train
8032,train
9321,train
30570,train
30571,train
29076,train
34358,train
32224,train
13249,train
9823,train
37857,train
18145,train
2905,train
20979,train
26441,train
15423,train
36754,train
27138,train
35452,train
6792,train
23595,train
33073,train
34457,train
27408,train
16901,train
23002,train
17846,train
13574,train
37726,train
3986,train
27356,train
27288,train
23165,train
2968,train
7769,train
37411,train
35609,train
36475,train
31832,train
36977,train
2754,train
35217,train
35559,train
9087,train
9741,train
38967,train
32259,train
20108,train
8219,train
12855,train
35443,train
25903,train
24838,train
32411,train
11167,train
26642,train
9563,train
4682,train
17297,train
19582,train
179,train
4072,train
34631,train
258,train
29450,train
34942,train
7236,train
18612,train
38136,train
22465,train
27941,train
37444,train
17854,train
28223,train
35725,train
2645,train
29042,train
22530,train
22106,train
9014,train
10789,train
22682,train
20008,train
4677,train
1939,train
38659,train
1453,train
33807,train
11713,train
12095,train
24408,train
20192,train
1208,train
38094,train
4693,train
15698,train
31391,train
700,train
8489,train
37240,train
24944,train
16987,train
22805,train
27721,train
35055,train
38306,train
17852,train
8230,train
38702,train
25508,train
20461,train
32471,train
28412,train
10335,train
30065,train
14059,train
32,train
30750,train
38783,train
9974,train
18327,train
30180,train
24735,train
34424,train
4826,train
8438,train
2584,train
9641,train
30031,train
113,train
21313,train
22394,train
3668,train
18369,train
23358,train
14242,train
9294,train
22261,train
10868,train
21690,train
31957,train
38717,train
23758,train
19419,train
26420,train
18112,train
14927,train
24332,train
15471,train
10435,train
17425,train
9957,train
25929,train
29374,train
27429,train
3973,train
32813,train
5359,train
5804,train
27546,train
32408,train
24767,train
16855,train
20435,train
17592,train
31271,train
29686,train
11254,train
3821,train
35413,train
14899,train
32351,train
34386,train
8090,train
39461,train
23447,train
13327,train
13070,train
26103,train
24339,train
26734,train
28037,train
12890,train
31121,train
14928,train
39082,train
22084,train
27996,train
7339,train
6344,train
37056,train
1450,train
36341,train
7656,train
39105,train
13009,train
37638,train
20655,train
30389,train
34250,train
10628,train
36500,train
21837,train
4714,train
2614,train
7574,train
5492,train
28595,train
38407,train
400,train
24926,train
18374,train
33632,train
6384,train
20144,train
1571,train
4446,train
14499,train
37837,train
15549,train
30693,train
36747,train
6475,train
37164,train
16686,train
1660,train
14850,train
9303,train
3179,train
17841,train
3781,train
5716,train
12052,train
36060,train
8110,train
23041,train
6691,train
39473,train
9636,train
17170,train
21080,train
38939,train
39534,train
30818,train
35829,train
4702,train
32531,train
37742,train
24802,train
20983,train
33292,train
4099,train
27387,train
20009,train
5394,train
28326,train
8128,train
38170,train
20911,train
16802,train
11577,train
29412,train
33938,train
13521,train
35992,train
25930,train
25990,train
30855,train
8235,train
34060,train
20862,train
34294,train
25782,train
278,train
8365,train
23837,train
15814,train
4679,train
7376,train
23693,train
19194,train
19998,train
15146,train
12294,train
8950,train
22918,train
31292,train
37259,train
34319,train
732,train
16056,train
27462,train
22248,train
25916,train
6538,train
11437,train
13836,train
3620,train
31286,train
1289,train
3170,train
22090,train
27513,train
36941,train
27400,train
36826,train
27971,train
16293,train
5475,train
7029,train
11745,train
32512,train
13528,train
279,train
17655,train
21826,train
33531,train
20427,train
24781,train
12264,train
18798,train
18835,train
27451,train
8328,train
3475,train
37380,train
14672,train
4635,train
36093,train
18952,train
27458,train
15463,train
31902,train
31287,train
5099,train
786,train
17793,train
21963,train
5323,train
24652,train
16785,train
9618,train
27218,train
25957,train
20151,train
20802,train
16628,train
16727,train
1911,train
11213,train
5273,train
12900,train
15790,train
27023,train
13391,train
119,train
36587,train
5902,train
12740,train
27596,train
28190,train
23224,train
31755,train
5438,train
30496,train
27495,train
26255,train
17792,train
24134,train
29830,train
2941,train
29239,train
18063,train
25803,train
3162,train
24029,train
9504,train
15013,train
12818,train
22867,train
1346,train
27401,train
394,train
7018,train
10185,train
28630,train
33835,train
26436,train
33157,train
2541,train
615,train
28073,train
15711,train
10585,train
1954,train
19308,train
4012,train
22429,train
28905,train
4749,train
11171,train
7325,train
8558,train
38098,train
7682,train
38591,train
19539,train
3456,train
25396,train
21447,train
37810,train
20006,train
24445,train
25576,train
111,train
10828,train
2579,train
10708,train
29319,train
24722,train
3414,train
32068,train
32436,train
18000,train
24575,train
32674,train
10947,train
20261,train
39271,train
29644,train
14630,train
26579,train
2283,train
31725,train
29317,train
19858,train
4940,train
9209,train
8964,train
2642,train
24020,train
6028,train
30695,train
37485,train
4870,train
13601,train
27720,train
36010,train
38162,train
16730,train
30726,train
39400,train
2259,train
25909,train
27339,train
6731,train
33213,train
2408,train
14969,train
81,train
25604,train
29467,train
9885,train
32672,train
26171,train
25321,train
20140,train
20096,train
36853,train
1434,train
33921,train
939,train
37847,train
18393,train
12449,train
14958,train
27253,train
22147,train
21910,train
21818,train
16113,train
30492,train
27360,train
19513,train
12539,train
32018,train
18625,train
24356,train
10815,train
14917,train
24483,train
5865,train
4794,train
11335,train
12183,train
16334,train
18690,train
16239,train
34652,train
33187,train
27115,train
30238,train
28747,train
34437,train
15059,train
30846,train
6195,train
16290,train
37488,train
15603,train
35206,train
15400,train
35052,train
36457,train
18720,train
22210,train
16499,train
3314,train
28393,train
31429,train
25327,train
30268,train
14727,train
38799,train
23634,train
32046,train
21158,train
2129,train
33631,train
37260,train
21417,train
14893,train
2511,train
19898,train
16816,train
37846,train
23759,train
37546,train
9061,train
9569,train
36149,train
24018,train
38765,train
39226,train
37437,train
18712,train
3606,train
6794,train
659,train
23948,train
2769,train
9371,train
9033,train
12758,train
30527,train
35081,train
38067,train
3597,train
19119,train
30743,train
21117,train
4398,train
33273,train
29670,train
22522,train
26168,train
30833,train
21653,train
12275,train
13429,train
32180,train
7953,train
36023,train
39284,train
14678,train
5307,train
29127,train
7998,train
9393,train
1512,train
4041,train
9610,train
39146,train
37170,train
920,train
21261,train
15652,train
30078,train
30275,train
22763,train
18120,train
36940,train
5373,train
37872,train
1928,train
29772,train
19552,train
19188,train
28577,train
33935,train
10116,train
15170,train
30067,train
9261,train
32082,train
28437,train
34065,train
20185,train
21712,train
2854,train
3236,train
19270,train
1475,train
4847,train
16707,train
5736,train
31460,train
22971,train
8565,train
8711,train
31166,train
31876,train
26464,train
23049,train
37816,train
19312,train
25382,train
27749,train
18700,train
17168,train
6760,train
30867,train
25179,train
38541,train
15276,train
19223,train
34738,train
34210,train
3409,train
36196,train
27445,train
37788,train
10123,train
34116,train
13496,train
5508,train
16306,train
18860,train
1126,train
25947,train
12311,train
36373,train
24992,train
23382,train
26653,train
352,train
18064,train
28896,train
13362,train
19431,train
31104,train
31702,train
18749,train
26148,train
18563,train
5132,train
25784,train
20437,train
32804,train
38756,train
18986,train
17915,train
4314,train
13424,train
6448,train
38182,train
27770,train
34565,train
25979,train
30617,train
23613,train
35038,train
6890,train
16244,train
10217,train
6303,train
29975,train
24140,train
1088,train
7197,train
14506,train
18836,train
29401,train
20644,train
19333,train
11720,train
18222,train
27646,train
31376,train
17528,train
11828,train
1322,train
39361,train
27870,train
18618,train
38944,train
31356,train
20856,train
14951,train
27530,train
22523,train
14515,train
8092,train
39256,train
11487,train
19477,train
16036,train
37934,train
20324,train
26686,train
4297,train
11241,train
15651,train
12336,train
30176,train
12749,train
5304,train
2553,train
5268,train
38110,train
7427,train
296,train
34416,train
26432,train
28682,train
5103,train
27155,train
34524,train
32139,train
1621,train
13019,train
11133,train
6661,train
30623,train
6373,train
38444,train
18714,train
15714,train
36727,train
1840,train
20120,train
22729,train
1917,train
21620,train
10641,train
5563,train
27953,train
12777,train
34003,train
9023,train
35414,train
2969,train
24428,train
18014,train
12045,train
30576,train
25642,train
16663,train
14618,train
16944,train
30346,train
20554,train
24065,train
3233,train
3163,train
13205,train
22949,train
7639,train
21293,train
33460,train
25102,train
27277,train
31899,train
18645,train
29836,train
7684,train
8483,train
17020,train
22140,train
12705,train
38925,train
13997,train
8078,train
32039,train
6293,train
15021,train
13163,train
18423,train
14673,train
36318,train
2791,train
3005,train
8613,train
29599,train
21602,train
105,train
4483,train
35328,train
31903,train
34217,train
884,train
20578,train
35380,train
25627,train
14220,train
20183,train
36677,train
32703,train
31769,train
6105,train
26622,train
15637,train
2170,train
8542,train
1971,train
19992,train
35972,train
11204,train
26192,train
5086,train
2070,train
12300,train
26011,train
31493,train
20962,train
4590,train
30164,train
16933,train
4335,train
24366,train
27900,train
34868,train
23530,train
3258,train
36707,train
8421,train
13228,train
5363,train
21663,train
2698,train
11634,train
34205,train
10903,train
18092,train
21646,train
8864,train
35305,train
13622,train
30599,train
21764,train
24533,train
5946,train
12814,train
27213,train
1624,train
20848,train
24008,train
6565,train
34290,train
7263,train
32177,train
6458,train
28622,train
12707,train
39611,train
34345,train
30355,train
21955,train
10120,train
23777,train
7895,train
33304,train
24011,train
25610,train
10739,train
37648,train
20646,train
13128,train
11619,train
24694,train
15715,train
16890,train
4480,train
20820,train
10660,train
16498,train
6563,train
21992,train
3958,train
14364,train
32958,train
25380,train
27763,train
31678,train
11637,train
11744,train
3696,train
17320,train
35765,train
15112,train
12910,train
5467,train
13719,train
3591,train
22380,train
28944,train
23562,train
38632,train
23651,train
2596,train
38482,train
30420,train
8662,train
2928,train
20382,train
18878,train
16671,train
4368,train
12009,train
37008,train
3600,train
20367,train
25836,train
35746,train
15417,train
6762,train
21881,train
38940,train
35515,train
1473,train
38641,train
1652,train
6247,train
4354,train
39358,train
34020,train
30503,train
778,train
4834,train
12054,train
7211,train
19702,train
7770,train
18842,train
15523,train
4198,train
10629,train
33506,train
8968,train
18598,train
6676,train
23745,train
2028,train
1891,train
35309,train
31857,train
16419,train
11061,train
27785,train
33061,train
39087,train
19699,train
32712,train
14616,train
12584,train
3521,train
33268,train
36756,train
33016,train
13233,train
2055,train
1157,train
12018,train
29274,train
15068,train
4090,train
3723,train
1738,train
27732,train
36590,train
7145,train
27486,train
34693,train
29950,train
37257,train
23331,train
16023,train
35716,train
17239,train
6334,train
24816,train
31175,train
13546,train
30852,train
36236,train
28527,train
17333,train
8928,train
15189,train
28226,train
38759,train
8415,train
32173,train
35703,train
10571,train
20154,train
38374,train
971,train
38440,train
28720,train
6594,train
5974,train
23175,train
16655,train
29448,train
34826,train
37943,train
23446,train
12534,train
24169,train
19117,train
468,train
29285,train
19142,train
29776,train
5796,train
13817,train
34338,train
9539,train
11329,train
34503,train
27807,train
14358,train
33903,train
26018,train
31416,train
34765,train
39026,train
26145,train
10645,train
31578,train
2839,train
20477,train
32381,train
5718,train
21063,train
19715,train
14578,train
18322,train
10758,train
14343,train
28910,train
27966,train
28269,train
3622,train
6799,train
821,train
8838,train
35641,train
33917,train
19002,train
15044,train
33722,train
12150,train
16867,train
14262,train
14355,train
12563,train
14645,train
12223,train
2525,train
30173,train
23109,train
18364,train
37156,train
30260,train
26454,train
14215,train
4994,train
6400,train
18693,train
8952,train
20194,train
35747,train
33774,train
37536,train
2200,train
11807,train
7153,train
24039,train
20278,train
30988,train
14551,train
22569,train
26817,train
34051,train
23690,train
11232,train
26106,train
5145,train
29020,train
4405,train
33704,train
9695,train
21684,train
11037,train
28858,train
35185,train
20537,train
9951,train
19527,train
34298,train
23440,train
320,train
36633,train
34590,train
11435,train
8963,train
36269,train
56,train
3885,train
37777,train
27820,train
26355,train
6664,train
15659,train
18280,train
7632,train
20276,train
31634,train
12496,train
14929,train
38887,train
30654,train
29698,train
12754,train
13300,train
14478,train
24864,train
881,train
15015,train
6966,train
6107,train
9282,train
27229,train
23472,train
9379,train
26823,train
17485,train
5844,train
24176,train
27906,train
31082,train
16885,train
31300,train
14504,train
27422,train
4892,train
3266,train
4039,train
23039,train
39171,train
5863,train
33862,train
17009,train
22631,train
6036,train
15889,train
3693,train
8125,train
776,train
34167,train
16627,train
23262,train
26729,train
8267,train
32193,train
22787,train
26626,train
4023,train
34370,train
16861,train
39428,train
13642,train
13699,train
17758,train
4081,train
20744,train
24514,train
12718,train
25694,train
30087,train
4796,train
8897,train
19003,train
38035,train
29966,train
8961,train
8624,train
31973,train
22672,train
1962,train
11752,train
19938,train
9176,train
17648,train
36868,train
32307,train
1455,train
32463,train
32920,train
3610,train
11770,train
16249,train
31818,train
26804,train
23702,train
32902,train
38878,train
8022,train
23808,train
9844,train
32256,train
11030,train
4717,train
22234,train
28385,train
19966,train
20132,train
608,train
24007,train
7046,train
29551,train
3392,train
36057,train
1746,train
5544,train
18189,train
6427,train
31230,train
28614,train
24468,train
13333,train
7424,train
2141,train
33657,train
23998,train
789,train
26984,train
19180,train
29218,train
7662,train
6716,train
17761,train
5321,train
37642,train
23910,train
38303,train
3037,train
12430,train
24647,train
25928,train
14391,train
36247,train
16825,train
28766,train
17011,train
270,train
9747,train
13594,train
7760,train
38587,train
2555,train
5245,train
25076,train
32950,train
17553,train
28701,train
27063,train
39240,train
25461,train
17052,train
18579,train
15233,train
11876,train
18451,train
1469,train
10961,train
1458,train
2736,train
3627,train
27888,train
29190,train
7597,train
21200,train
29433,train
1479,train
6745,train
1821,train
27606,train
20507,train
29805,train
14601,train
28882,train
24648,train
16064,train
132,train
28429,train
37925,train
26446,train
15874,train
25887,train
14191,train
38770,train
32091,train
39347,train
26600,train
34040,train
37714,train
36792,train
37604,train
32659,train
10064,train
31304,train
23159,train
4282,train
19584,train
1547,train
7735,train
29373,train
22804,train
9486,train
23194,train
30189,train
26269,train
30455,train
3101,train
20168,train
34021,train
31740,train
38674,train
24119,train
34376,train
20919,train
31298,train
38014,train
35302,train
31005,train
33246,train
4195,train
32840,train
8454,train
23228,train
26242,train
8826,train
38292,train
32416,train
8284,train
7214,train
15410,train
23138,train
20944,train
22806,train
7547,train
28046,train
29981,train
10132,train
11367,train
9003,train
28998,train
8648,train
33464,train
27932,train
9385,train
14383,train
11018,train
37258,train
4775,train
13899,train
34100,train
34074,train
29875,train
5131,train
22209,train
25848,train
505,train
6394,train
11691,train
20934,train
20792,train
1472,train
15077,train
9740,train
37035,train
37012,train
11718,train
9717,train
37426,train
790,train
15875,train
19467,train
31544,train
29256,train
3982,train
4738,train
19740,train
5636,train
24097,train
7667,train
5607,train
5205,train
20020,train
29904,train
22529,train
8823,train
7938,train
23154,train
27703,train
379,train
6449,train
38806,train
26781,train
5003,train
23916,train
17966,train
7777,train
31226,train
17057,train
30236,train
14905,train
34366,train
11314,train
1649,train
30839,train
26410,train
10469,train
3829,train
27128,train
26914,train
13294,train
29937,train
23815,train
19573,train
37734,train
13365,train
6124,train
19518,train
28702,train
12462,train
27698,train
13876,train
10053,train
11661,train
22778,train
28650,train
33082,train
26258,train
29658,train
30585,train
3082,train
8828,train
7654,train
33836,train
4903,train
160,train
27426,train
8144,train
38764,train
9139,train
26090,train
14277,train
13468,train
10259,train
6980,train
24363,train
30906,train
37130,train
30553,train
33929,train
22046,train
3562,train
9443,train
18490,train
35684,train
15257,train
32417,train
37538,train
15183,train
15333,train
30643,train
38489,train
28927,train
28958,train
4956,train
36801,train
29811,train
15960,train
25961,train
9439,train
22407,train
36849,train
4559,train
38983,train
16404,train
28542,train
4287,train
15485,train
21177,train
27172,train
2204,train
21876,train
38216,train
33199,train
2095,train
24495,train
31548,train
19429,train
29968,train
32320,train
787,train
36212,train
27920,train
26487,train
6769,train
2573,train
15743,train
817,train
18570,train
38909,train
20876,train
18005,train
10752,train
6857,train
5847,train
4762,train
14568,train
20376,train
10375,train
20365,train
26530,train
28549,train
5523,train
13308,train
29294,train
27034,train
17375,train
21301,train
7534,train
4207,train
12251,train
26386,train
17939,train
39245,train
26457,train
6501,train
82,train
4833,train
2359,train
10380,train
29605,train
16641,train
23311,train
16137,train
29313,train
3117,train
23827,train
32699,train
11149,train
20370,train
12513,train
22293,train
9804,train
27233,train
6763,train
32103,train
36772,train
24290,train
13373,train
3481,train
37105,train
38802,train
24576,train
6913,train
24598,train
39584,train
5430,train
30135,train
6888,train
10292,train
16425,train
3511,train
34569,train
485,train
17442,train
11955,train
19128,train
28599,train
16544,train
2690,train
37300,train
3567,train
17195,train
26711,train
16420,train
29458,train
3871,train
26402,train
8388,train
6056,train
10291,train
3276,train
25977,train
32337,train
32691,train
32372,train
18488,train
15608,train
5171,train
9933,train
15498,train
23632,train
36451,train
3092,train
26518,train
23908,train
13625,train
24068,train
21974,train
11410,train
38397,train
11615,train
34121,train
36541,train
34198,train
39033,train
31751,train
35928,train
30160,train
8386,train
9265,train
27250,train
32285,train
21946,train
16788,train
29175,train
19494,train
38210,train
3057,train
36912,train
16484,train
25693,train
30103,train
20611,train
11980,train
20357,train
25384,train
25495,train
17366,train
19910,train
37213,train
12759,train
30182,train
19963,train
28732,train
8872,train
21949,train
25526,train
17311,train
8263,train
12393,train
19818,train
11224,train
19489,train
14397,train
16058,train
14967,train
11017,train
31701,train
27642,train
38339,train
18548,train
17999,train
14723,train
7818,train
12896,train
7615,train
33115,train
18154,train
3482,train
10949,train
34727,train
14717,train
10847,train
90,train
23176,train
6029,train
23771,train
28543,train
20725,train
21569,train
23469,train
18190,train
16288,train
26703,train
13137,train
29293,train
33949,train
21686,train
22344,train
33270,train
37983,train
12061,train
19724,train
39222,train
39568,train
10088,train
32771,train
3018,train
38880,train
32146,train
9706,train
11160,train
9121,train
38527,train
37897,train
19674,train
10578,train
21059,train
13285,train
21085,train
2774,train
32069,train
25517,train
32613,train
1944,train
30008,train
34500,train
36433,train
25470,train
16924,train
27272,train
37345,train
28489,train
32138,train
24224,train
14872,train
19448,train
21010,train
10089,train
36892,train
9341,train
28047,train
38274,train
9817,train
18556,train
13410,train
8997,train
27776,train
26604,train
19941,train
15568,train
31815,train
31872,train
7217,train
38889,train
30209,train
13674,train
8383,train
24423,train
27791,train
34469,train
31264,train
6325,train
26505,train
15360,train
7650,train
30513,train
4061,train
21217,train
23698,train
28161,train
14180,train
306,train
34793,train
17006,train
32298,train
32346,train
10167,train
4880,train
31351,train
28236,train
129,train
22096,train
24231,train
2111,train
22673,train
36425,train
15964,train
27151,train
11094,train
15920,train
37269,train
18722,train
239,train
27053,train
21484,train
22629,train
30005,train
12237,train
38062,train
5023,train
14112,train
32679,train
27719,train
17638,train
5310,train
131,train
16025,train
19723,train
18635,train
21273,train
27487,train
3434,train
3471,train
701,train
30162,train
1171,train
26353,train
29992,train
14368,train
20348,train
25163,train
11350,train
9131,train
24687,train
12656,train
38281,train
1749,train
11817,train
25953,train
38593,train
3882,train
6823,train
27947,train
1864,train
6203,train
28587,train
17373,train
22947,train
33135,train
1893,train
33263,train
2146,train
23495,train
39328,train
710,train
36823,train
2241,train
31362,train
17178,train
5522,train
35351,train
37127,train
4190,train
4514,train
37605,train
28956,train
20396,train
1986,train
31062,train
3040,train
30994,train
12202,train
2099,train
35003,train
8514,train
39279,train
34998,train
35310,train
33441,train
8070,train
22727,train
6655,train
14327,train
8466,train
1639,train
10379,train
35751,train
35832,train
29161,train
21029,train
16921,train
25931,train
24404,train
11883,train
27901,train
5581,train
11554,train
13312,train
5511,train
33725,train
5876,train
4247,train
905,train
9123,train
33017,train
30573,train
22790,train
28191,train
14540,train
27884,train
18289,train
7681,train
8003,train
18713,train
14376,train
10129,train
32735,train
6819,train
27539,train
14140,train
31571,train
29598,train
17585,train
16984,train
5167,train
13842,train
30746,train
28530,train
27147,train
7573,train
16351,train
25503,train
20967,train
25489,train
24936,train
8922,train
5015,train
2683,train
21402,train
30997,train
1492,train
21941,train
35710,train
12961,train
9223,train
6847,train
20265,train
37923,train
22445,train
27914,train
15357,train
20928,train
5542,train
28880,train
6649,train
19265,train
13334,train
34988,train
1561,train
32508,train
23631,train
17467,train
38598,train
16783,train
6771,train
13609,train
36624,train
5594,train
38004,train
18959,train
5164,train
17975,train
26324,train
36810,train
11419,train
12468,train
17680,train
5264,train
226,train
28207,train
37494,train
23083,train
29083,train
3825,train
24872,train
14796,train
22986,train
12099,train
26655,train
21487,train
12143,train
23044,train
4800,train
128,train
12878,train
16322,train
38899,train
32159,train
6460,train
33861,train
33072,train
13371,train
16830,train
18831,train
9052,train
25525,train
449,train
35589,train
25428,train
19124,train
3933,train
17353,train
26691,train
33840,train
36352,train
26421,train
33543,train
17400,train
8508,train
37224,train
35770,train
6308,train
23609,train
34071,train
22145,train
2760,train
22846,train
9832,train
25949,train
1772,train
34575,train
9315,train
23861,train
25341,train
9908,train
11354,train
17103,train
37606,train
13542,train
913,train
12385,train
14592,train
5097,train
15527,train
38929,train
30401,train
30747,train
32179,train
5819,train
33650,train
24790,train
15670,train
6735,train
16755,train
11638,train
5460,train
11551,train
13433,train
9055,train
21236,train
24832,train
19275,train
24995,train
7875,train
20912,train
13910,train
32530,train
5637,train
8873,train
29791,train
33767,train
4288,train
37220,train
17806,train
21335,train
29330,train
1633,train
10956,train
17501,train
35424,train
4772,train
12156,train
24010,train
19792,train
20872,train
27247,train
38422,train
37021,train
22989,train
1282,train
25490,train
32156,train
31288,train
6826,train
22572,train
31580,train
18963,train
16877,train
27001,train
29600,train
4954,train
38209,train
34429,train
39098,train
27160,train
29788,train
24525,train
4927,train
7584,train
32539,train
33375,train
37729,train
25142,train
27027,train
8216,train
26970,train
5859,train
34278,train
963,train
4356,train
22548,train
4217,train
4959,train
34604,train
25868,train
36120,train
6689,train
27237,train
37441,train
6461,train
24059,train
4332,train
552,train
36200,train
17292,train
32170,train
36514,train
37585,train
32384,train
18664,train
7299,train
37516,train
27517,train
12769,train
14814,train
9676,train
30584,train
25370,train
12288,train
38287,train
29636,train
5342,train
20465,train
23017,train
10799,train
20333,train
30002,train
15992,train
26040,train
19511,train
4131,train
37584,train
23245,train
11275,train
28050,train
31002,train
17015,train
37243,train
39228,train
14096,train
7245,train
18985,train
8051,train
7709,train
3486,train
19456,train
30447,train
37168,train
16926,train
9562,train
36322,train
8536,train
3298,train
21715,train
22571,train
19090,train
33516,train
19665,train
21145,train
1868,train
4341,train
22511,train
29833,train
32388,train
21641,train
28305,train
28350,train
32359,train
16681,train
7866,train
1224,train
28209,train
22018,train
36462,train
34119,train
32817,train
8713,train
23851,train
26801,train
14247,train
26698,train
12415,train
29406,train
12141,train
7911,train
8042,train
9156,train
6261,train
27563,train
35266,train
25324,train
6263,train
28696,train
1009,train
14205,train
16916,train
24600,train
25081,train
20645,train
12411,train
1389,train
28735,train
15206,train
25165,train
23680,train
4950,train
36729,train
13319,train
28756,train
31290,train
31310,train
22639,train
25891,train
12699,train
18009,train
4597,train
37530,train
7205,train
39595,train
30484,train
3858,train
12416,train
21164,train
2080,train
17278,train
19491,train
24084,train
18171,train
17258,train
16648,train
35642,train
35016,train
22898,train
1516,train
7404,train
12479,train
8244,train
13920,train
7165,train
36879,train
35502,train
19613,train
13390,train
27894,train
34288,train
37739,train
33257,train
31249,train
25521,train
16164,train
28177,train
2516,train
18844,train
39505,train
3371,train
38767,train
19882,train
12434,train
7393,train
28189,train
29892,train
11680,train
4648,train
24568,train
14443,train
36608,train
26295,train
32034,train
896,train
5335,train
33222,train
19272,train
27588,train
36008,train
26900,train
25115,train
5444,train
8670,train
20464,train
34655,train
10383,train
31618,train
27846,train
4990,train
33396,train
14184,train
31369,train
13593,train
22000,train
27402,train
36128,train
22069,train
31572,train
3718,train
18006,train
21954,train
9878,train
22189,train
30631,train
15506,train
16329,train
11688,train
25410,train
4086,train
21011,train
32409,train
38980,train
15703,train
36960,train
23298,train
23058,train
17564,train
1549,train
34139,train
19653,train
17885,train
32604,train
39170,train
16515,train
20055,train
9499,train
23629,train
21143,train
31436,train
11811,train
36194,train
33888,train
23608,train
34230,train
10461,train
20460,train
24843,train
27796,train
4678,train
15604,train
26607,train
31568,train
37316,train
12055,train
7125,train
28603,train
19510,train
11735,train
11425,train
15319,train
18947,train
1646,train
748,train
21263,train
35652,train
860,train
35201,train
31108,train
35449,train
14754,train
27576,train
21382,train
37031,train
2098,train
12623,train
35616,train
5398,train
29085,train
15740,train
36719,train
31866,train
15590,train
36345,train
23136,train
15341,train
32332,train
36013,train
26561,train
21785,train
16184,train
29082,train
2463,train
4375,train
24471,train
22552,train
14109,train
21020,train
29298,train
19163,train
4701,train
29528,train
15272,train
7864,train
7640,train
2366,train
5392,train
20712,train
31900,train
33069,train
17576,train
20775,train
6347,train
14972,train
6495,train
9319,train
23290,train
8728,train
16452,train
32356,train
7430,train
11587,train
9640,train
3216,train
28428,train
18424,train
38276,train
19790,train
29610,train
2851,train
28142,train
8627,train
7527,train
19184,train
26346,train
17396,train
21790,train
1195,train
26565,train
37871,train
15057,train
12389,train
20104,train
26388,train
37532,train
22327,train
2414,train
30115,train
21116,train
38528,train
18074,train
30894,train
8283,train
18821,train
2400,train
6425,train
36414,train
22184,train
28027,train
1533,train
25945,train
32825,train
36438,train
21921,train
35533,train
24686,train
25734,train
35021,train
8800,train
28476,train
16897,train
25319,train
22888,train
35918,train
35219,train
13826,train
9794,train
31060,train
26695,train
17204,train
4593,train
30807,train
22255,train
13108,train
28135,train
1341,train
30845,train
22094,train
12176,train
19476,train
38260,train
34179,train
19338,train
33156,train
4753,train
23540,train
24664,train
2120,train
16979,train
9973,train
22296,train
984,train
27790,train
25499,train
27184,train
38982,train
22135,train
20297,train
16473,train
22111,train
25161,train
18962,train
18216,train
2138,train
4676,train
31638,train
4216,train
31221,train
31220,train
22161,train
39288,train
10930,train
14064,train
33294,train
35230,train
15669,train
9764,train
17789,train
38268,train
7798,train
34050,train
5975,train
11124,train
23129,train
30605,train
32481,train
26605,train
23895,train
36055,train
4881,train
15840,train
32117,train
33083,train
1580,train
3505,train
16827,train
21102,train
17339,train
14876,train
35524,train
19602,train
23238,train
3835,train
32523,train
6399,train
26797,train
11941,train
9274,train
29963,train
23618,train
29051,train
17791,train
9469,train
14726,train
12128,train
18352,train
33711,train
436,train
2830,train
6403,train
7628,train
26979,train
18429,train
29202,train
11064,train
18506,train
19213,train
33753,train
39278,train
10736,train
3004,train
29570,train
6468,train
29718,train
19150,train
31508,train
21658,train
9082,train
37980,train
37957,train
9473,train
34373,train
5771,train
14211,train
32347,train
14877,train
22027,train
33911,train
251,train
36495,train
2789,train
5122,train
36270,train
9611,train
17472,train
5278,train
31961,train
23707,train
7485,train
35257,train
34022,train
33527,train
19980,train
30775,train
28522,train
20731,train
24292,train
39009,train
10561,train
9135,train
482,train
28687,train
291,train
35885,train
14521,train
243,train
26135,train
31167,train
37181,train
31399,train
36104,train
11177,train
11644,train
26102,train
18085,train
21778,train
22579,train
2327,train
24588,train
6605,train
10681,train
8429,train
34356,train
14123,train
7262,train
26231,train
3478,train
35970,train
9685,train
37860,train
2682,train
19937,train
18377,train
3954,train
38105,train
29878,train
30728,train
6580,train
9894,train
11536,train
38819,train
28174,train
24212,train
14636,train
17261,train
29868,train
15147,train
775,train
32576,train
17779,train
16185,train
16996,train
32543,train
12902,train
32831,train
9556,train
17972,train
22540,train
31094,train
30963,train
6702,train
20758,train
4654,train
12474,train
38288,train
36991,train
19918,train
8869,train
23950,train
18969,train
30514,train
34488,train
11931,train
19830,train
20248,train
16806,train
345,train
16241,train
38013,train
39588,train
34361,train
30228,train
15697,train
34788,train
22226,train
4103,train
38634,train
22849,train
17821,train
18188,train
4327,train
25188,train
24751,train
39292,train
13172,train
35772,train
21412,train
7137,train
9280,train
36660,train
17270,train
21697,train
23705,train
37190,train
22330,train
19856,train
35381,train
3498,train
25733,train
33900,train
6967,train
29354,train
2651,train
26209,train
19187,train
7711,train
24975,train
35076,train
39552,train
12600,train
18950,train
39055,train
19523,train
20584,train
1482,train
38237,train
33314,train
3048,train
22386,train
21703,train
26926,train
25592,train
1062,train
2123,train
9651,train
7450,train
15444,train
8195,train
24298,train
20118,train
18465,train
1427,train
3948,train
25704,train
14306,train
12076,train
33567,train
6805,train
27157,train
20522,train
23708,train
15589,train
19392,train
3749,train
33130,train
16640,train
38568,train
36761,train
37085,train
21283,train
20674,train
168,train
22715,train
5871,train
28272,train
15672,train
31150,train
37342,train
6345,train
10567,train
29619,train
10870,train
28024,train
33923,train
30248,train
38986,train
12250,train
1895,train
30945,train
22092,train
30525,train
1872,train
23467,train
19777,train
1210,train
23098,train
20957,train
2338,train
27671,train
25224,train
20091,train
16549,train
22713,train
14388,train
27504,train
39388,train
24331,train
25767,train
14622,train
10686,train
13563,train
4102,train
910,train
29595,train
23361,train
33978,train
35066,train
9690,train
8148,train
32174,train
12773,train
634,train
2466,train
12868,train
15781,train
12980,train
2594,train
12129,train
21555,train
5473,train
13661,train
4015,train
27561,train
21329,train
16465,train
509,train
36515,train
10820,train
17743,train
3601,train
27275,train
32432,train
18874,train
37888,train
34875,train
34669,train
2514,train
13791,train
14916,train
38373,train
3764,train
19654,train
19671,train
19619,train
10052,train
7739,train
38833,train
25831,train
20076,train
397,train
17764,train
3290,train
17609,train
29084,train
7710,train
35552,train
28006,train
26539,train
22946,train
24744,train
38675,train
15458,train
20293,train
36458,train
4689,train
1296,train
34483,train
23746,train
9948,train
26541,train
25424,train
38619,train
14789,train
20063,train
26296,train
4699,train
12391,train
12757,train
22699,train
34564,train
737,train
5568,train
7949,train
17097,train
462,train
1672,train
4795,train
21586,train
37068,train
15492,train
28596,train
28315,train
1935,train
9836,train
7289,train
8176,train
34741,train
9266,train
34989,train
25858,train
8947,train
6526,train
26687,train
14268,train
15730,train
5384,train
25014,train
1776,train
30107,train
19361,train
7750,train
24433,train
13629,train
2674,train
17100,train
23898,train
3915,train
23250,train
18920,train
32676,train
35344,train
30897,train
19812,train
10552,train
22814,train
29693,train
26683,train
4845,train
38762,train
38613,train
8846,train
32435,train
31305,train
21225,train
16797,train
28113,train
11639,train
23591,train
6057,train
5615,train
36173,train
302,train
29214,train
5848,train
6997,train
3734,train
1233,train
5377,train
30082,train
26349,train
13412,train
34794,train
16834,train
10264,train
962,train
19683,train
10694,train
931,train
19690,train
23580,train
31253,train
20215,train
16159,train
5125,train
3283,train
28507,train
9157,train
29303,train
23023,train
33953,train
25139,train
7149,train
33444,train
17989,train
3364,train
9344,train
12983,train
4669,train
22771,train
9304,train
28480,train
11391,train
38063,train
37400,train
29642,train
3559,train
17571,train
21520,train
11274,train
33913,train
32252,train
32662,train
30933,train
29894,train
36732,train
34681,train
24852,train
22262,train
5312,train
6509,train
1503,train
9780,train
8446,train
3642,train
6230,train
31427,train
7824,train
30091,train
30006,train
3677,train
15355,train
31573,train
37618,train
2503,train
3399,train
19796,train
7283,train
3787,train
32642,train
28951,train
7653,train
18869,train
12091,train
5083,train
16767,train
17773,train
38687,train
30382,train
10102,train
15768,train
12133,train
12427,train
33480,train
8709,train
36828,train
15667,train
3093,train
5177,train
15991,train
750,train
14339,train
28052,train
7234,train
1643,train
22363,train
31278,train
3370,train
11796,train
28148,train
35887,train
28592,train
21119,train
25144,train
16801,train
1662,train
15627,train
5976,train
18984,train
28955,train
26341,train
39448,train
31980,train
38595,train
36252,train
17427,train
5555,train
3219,train
25061,train
1038,train
16009,train
39385,train
37520,train
35902,train
32596,train
3077,train
8790,train
32316,train
33756,train
7417,train
20059,train
8647,train
4250,train
6235,train
4971,train
9895,train
36308,train
1616,train
5348,train
5227,train
2133,train
8502,train
23237,train
20542,train
32789,train
17253,train
34801,train
15072,train
28074,train
21234,train
21171,train
7321,train
23276,train
6120,train
29000,train
15792,train
17906,train
33690,train
9464,train
15830,train
1793,train
1687,train
5293,train
28862,train
38972,train
11603,train
614,train
38363,train
5383,train
13595,train
7670,train
13330,train
35155,train
9273,train
32929,train
39289,train
32690,train
29518,train
17632,train
38333,train
9407,train
27575,train
29565,train
26647,train
6328,train
2831,train
21215,train
535,train
8096,train
34344,train
19793,train
17531,train
36769,train
16604,train
16024,train
13877,train
28906,train
19968,train
5329,train
23576,train
26583,train
10484,train
21827,train
32470,train
9869,train
1011,train
24955,train
7259,train
32451,train
20940,train
29147,train
20147,train
35773,train
31269,train
32449,train
39519,train
177,train
16397,train
17409,train
1351,train
28984,train
34555,train
30559,train
8329,train
22601,train
27597,train
195,train
7666,train
223,train
21150,train
25323,train
14432,train
4666,train
14186,train
28176,train
35441,train
12248,train
12256,train
39602,train
39190,train
13368,train
28441,train
22714,train
19289,train
25190,train
2563,train
12480,train
13717,train
26589,train
25206,train
23782,train
4973,train
20414,train
11106,train
12662,train
31525,train
3624,train
29969,train
31384,train
17794,train
9243,train
16582,train
13718,train
9591,train
18621,train
5465,train
25564,train
4360,train
12271,train
19441,train
30364,train
26765,train
20904,train
7464,train
19969,train
25774,train
9122,train
8655,train
21745,train
37331,train
32815,train
12875,train
22292,train
14683,train
14033,train
23672,train
17525,train
3730,train
25797,train
22905,train
4292,train
27839,train
3361,train
2382,train
38985,train
16650,train
36464,train
39449,train
21880,train
17130,train
911,train
23099,train
13873,train
22907,train
39201,train
33340,train
18287,train
29813,train
9041,train
14000,train
6436,train
31685,train
6825,train
5749,train
39003,train
7782,train
22555,train
37109,train
33022,train
19505,train
17784,train
32010,train
7975,train
34436,train
22351,train
9397,train
34159,train
30940,train
6218,train
26222,train
31708,train
5784,train
13525,train
15095,train
33541,train
3745,train
13894,train
11851,train
34241,train
3159,train
9362,train
10393,train
31822,train
35591,train
35129,train
16355,train
474,train
28076,train
2375,train
27848,train
22803,train
2255,train
32300,train
14008,train
10117,train
25252,train
12039,train
20616,train
2286,train
4118,train
26634,train
35787,train
33728,train
10408,train
3453,train
4321,train
38357,train
22828,train
24299,train
7613,train
10302,train
19203,train
7456,train
4235,train
9098,train
25249,train
9247,train
3555,train
27087,train
38902,train
21613,train
18389,train
4895,train
30491,train
13789,train
5366,train
10122,train
37763,train
37319,train
39593,train
15058,train
28851,train
39038,train
22099,train
2735,train
26792,train
26004,train
37737,train
17091,train
34535,train
3244,train
14473,train
19704,train
26233,train
37179,train
20391,train
37850,train
15631,train
32987,train
29910,train
35977,train
7704,train
6108,train
17303,train
2504,train
20462,train
2104,train
35340,train
14849,train
13278,train
36952,train
6938,train
24903,train
34580,train
2815,train
38576,train
18359,train
17862,train
10001,train
5458,train
39198,train
35395,train
18117,train
23677,train
33010,train
1206,train
23424,train
455,train
31457,train
3499,train
3831,train
32043,train
17093,train
8189,train
15709,train
31260,train
28560,train
5675,train
17317,train
20740,train
20501,train
7525,train
20797,train
27338,train
32342,train
24617,train
18283,train
22200,train
5806,train
23924,train
20677,train
1474,train
25528,train
3721,train
37674,train
24793,train
2822,train
27875,train
30618,train
15084,train
26458,train
25951,train
2829,train
21956,train
15069,train
14664,train
2279,train
29198,train
26046,train
15660,train
12572,train
1093,train
6977,train
5562,train
38504,train
30018,train
5471,train
11967,train
23287,train
26839,train
19046,train
17059,train
24499,train
26800,train
21840,train
19754,train
23450,train
10195,train
1400,train
27559,train
15755,train
30517,train
20640,train
11307,train
19713,train
19031,train
10679,train
39472,train
27505,train
24715,train
38574,train
32621,train
18390,train
32884,train
23883,train
13848,train
20622,train
33357,train
10490,train
10755,train
2275,train
13271,train
7280,train
152,train
36129,train
19136,train
26057,train
36751,train
1236,train
1074,train
31010,train
11716,train
9244,train
27610,train
30996,train
35640,train
16688,train
29490,train
18585,train
21595,train
32754,train
11111,train
23753,train
24724,train
6383,train
3417,train
8554,train
7896,train
15879,train
29695,train
29314,train
14655,train
38124,train
31947,train
15500,train
9388,train
11360,train
31279,train
2023,train
32460,train
3083,train
13267,train
25662,train
18864,train
3883,train
25658,train
21575,train
7062,train
19016,train
13029,train
1284,train
3457,train
12590,train
35221,train
33274,train
15883,train
14380,train
36701,train
18499,train
38535,train
13067,train
11570,train
28833,train
7413,train
28971,train
17853,train
5061,train
6948,train
14815,train
16717,train
27579,train
31527,train
27531,train
19195,train
5375,train
5755,train
9063,train
35594,train
9570,train
26320,train
3112,train
30290,train
10294,train
11409,train
36683,train
21038,train
28144,train
3560,train
24003,train
1382,train
22595,train
28198,train
9692,train
6068,train
37624,train
12975,train
23160,train
17177,train
34822,train
24737,train
33773,train
18340,train
27523,train
30808,train
21594,train
2247,train
37483,train
21643,train
27055,train
9272,train
39363,train
27622,train
32939,train
11606,train
28013,train
19736,train
9134,train
7945,train
19604,train
18029,train
27002,train
27332,train
22170,train
17744,train
4644,train
5660,train
16333,train
19092,train
7401,train
3237,train
23692,train
12676,train
18102,train
32181,train
36687,train
16253,train
33247,train
19691,train
18373,train
28341,train
8563,train
15149,train
5445,train
34901,train
29673,train
9872,train
19105,train
11537,train
32228,train
1674,train
20345,train
34735,train
5525,train
27963,train
32273,train
28657,train
7934,train
19894,train
4920,train
37364,train
32160,train
12658,train
8820,train
735,train
11629,train
22695,train
29103,train
1663,train
26790,train
18267,train
16062,train
22227,train
33178,train
16616,train
29165,train
15258,train
23542,train
15472,train
3164,train
30432,train
35447,train
13052,train
39048,train
21636,train
24888,train
35400,train
25770,train
15880,train
22042,train
9430,train
2274,train
12799,train
37555,train
31296,train
15809,train
23492,train
13932,train
37562,train
10920,train
29459,train
34954,train
37244,train
37314,train
6492,train
11429,train
19,train
12998,train
9437,train
36277,train
9748,train
23320,train
37521,train
26560,train
4200,train
26022,train
6628,train
21862,train
1876,train
23248,train
15185,train
32922,train
37684,train
4960,train
17848,train
6019,train
6817,train
1802,train
21247,train
627,train
38197,train
22352,train
16135,train
27088,train
15063,train
38121,train
20358,train
12802,train
35378,train
19414,train
6074,train
25467,train
16661,train
15358,train
13107,train
4623,train
29679,train
9930,train
2849,train
9049,train
30403,train
4539,train
34632,train
35138,train
16096,train
32911,train
6462,train
7830,train
35795,train
39063,train
17610,train
10754,train
32074,train
2333,train
21791,train
15193,train
32100,train
14209,train
3,train
19978,train
22322,train
5052,train
15102,train
22725,train
22883,train
26366,train
8945,train
11898,train
2818,train
19673,train
9424,train
36303,train
16092,train
10284,train
6641,train
27736,train
23247,train
13864,train
1106,train
17151,train
21186,train
29971,train
33587,train
3951,train
2342,train
24151,train
8231,train
18240,train
15160,train
4125,train
6917,train
36276,train
36355,train
6044,train
15786,train
35937,train
5389,train
9629,train
11265,train
21179,train
27492,train
11672,train
2705,train
36032,train
35057,train
23302,train
33094,train
21489,train
35341,train
25588,train
4694,train
32236,train
14528,train
25339,train
31324,train
10726,train
8278,train
6830,train
13215,train
22590,train
13121,train
8371,train
3586,train
10305,train
12342,train
31030,train
27905,train
20061,train
5176,train
14195,train
17816,train
16346,train
19114,train
35791,train
38167,train
19384,train
22640,train
1329,train
2966,train
24081,train
32090,train
16494,train
23517,train
39396,train
23489,train
26271,train
25329,train
14078,train
36038,train
17212,train
21299,train
8802,train
20858,train
30356,train
23767,train
25198,train
28649,train
4181,train
18273,train
9241,train
16231,train
7281,train
1410,train
17363,train
38560,train
17256,train
4984,train
5257,train
5173,train
32192,train
38885,train
12557,train
5828,train
32654,train
33154,train
12,train
8861,train
25199,train
101,train
5972,train
36213,train
34710,train
19595,train
26241,train
19872,train
37633,train
30680,train
11359,train
23842,train
16561,train
26316,train
31086,train
25996,train
14161,train
29597,train
20519,train
18043,train
6406,train
35771,train
12050,train
5214,train
19450,train
37222,train
22900,train
34073,train
12650,train
24870,train
30829,train
4285,train
39561,train
29593,train
11144,train
38356,train
23899,train
31675,train
10311,train
14421,train
6327,train
13753,train
27317,train
29335,train
8562,train
14057,train
36470,train
26253,train
27345,train
539,train
16490,train
14245,train
34848,train
31014,train
36925,train
25360,train
26125,train
35098,train
8549,train
8541,train
37343,train
6558,train
24257,train
36144,train
23515,train
295,train
9850,train
7581,train
19562,train
24226,train
15817,train
32031,train
4592,train
35249,train
30395,train
31235,train
34349,train
33851,train
25646,train
30698,train
12829,train
38919,train
11114,train
2179,train
27080,train
12640,train
16504,train
22341,train
15392,train
33124,train
12092,train
21614,train
5338,train
23148,train
10773,train
1573,train
15054,train
13623,train
21393,train
19162,train
11143,train
12074,train
35164,train
8424,train
18912,train
19209,train
14342,train
25732,train
36711,train
2253,train
21525,train
2978,train
36103,train
34615,train
16798,train
19110,train
36594,train
28752,train
28613,train
8534,train
1527,train
25240,train
11924,train
26365,train
4362,train
3038,train
23188,train
24328,train
30116,train
12761,train
33280,train
13444,train
24999,train
8762,train
14753,train
23784,train
9216,train
3105,train
19627,train
18616,train
24388,train
30529,train
2750,train
1205,train
23691,train
5301,train
19884,train
17090,train
4420,train
18378,train
36076,train
10788,train
14060,train
33726,train
17713,train
15719,train
14687,train
11608,train
33355,train
3061,train
824,train
650,train
38390,train
37226,train
27084,train
29816,train
1430,train
8036,train
1158,train
35871,train
15462,train
30199,train
15284,train
26481,train
37938,train
19617,train
25827,train
9110,train
6692,train
2556,train
29954,train
5236,train
242,train
11306,train
8856,train
29477,train
15285,train
22303,train
1283,train
33630,train
38871,train
20243,train
16123,train
37774,train
22968,train
28434,train
34594,train
15793,train
426,train
1773,train
23914,train
29669,train
20038,train
13838,train
33537,train
29707,train
22859,train
1908,train
10024,train
20007,train
11805,train
13253,train
29464,train
23197,train
20163,train
13486,train
38748,train
13290,train
14294,train
2131,train
19358,train
30010,train
23519,train
21242,train
7626,train
11334,train
33643,train
9567,train
2598,train
14256,train
19798,train
30439,train
27847,train
13914,train
35396,train
4254,train
28051,train
63,train
16301,train
1222,train
32348,train
34588,train
6785,train
12508,train
3319,train
30968,train
18634,train
27757,train
26594,train
30707,train
10865,train
25345,train
13812,train
391,train
32022,train
20308,train
21730,train
13518,train
26434,train
15827,train
35391,train
36330,train
20665,train
4633,train
19349,train
23230,train
30233,train
26398,train
21295,train
28681,train
12653,train
15051,train
9193,train
28537,train
23654,train
16277,train
2395,train
31802,train
1798,train
17379,train
15720,train
9152,train
9984,train
2418,train
2540,train
22816,train
2672,train
4464,train
33806,train
28436,train
3156,train
886,train
33018,train
17970,train
20330,train
38953,train
3931,train
7440,train
6596,train
15716,train
38866,train
19696,train
9795,train
25696,train
30084,train
19903,train
38235,train
3464,train
21272,train
13632,train
6961,train
27814,train
7330,train
30138,train
19145,train
25672,train
34142,train
23193,train
11301,train
12641,train
14192,train
13865,train
1058,train
16784,train
6332,train
9615,train
30046,train
1169,train
344,train
28447,train
24349,train
299,train
18639,train
37006,train
38561,train
13628,train
39626,train
762,train
20610,train
8520,train
4303,train
2231,train
2142,train
32302,train
1413,train
22061,train
3669,train
13650,train
2758,train
8516,train
16226,train
8344,train
35032,train
2997,train
18128,train
3348,train
9738,train
19666,train
6850,train
9667,train
28093,train
6446,train
21113,train
5569,train
16893,train
20865,train
7111,train
11120,train
12679,train
31147,train
26517,train
2454,train
29903,train
24798,train
3708,train
8517,train
37730,train
10542,train
59,train
30935,train
17433,train
21512,train
4268,train
16041,train
14933,train
23741,train
17420,train
18038,train
1187,train
37940,train
33116,train
36157,train
12421,train
33652,train
1221,train
11687,train
20039,train
21221,train
30731,train
22573,train
26000,train
28887,train
37019,train
21640,train
37595,train
31066,train
6206,train
37348,train
28923,train
1755,train
10405,train
24198,train
1615,train
1226,train
21043,train
33562,train
34597,train
18945,train
8084,train
21515,train
20235,train
29,train
3942,train
2634,train
27159,train
33584,train
20346,train
272,train
14658,train
23579,train
9813,train
36035,train
25174,train
30449,train
1373,train
16430,train
36182,train
15346,train
12098,train
21193,train
28779,train
34680,train
17217,train
23738,train
5708,train
24605,train
15559,train
16591,train
36876,train
13091,train
25537,train
39094,train
15327,train
15235,train
35127,train
28624,train
6109,train
14395,train
28813,train
7860,train
20754,train
8650,train
37326,train
18541,train
32106,train
39607,train
31574,train
6380,train
16172,train
33291,train
724,train
4649,train
19962,train
21439,train
2858,train
35762,train
19058,train
23903,train
36723,train
8615,train
37506,train
36536,train
36386,train
26716,train
34360,train
20653,train
5431,train
20453,train
6480,train
12466,train
30801,train
23800,train
20935,train
5020,train
16809,train
13050,train
24184,train
6335,train
18910,train
23559,train
6673,train
32190,train
1554,train
1912,train
14853,train
28564,train
1396,train
23079,train
39209,train
24698,train
26988,train
28103,train
8342,train
4493,train
32844,train
37929,train
20304,train
12185,train
21442,train
3035,train
28819,train
14322,train
29378,train
3648,train
8392,train
16482,train
11526,train
16819,train
11020,train
26415,train
12645,train
8370,train
23329,train
19197,train
26318,train
14179,train
924,train
13145,train
20121,train
38080,train
5676,train
20321,train
32186,train
26601,train
1842,train
29466,train
32210,train
25800,train
12891,train
22796,train
24287,train
2664,train
27477,train
14490,train
28763,train
31699,train
9958,train
3706,train
26286,train
14069,train
31985,train
10149,train
10667,train
20102,train
24210,train
10533,train
10553,train
16219,train
21500,train
22691,train
6510,train
6552,train
5617,train
17493,train
5169,train
31494,train
9672,train
12022,train
38703,train
29895,train
25131,train
7919,train
38158,train
21811,train
16511,train
13965,train
5397,train
36662,train
21798,train
17799,train
10279,train
37413,train
4786,train
7173,train
30586,train
16599,train
1602,train
37913,train
12197,train
18718,train
33964,train
7045,train
7193,train
17532,train
31555,train
32870,train
31970,train
19700,train
13090,train
5104,train
2866,train
29018,train
21426,train
26684,train
19853,train
33071,train
20892,train
38009,train
32978,train
34410,train
21747,train
32187,train
24510,train
4854,train
23946,train
13159,train
30047,train
28854,train
36593,train
27849,train
23278,train
8063,train
31207,train
5096,train
3144,train
2351,train
14024,train
35121,train
32628,train
29171,train
17361,train
31236,train
23300,train
13028,train
33901,train
32811,train
21851,train
21112,train
35128,train
5951,train
11150,train
3850,train
15049,train
8905,train
32094,train
39054,train
38069,train
16488,train
36396,train
8739,train
32238,train
5531,train
4442,train
2638,train
28775,train
12593,train
25475,train
23501,train
24430,train
6736,train
6573,train
8143,train
5928,train
27686,train
31703,train
30557,train
20274,train
29338,train
39266,train
16711,train
21395,train
27488,train
34285,train
2889,train
22083,train
30102,train
36160,train
9936,train
2396,train
20327,train
1523,train
4976,train
18088,train
3352,train
23473,train
19554,train
26306,train
23703,train
29167,train
18243,train
5215,train
26377,train
2035,train
16156,train
39372,train
10163,train
1440,train
23453,train
11054,train
11421,train
34751,train
31404,train
1331,train
12324,train
13227,train
738,train
20604,train
19010,train
27046,train
4875,train
2219,train
16266,train
24358,train
8675,train
1830,train
25038,train
22415,train
12355,train
10341,train
7717,train
24307,train
12715,train
29662,train
35301,train
12024,train
15816,train
21492,train
34499,train
26207,train
20217,train
2952,train
38781,train
37227,train
32968,train
33925,train
19012,train
31428,train
23153,train
5852,train
14805,train
3808,train
26752,train
27280,train
2009,train
31659,train
20199,train
23087,train
12439,train
3656,train
38319,train
15121,train
25284,train
16477,train
35798,train
29184,train
597,train
4194,train
34292,train
35490,train
33611,train
12338,train
39244,train
29124,train
23588,train
18999,train
8252,train
34925,train
24077,train
35137,train
12351,train
7375,train
20705,train
26625,train
11865,train
38146,train
21321,train
15324,train
36446,train
23412,train
28852,train
19445,train
39135,train
2662,train
39332,train
2122,train
19828,train
31000,train
12217,train
36460,train
10941,train
12788,train
11456,train
26340,train
22247,train
37507,train
35213,train
32047,train
25655,train
13010,train
32700,train
23234,train
25796,train
17687,train
17161,train
5982,train
36431,train
36016,train
30418,train
24772,train
18140,train
6110,train
3714,train
38608,train
34443,train
13181,train
12399,train
38725,train
17340,train
15507,train
28420,train
29535,train
22657,train
12780,train
15115,train
12558,train
31981,train
21212,train
26572,train
25326,train
12229,train
27683,train
7803,train
27787,train
33230,train
17505,train
31874,train
21711,train
8930,train
32473,train
3792,train
12247,train
19367,train
38087,train
26400,train
25860,train
15362,train
27368,train
17937,train
21980,train
35383,train
15813,train
34593,train
8949,train
38668,train
2032,train
11309,train
10285,train
11664,train
6220,train
22124,train
36959,train
11517,train
1040,train
29579,train
24590,train
15910,train
830,train
23612,train
16437,train
18476,train
19019,train
34157,train
29995,train
7929,train
2917,train
37951,train
33904,train
21967,train
28558,train
12783,train
34163,train
38424,train
33325,train
24213,train
8755,train
39470,train
16850,train
938,train
8410,train
18208,train
13455,train
1956,train
4132,train
31882,train
37177,train
33684,train
5529,train
22391,train
3115,train
92,train
31486,train
36899,train
26172,train
5187,train
12853,train
35330,train
678,train
16742,train
5330,train
25952,train
31519,train
29851,train
8568,train
16792,train
4832,train
6316,train
17954,train
18232,train
26763,train
19515,train
35897,train
4267,train
1688,train
35059,train
2060,train
37202,train
33117,train
2436,train
38586,train
28391,train
29473,train
16771,train
9419,train
29365,train
31346,train
7333,train
12683,train
29307,train
4639,train
29185,train
683,train
22884,train
954,train
38143,train
16949,train
32318,train
26746,train
25853,train
27196,train
675,train
19470,train
8532,train
24442,train
10549,train
10153,train
36264,train
32129,train
6379,train
29907,train
27550,train
6138,train
16537,train
11889,train
36427,train
13988,train
24183,train
25465,train
5197,train
5926,train
15304,train
4319,train
39480,train
12845,train
10062,train
890,train
31136,train
23773,train
6301,train
28372,train
29362,train
8743,train
15748,train
5101,train
36591,train
19487,train
36551,train
30113,train
17929,train
1542,train
28312,train
34798,train
20555,train
16583,train
7728,train
30827,train
20295,train
25374,train
24100,train
15688,train
10368,train
10135,train
22664,train
33173,train
12344,train
5748,train
38607,train
28106,train
3463,train
17259,train
24189,train
8553,train
25958,train
24519,train
14930,train
36366,train
28898,train
5260,train
3811,train
31792,train
17788,train
39486,train
13479,train
7237,train
17599,train
23840,train
4140,train
23863,train
38256,train
4739,train
10634,train
39091,train
10506,train
28777,train
21852,train
22887,train
5024,train
28885,train
26894,train
18502,train
28986,train
34309,train
8307,train
26679,train
34240,train
703,train
2752,train
9350,train
34106,train
12170,train
35709,train
19925,train
191,train
32661,train
29012,train
34455,train
13241,train
6885,train
34528,train
11293,train
23674,train
12941,train
876,train
16132,train
2891,train
36653,train
33038,train
5151,train
3250,train
21205,train
33131,train
26699,train
16659,train
29417,train
35277,train
28317,train
6277,train
33583,train
14146,train
28404,train
21431,train
23728,train
1921,train
6806,train
24369,train
28309,train
18921,train
34984,train
9977,train
38824,train
29568,train
33351,train
33865,train
1709,train
19814,train
37339,train
16451,train
30340,train
20047,train
32569,train
12184,train
12731,train
39386,train
27797,train
33032,train
38269,train
34755,train
35065,train
11262,train
9021,train
13396,train
24322,train
26294,train
36647,train
31958,train
2860,train
8498,train
9588,train
24528,train
38721,train
25950,train
15424,train
23454,train
19133,train
8923,train
8223,train
32683,train
28809,train
27396,train
9187,train
33563,train
32650,train
14737,train
17356,train
39010,train
10077,train
4898,train
26936,train
1295,train
36956,train
35157,train
16170,train
4416,train
13252,train
25981,train
12418,train
9661,train
31663,train
18580,train
39224,train
19160,train
3418,train
23653,train
18990,train
19304,train
117,train
12614,train
24434,train
19025,train
1557,train
14709,train
24265,train
18030,train
36538,train
23603,train
28108,train
20903,train
17537,train
25739,train
36132,train
24574,train
38877,train
9017,train
16981,train
9949,train
26019,train
12036,train
23719,train
6978,train
2710,train
31576,train
262,train
19990,train
21857,train
39526,train
9971,train
35740,train
21841,train
11867,train
5699,train
32962,train
33389,train
5795,train
35451,train
25787,train
25421,train
16881,train
39040,train
15826,train
22475,train
16621,train
12767,train
3576,train
23345,train
31360,train
32656,train
31105,train
23866,train
15654,train
34335,train
21624,train
20216,train
35231,train
27549,train
6392,train
22286,train
35297,train
3926,train
35683,train
11382,train
33768,train
20302,train
39181,train
25522,train
9293,train
36986,train
11523,train
23729,train
38286,train
28823,train
6009,train
36932,train
20043,train
17244,train
39549,train
23130,train
1790,train
19609,train
12734,train
30941,train
5494,train
3350,train
25687,train
24271,train
12785,train
24579,train
14599,train
16428,train
5953,train
34122,train
24814,train
10836,train
13701,train
9829,train
38352,train
11772,train
8492,train
37414,train
20741,train
14923,train
38506,train
24252,train
2234,train
8134,train
4033,train
7714,train
5502,train
31761,train
16978,train
11108,train
24996,train
37996,train
27854,train
22913,train
30956,train
14856,train
7970,train
27658,train
31856,train
3510,train
30685,train
12339,train
24716,train
22794,train
1855,train
14746,train
36655,train
28117,train
11229,train
25238,train
13313,train
3698,train
29386,train
12044,train
37401,train
29580,train
6619,train
33899,train
15521,train
17033,train
6772,train
3078,train
8310,train
5287,train
34873,train
23178,train
12959,train
33761,train
35242,train
17094,train
20591,train
37023,train
19919,train
10209,train
34207,train
8213,train
33166,train
33446,train
3001,train
17771,train
7352,train
22641,train
27340,train
3546,train
7493,train
4491,train
27582,train
13918,train
22075,train
12594,train
38349,train
12881,train
17621,train
11119,train
1420,train
15494,train
11418,train
9626,train
21583,train
3346,train
17886,train
16188,train
24025,train
15835,train
21674,train
35173,train
15737,train
10613,train
5674,train
8233,train
9660,train
19763,train
18741,train
5766,train
33070,train
5940,train
28053,train
7184,train
1560,train
10055,train
34137,train
36494,train
1406,train
13286,train
38179,train
1513,train
5642,train
33706,train
34351,train
3217,train
6750,train
5556,train
29200,train
14299,train
22510,train
5857,train
3689,train
39371,train
14131,train
39413,train
7438,train
17331,train
25386,train
29176,train
37803,train
3320,train
39543,train
18157,train
28745,train
11308,train
28883,train
7622,train
6498,train
10898,train
27323,train
35208,train
30987,train
38722,train
23673,train
36661,train
15,train
6099,train
3274,train
35809,train
5558,train
28276,train
34307,train
11785,train
8469,train
37017,train
813,train
35423,train
11668,train
6135,train
30038,train
8590,train
23253,train
20052,train
19481,train
34187,train
672,train
15385,train
36155,train
5737,train
10457,train
34202,train
23859,train
38597,train
35585,train
7495,train
29835,train
17658,train
30196,train
18266,train
5284,train
19221,train
35555,train
13476,train
36272,train
12350,train
38732,train
21572,train
32847,train
28494,train
28497,train
36476,train
2082,train
29050,train
2981,train
30606,train
24597,train
26920,train
24001,train
24541,train
21708,train
4815,train
16519,train
2169,train
12852,train
9305,train
11527,train
15614,train
24415,train
14585,train
39587,train
107,train
6246,train
10079,train
12958,train
19021,train
26254,train
395,train
2034,train
5065,train
36108,train
1239,train
11448,train
13551,train
37476,train
34480,train
11287,train
31009,train
23564,train
37232,train
1153,train
4819,train
6709,train
33673,train
15877,train
35670,train
765,train
30153,train
3611,train
496,train
29747,train
24956,train
25840,train
16213,train
33059,train
15452,train
30457,train
29363,train
35550,train
23617,train
14612,train
23018,train
24221,train
23350,train
2726,train
12872,train
25463,train
11682,train
26553,train
9686,train
10322,train
31295,train
26582,train
38155,train
4286,train
10252,train
2479,train
29382,train
11403,train
4153,train
23181,train
16242,train
31256,train
8751,train
4273,train
9031,train
21433,train
38075,train
38312,train
9952,train
21130,train
30843,train
8012,train
36885,train
2678,train
22711,train
31052,train
4598,train
32641,train
6267,train
5374,train
25862,train
4579,train
15630,train
10109,train
18159,train
13076,train
8896,train
5646,train
23342,train
11336,train
29495,train
22823,train
28546,train
8347,train
27300,train
28133,train
30966,train
20601,train
9514,train
25452,train
27806,train
11146,train
30579,train
376,train
30810,train
114,train
7154,train
1285,train
25297,train
7400,train
20930,train
24472,train
30408,train
19745,train
5239,train
25897,train
38652,train
35446,train
33413,train
27774,train
21631,train
20375,train
8337,train
39065,train
21454,train
20372,train
7920,train
16995,train
1110,train
9062,train
11870,train
35714,train
29925,train
7071,train
25748,train
19945,train
26411,train
20853,train
32617,train
37880,train
15087,train
20958,train
37865,train
32154,train
36101,train
32877,train
10637,train
39302,train
18887,train
27826,train
17069,train
24876,train
7580,train
4236,train
23852,train
27236,train
31102,train
37794,train
17401,train
35146,train
4035,train
30452,train
32694,train
20138,train
27627,train
26907,train
29563,train
35115,train
25511,train
10289,train
5501,train
38750,train
35372,train
29055,train
1721,train
17849,train
4369,train
4372,train
27430,train
28166,train
33334,train
22101,train
31395,train
17040,train
13866,train
23126,train
24925,train
2172,train
1612,train
35599,train
28922,train
14340,train
20106,train
38949,train
23363,train
1989,train
23894,train
10943,train
14274,train
36888,train
11947,train
6818,train
3003,train
22961,train
4421,train
11764,train
31991,train
23215,train
18080,train
35045,train
16880,train
31334,train
35560,train
26219,train
33126,train
9906,train
18206,train
1182,train
21812,train
17031,train
5406,train
6922,train
14554,train
11463,train
23869,train
843,train
34877,train
23795,train
33250,train
38252,train
31097,train
19795,train
14169,train
11524,train
10563,train
38815,train
28104,train
1348,train
9755,train
19023,train
32898,train
27154,train
15014,train
31582,train
23813,train
33818,train
7931,train
14084,train
8543,train
11631,train
22538,train
11965,train
19129,train
2901,train
17736,train
22521,train
26858,train
27990,train
27856,train
33390,train
15596,train
12346,train
10987,train
24055,train
35370,train
26008,train
21380,train
30913,train
14932,train
21088,train
6814,train
25488,train
23697,train
37122,train
33451,train
37958,train
25133,train
8722,train
4477,train
2101,train
11840,train
35139,train
2012,train
20586,train
36161,train
27037,train
18824,train
10998,train
16497,train
16847,train
26115,train
19171,train
31323,train
29242,train
32137,train
24458,train
18401,train
30215,train
2740,train
37167,train
1991,train
9809,train
18127,train
6160,train
9863,train
22254,train
24451,train
13008,train
17616,train
31693,train
1585,train
7101,train
11240,train
5579,train
29094,train
39237,train
16596,train
32167,train
17836,train
5140,train
1463,train
26422,train
36403,train
16754,train
20692,train
15668,train
17140,train
3937,train
31192,train
488,train
16624,train
12766,train
2877,train
26956,train
7489,train
31355,train
25613,train
8459,train
6933,train
35187,train
19589,train
1423,train
30794,train
14124,train
11465,train
18083,train
36668,train
34704,train
26581,train
26252,train
34592,train
12701,train
20448,train
27740,train
28872,train
38751,train
27388,train
21529,train
14866,train
589,train
9732,train
35888,train
5150,train
28409,train
7070,train
38208,train
3760,train
35618,train
35807,train
31372,train
18215,train
16055,train
18195,train
16403,train
2481,train
7642,train
16377,train
32128,train
29455,train
29344,train
39309,train
28221,train
35280,train
6048,train
14947,train
17814,train
28120,train
32001,train
15172,train
37438,train
19200,train
15529,train
31777,train
27891,train
5589,train
10360,train
33897,train
21743,train
30222,train
4700,train
934,train
23246,train
7176,train
11398,train
24270,train
13305,train
23080,train
4934,train
6884,train
18778,train
11321,train
19027,train
30891,train
2696,train
10918,train
3450,train
29864,train
24425,train
34561,train
39155,train
27506,train
34030,train
5168,train
30664,train
39349,train
16766,train
31035,train
15742,train
18177,train
19738,train
13504,train
31786,train
1892,train
21079,train
9608,train
38137,train
21211,train
17753,train
17186,train
7223,train
3893,train
39575,train
38107,train
18949,train
25902,train
10006,train
26957,train
13587,train
36217,train
2349,train
15420,train
4264,train
35036,train
30788,train
38693,train
18930,train
29774,train
20134,train
11002,train
35047,train
23437,train
17948,train
29823,train
28260,train
30130,train
37155,train
1850,train
8387,train
2701,train
14662,train
22467,train
17471,train
10977,train
17159,train
9381,train
18829,train
20446,train
12026,train
38654,train
18491,train
17403,train
4280,train
39383,train
10148,train
11985,train
32900,train
2124,train
34048,train
8299,train
13835,train
36679,train
11000,train
21930,train
28970,train
1940,train
3413,train
17013,train
5686,train
17987,train
15593,train
15260,train
27636,train
23400,train
20065,train
31367,train
10146,train
19688,train
26987,train
39359,train
18870,train
36866,train
7296,train
13885,train
14749,train
16033,train
15430,train
8057,train
16158,train
35058,train
12208,train
10427,train
19577,train
39154,train
21734,train
7328,train
18729,train
3682,train
18185,train
8603,train
18574,train
7870,train
33678,train
35691,train
17116,train
13905,train
24063,train
21541,train
18983,train
9723,train
20678,train
15316,train
29501,train
2607,train
21249,train
24082,train
17180,train
34853,train
16595,train
14071,train
35663,train
26608,train
20017,train
8374,train
34367,train
14081,train
21593,train
2593,train
31610,train
10358,train
26123,train
4069,train
13523,train
11605,train
13382,train
2337,train
25204,train
25178,train
10860,train
38226,train
2955,train
33044,train
6630,train
37103,train
23516,train
38120,train
37882,train
31860,train
22841,train
34363,train
13780,train
7749,train
10723,train
2164,train
27004,train
19946,train
16695,train
19994,train
34783,train
6971,train
27407,train
38454,train
26202,train
17166,train
2002,train
26886,train
15662,train
37117,train
8380,train
13109,train
36122,train
27586,train
16194,train
3644,train
10701,train
28742,train
7084,train
24522,train
26701,train
6529,train
2534,train
30291,train
31246,train
28938,train
26274,train
32863,train
21319,train
10600,train
4459,train
6376,train
15707,train
13059,train
18122,train
22689,train
12929,train
25520,train
12830,train
38450,train
31889,train
37212,train
39627,train
9002,train
12209,train
18196,train
16251,train
20070,train
25886,train
562,train
16216,train
19288,train
27109,train
28179,train
11116,train
5673,train
18453,train
25541,train
16865,train
2347,train
26143,train
39624,train
8544,train
35056,train
10191,train
15116,train
27381,train
36024,train
1665,train
6455,train
16074,train
8298,train
12564,train
18507,train
14133,train
26288,train
9048,train
21838,train
4538,train
35991,train
7576,train
4106,train
28224,train
20527,train
24300,train
23110,train
24621,train
10838,train
10426,train
9234,train
35777,train
22827,train
36187,train
39056,train
2675,train
2103,train
29385,train
12839,train
25775,train
10599,train
23951,train
26417,train
10497,train
20639,train
22894,train
3284,train
12090,train
93,train
10676,train
33051,train
12577,train
34141,train
7302,train
30651,train
16116,train
17584,train
17345,train
34055,train
11788,train
20721,train
22435,train
8817,train
13945,train
21701,train
27361,train
9352,train
4381,train
27543,train
36984,train
23219,train
11185,train
13113,train
32340,train
35634,train
19927,train
2117,train
39140,train
3429,train
17421,train
17484,train
9508,train
12064,train
37428,train
35901,train
2471,train
22761,train
12665,train
31021,train
34069,train
15191,train
28790,train
16305,train
13266,train
3149,train
24440,train
18833,train
5381,train
25151,train
16962,train
16341,train
6739,train
23666,train
8580,train
2289,train
22427,train
39610,train
6653,train
2246,train
13616,train
8426,train
37359,train
10715,train
20010,train
10034,train
39375,train
16947,train
18164,train
14288,train
17639,train
18653,train
34096,train
18956,train
37724,train
37067,train
25785,train
9800,train
8354,train
38086,train
9820,train
28374,train
33874,train
4814,train
23763,train
32270,train
20923,train
1564,train
20428,train
38709,train
32684,train
36648,train
24709,train
27731,train
36256,train
27378,train
38661,train
28511,train
31838,train
6129,train
19732,train
32838,train
34781,train
34770,train
16939,train
11707,train
1113,train
17041,train
17440,train
4471,train
23554,train
11302,train
9540,train
26198,train
2356,train
30187,train
22212,train
5159,train
19438,train
24330,train
20836,train
8361,train
11602,train
21506,train
37855,train
17882,train
29306,train
28707,train
27009,train
32941,train
21052,train
37502,train
12956,train
18571,train
7315,train
31650,train
37436,train
35819,train
19880,train
33220,train
10183,train
15246,train
18752,train
24156,train
32977,train
19314,train
8381,train
8301,train
2495,train
5504,train
34441,train
5949,train
27711,train
31446,train
15982,train
9433,train
23628,train
38635,train
33564,train
21450,train
35169,train
24536,train
19346,train
5516,train
24754,train
29476,train
18853,train
1963,train
29514,train
15938,train
19459,train
32810,train
2748,train
6751,train
14050,train
36350,train
6491,train
5887,train
33015,train
29822,train
33732,train
12895,train
10685,train
8983,train
24938,train
809,train
33618,train
20895,train
20667,train
1012,train
21338,train
23483,train
28568,train
7356,train
12131,train
10766,train
10477,train
6123,train
13449,train
21394,train
873,train
9602,train
20035,train
32909,train
16069,train
26547,train
13657,train
595,train
39336,train
38525,train
38452,train
6987,train
6306,train
31510,train
4184,train
46,train
32019,train
2961,train
4107,train
30769,train
9453,train
26130,train
15566,train
9787,train
29800,train
16964,train
85,train
37661,train
3368,train
24103,train
25079,train
42,train
29428,train
22701,train
14387,train
30575,train
37308,train
26382,train
22444,train
4851,train
10443,train
28195,train
31492,train
24325,train
18010,train
25633,train
6272,train
13431,train
14788,train
36054,train
21539,train
2734,train
9136,train
26336,train
18857,train
10186,train
1627,train
36625,train
25483,train
26812,train
21685,train
31990,train
35107,train
25193,train
37230,train
31024,train
6274,train
36715,train
33170,train
31773,train
5056,train
353,train
10166,train
20587,train
30790,train
20242,train
19786,train
14573,train
25166,train
17887,train
4987,train
25022,train
11516,train
38089,train
2938,train
33664,train
38122,train
1524,train
3272,train
1926,train
17723,train
30918,train
15363,train
24531,train
34940,train
11078,train
23334,train
8890,train
28806,train
13265,train
2190,train
10005,train
10781,train
22879,train
24908,train
13122,train
11736,train
6598,train
30791,train
6289,train
9938,train
23696,train
16993,train
10200,train
32727,train
33422,train
35528,train
34388,train
32076,train
11062,train
31994,train
28764,train
2445,train
36883,train
25582,train
21216,train
13748,train
25676,train
33848,train
25888,train
20905,train
18661,train
16339,train
12005,train
13097,train
3270,train
32903,train
37229,train
14514,train
5068,train
31741,train
33590,train
3008,train
15315,train
14668,train
8159,train
16053,train
28648,train
10649,train
9560,train
24073,train
25237,train
8786,train
16774,train
3255,train
34343,train
21865,train
33121,train
6457,train
21490,train
38041,train
20711,train
34456,train
10262,train
22636,train
7783,train
33813,train
18356,train
29596,train
16405,train
13886,train
33090,train
32410,train
32191,train
8569,train
8393,train
29499,train
2230,train
12512,train
34970,train
35707,train
6669,train
35430,train
20068,train
20397,train
25512,train
2518,train
20883,train
34430,train
333,train
36202,train
38648,train
12181,train
22060,train
3784,train
18710,train
12262,train
12807,train
7083,train
34118,train
17176,train
10108,train
15028,train
37147,train
19205,train
6733,train
14520,train
13210,train
14427,train
13250,train
35100,train
17174,train
10239,train
14348,train
18682,train
27949,train
12965,train
31414,train
5071,train
22342,train
33014,train
29377,train
22411,train
29282,train
12269,train
10299,train
2008,train
14475,train
36990,train
29013,train
34541,train
18672,train
1924,train
7002,train
11248,train
35461,train
18425,train
37146,train
26387,train
29442,train
1505,train
25621,train
16463,train
35844,train
14141,train
28445,train
5221,train
12047,train
33364,train
37558,train
1264,train
24890,train
7014,train
24726,train
32142,train
31910,train
13338,train
3614,train
11392,train
33149,train
23021,train
25559,train
16878,train
23790,train
12258,train
15226,train
27496,train
30881,train
19748,train
13916,train
16017,train
37647,train
37634,train
28620,train
38196,train
31875,train
38265,train
36453,train
14374,train
39478,train
21835,train
17457,train
32952,train
22496,train
33167,train
39104,train
30701,train
32489,train
2982,train
37824,train
33931,train
35850,train
7130,train
2855,train
13049,train
13868,train
16963,train
16078,train
1135,train
16790,train
2107,train
15751,train
18065,train
11589,train
24393,train
28781,train
12392,train
2159,train
15853,train
25866,train
14352,train
24691,train
33695,train
14055,train
35479,train
1478,train
16406,train
39613,train
6741,train
18481,train
22241,train
18924,train
13576,train
28256,train
32562,train
2513,train
27694,train
26195,train
37209,test
4452,test
23621,test
37340,test
3800,test
19022,test
26835,test
14221,test
12690,test
27033,test
12114,test
5452,test
4293,test
14720,test
11443,test
37838,test
35737,test
30028,test
31934,test
28786,test
34362,test
38091,test
35519,test
36033,test
26828,test
8573,test
6746,test
13472,test
36075,test
8843,test
15457,test
14936,test
19888,test
21589,test
33478,test
23909,test
10430,test
208,test
28418,test
33432,test
38435,test
8260,test
10933,test
20623,test
30,test
4345,test
2679,test
29885,test
15800,test
34905,test
22648,test
26592,test
38393,test
38386,test
17504,test
12425,test
25808,test
32185,test
14831,test
10890,test
38072,test
20189,test
19739,test
2199,test
35130,test
29778,test
32308,test
11610,test
14790,test
8538,test
39067,test
39216,test
28728,test
38536,test
31115,test
28995,test
33517,test
36950,test
14797,test
34254,test
10197,test
27223,test
33860,test
7501,test
4951,test
23394,test
29549,test
18073,test
27624,test
21543,test
26275,test
22621,test
27982,test
23357,test
38736,test
33747,test
17307,test
4226,test
16734,test
13806,test
29770,test
13639,test
21108,test
13160,test
35175,test
29024,test
20014,test
19952,test
27303,test
21918,test
22762,test
818,test
3447,test
20054,test
1114,test
14524,test
37050,test
21420,test
11081,test
2324,test
12719,test
9034,test
8531,test
31849,test
30506,test
21050,test
23635,test
9434,test
20533,test
33940,test
35284,test
35086,test
13841,test
21048,test
3997,test
8007,test
9580,test
8033,test
19879,test
2178,test
17419,test
22508,test
7510,test
24881,test
18876,test
15896,test
26250,test
33180,test
4612,test
1267,test
26477,test
4166,test
6067,test
11221,test
8290,test
4638,test
5782,test
6182,test
31615,test
8066,test
31870,test
8609,test
20649,test
37666,test
13949,test
5505,test
7939,test
28547,test
25057,test
15168,test
8970,test
11956,test
37510,test
17246,test
13725,test
36540,test
3661,test
17362,test
17061,test
5962,test
12857,test
6310,test
16844,test
34081,test
581,test
34244,test
9810,test
7402,test
28041,test
13321,test
19004,test
36641,test
29110,test
812,test
29521,test
16576,test
14684,test
4252,test
404,test
6681,test
18048,test
20913,test
37185,test
6137,test
23665,test
572,test
7080,test
30949,test
4095,test
13577,test
28119,test
37102,test
4869,test
17952,test
30348,test
19717,test
27479,test
30505,test
39380,test
16275,test
35367,test
27480,test
19181,test
22929,test
28662,test
25344,test
29026,test
9069,test
19291,test
29902,test
36,test
11122,test
34776,test
35493,test
8445,test
20829,test
3513,test
8079,test
6149,test
31919,test
21563,test
2746,test
24689,test
27211,test
24061,test
15646,test
17478,test
7270,test
3130,test
25773,test
2262,test
11139,test
9050,test
8807,test
22723,test
28026,test
31936,test
3525,test
27916,test
39114,test
8050,test
4541,test
36684,test
31830,test
26571,test
28722,test
33870,test
18111,test
22355,test
25692,test
29701,test
36764,test
20496,test
1824,test
5018,test
35913,test
5228,test
14503,test
5659,test
31156,test
5007,test
1920,test
35258,test
14022,test
15717,test
13158,test
29576,test
31846,test
25127,test
39113,test
3738,test
34381,test
24376,test
23695,test
6390,test
25636,test
9351,test
17607,test
7036,test
30718,test
30375,test
24052,test
26397,test
3854,test
7147,test
28870,test
26985,test
29837,test
39410,test
8341,test
37762,test
9169,test
18597,test
15666,test
38477,test
38117,test
29746,test
11416,test
4322,test
12741,test
11818,test
29918,test
37241,test
26399,test
10437,test
6275,test
9788,test
11533,test
20085,test
4830,test
29113,test
8849,test
21491,test
25539,test
2126,test
21207,test
14320,test
20973,test
10527,test
10246,test
15019,test
32467,test
31152,test
5608,test
13030,test
36802,test
38476,test
837,test
24368,test
14744,test
38491,test
22973,test
26700,test
28968,test
9047,test
32915,test
36251,test
15009,test
12081,test
14637,test
15301,test
17410,test
38242,test
24167,test
18897,test
34057,test
19597,test
36691,test
39223,test
10304,test
37819,test
32272,test
28713,test
31797,test
14491,test
16348,test
13259,test
31123,test
9144,test
14423,test
38946,test
11071,test
38379,test
21756,test
31107,test
6490,test
38933,test
29771,test
2421,test
36664,test
2550,test
39548,test
33453,test
27283,test
14698,test
15657,test
12191,test
29709,test
3585,test
18849,test
11208,test
1151,test
28943,test
23106,test
25634,test
2469,test
7271,test
29556,test
3012,test
39517,test
30647,test
5743,test
32578,test
15125,test
9995,test
15541,test
35919,test
36992,test
23619,test
31274,test
17255,test
4629,test
1506,test
853,test
16741,test
13473,test
494,test
7444,test
15436,test
6737,test
16988,test
32355,test
27163,test
31999,test
2443,test
12308,test
26093,test
6165,test
37740,test
31240,test
33742,test
30694,test
38747,test
18599,test
34461,test
5208,test
35546,test
5966,test
39061,test
6973,test
30123,test
31715,test
30166,test
36718,test
21625,test
35088,test
9982,test
21182,test
3497,test
32837,test
1694,test
24756,test
25263,test
16843,test
6757,test
13112,test
33221,test
20995,test
5855,test
10407,test
23806,test
14694,test
8804,test
33670,test
28966,test
12745,test
2003,test
11439,test
733,test
13788,test
30741,test
5453,test
36796,test
20986,test
32757,test
24295,test
2792,test
13564,test
4116,test
6419,test
21831,test
12838,test
33399,test
30386,test
30520,test
26175,test
31044,test
33841,test
9552,test
38126,test
17055,test
6078,test
34923,test
32738,test
13544,test
33868,test
18628,test
24323,test
11291,test
22698,test
33381,test
34643,test
18902,test
32793,test
2868,test
29722,test
25018,test
12908,test
17436,test
9543,test
28498,test
11368,test
2629,test
15728,test
13875,test
37407,test
29637,test
10365,test
1822,test
18675,test
17365,test
17694,test
32573,test
27993,test
22159,test
6411,test
24013,test
9039,test
34222,test
11681,test
21995,test
38050,test
25856,test
21902,test
6228,test
31357,test
31140,test
21408,test
18915,test
18025,test
7873,test
9080,test
27547,test
5900,test
6077,test
39590,test
29630,test
26062,test
21676,test
25042,test
10863,test
15712,test
24792,test
35321,test
8202,test
14862,test
21255,test
8525,test
26899,test
15556,test
17574,test
38029,test
16073,test
9164,test
5219,test
8822,test
6765,test
31420,test
9,test
14950,test
31448,test
12000,test
31710,test
38308,test
5903,test
19252,test
36534,test
29850,test
39515,test
16613,test
28421,test
33388,test
38637,test
39220,test
32995,test
7460,test
18439,test
32035,test
38323,test
36246,test
2973,test
13837,test
27051,test
24544,test
22969,test
21488,test
4468,test
27403,test
12400,test
24558,test
37544,test
27860,test
2334,test
31890,test
12406,test
25091,test
22331,test
3650,test
23902,test
9249,test
2314,test
32480,test
19318,test
23645,test
20172,test
33035,test
969,test
22509,test
8045,test
38479,test
5645,test
4672,test
5022,test
21021,test
37728,test
6834,test
6759,test
20392,test
23019,test
15407,test
16903,test
19011,test
26484,test
9524,test
30376,test
38497,test
32842,test
12693,test
24429,test
29831,test
26144,test
30549,test
14182,test
5195,test
8241,test
32389,test
28331,test
34166,test
33831,test
19080,test
26427,test
5481,test
27152,test
7981,test
14054,test
6381,test
30213,test
5794,test
4877,test
18440,test
30415,test
25689,test
12443,test
1929,test
3678,test
9950,test
12171,test
29120,test
903,test
34938,test
15377,test
11327,test
2666,test
15634,test
6281,test
12330,test
20343,test
16201,test
33501,test
4009,test
26092,test
38636,test
6569,test
29727,test
34766,test
4426,test
8414,test
267,test
12581,test
24667,test
24484,test
2464,test
21547,test
28263,test
23029,test
21210,test
37223,test
25988,test
22251,test
11279,test
27631,test
7459,test
16065,test
25861,test
14497,test
31181,test
22659,test
3289,test
34017,test
37902,test
22231,test
11665,test
24418,test
26879,test
10160,test
36589,test
14159,test
11555,test
3049,test
16189,test
22326,test
7030,test
38433,test
10355,test
3176,test
31132,test
22179,test
956,test
33428,test
19070,test
28042,test
27176,test
28170,test
2368,test
16974,test
4704,test
18998,test
12935,test
14901,test
34001,test
5540,test
7110,test
32157,test
422,test
14913,test
26931,test
15200,test
20881,test
34314,test
12947,test
30198,test
16859,test
32374,test
3575,test
31008,test
834,test
2242,test
35149,test
16510,test
26511,test
16105,test
16795,test
2332,test
18246,test
32542,test
32541,test
18355,test
8793,test
18911,test
34518,test
37356,test
32200,test
764,test
34782,test
8088,test
33672,test
30300,test
28059,test
35398,test
36331,test
25171,test
27912,test
5541,test
23480,test
8956,test
17892,test
10909,test
6831,test
22464,test
33668,test
7363,test
3213,test
28982,test
32153,test
3059,test
5633,test
31038,test
26668,test
33352,test
15843,test
22651,test
26869,test
1308,test
19622,test
15308,test
25816,test
5400,test
8547,test
2725,test
17224,test
5527,test
2257,test
7496,test
30058,test
9644,test
11300,test
32041,test
15283,test
25720,test
38335,test
12124,test
8418,test
1416,test
10540,test
7779,test
23945,test
23085,test
4756,test
11140,test
20948,test
1640,test
6613,test
8585,test
19215,test
31317,test
33692,test
3235,test
5601,test
27432,test
6145,test
29325,test
34037,test
1457,test
20576,test
32032,test
16119,test
23205,test
20595,test
32169,test
5186,test
9979,test
10479,test
25262,test
6595,test
15542,test
31223,test
22730,test
37896,test
15901,test
4510,test
10287,test
36397,test
22539,test
7757,test
16300,test
2771,test
25074,test
909,test
5849,test
26187,test
8746,test
34038,test
19130,test
31203,test
37986,test
13346,test
12826,test
893,test
28859,test
37214,test
27783,test
2173,test
4171,test
23392,test
10336,test
16066,test
16935,test
33816,test
28424,test
20968,test
156,test
5740,test
13005,test
37093,test
28308,test
4121,test
7937,test
29421,test
16046,test
16761,test
15110,test
19871,test
38082,test
9442,test
11202,test
32677,test
26304,test
695,test
6027,test
6466,test
3366,test
25718,test
14120,test
29125,test
1801,test
16521,test
32698,test
23824,test
6591,test
1946,test
18375,test
2089,test
32993,test
33298,test
22833,test
315,test
6708,test
26325,test
23236,test
30961,test
6793,test
3386,test
3153,test
37556,test
21230,test
35666,test
23532,test
16997,test
1049,test
18654,test
5291,test
30648,test
1884,test
219,test
34654,test
8027,test
22716,test
12373,test
20317,test
4577,test
12397,test
9335,test
16817,test
5263,test
23341,test
20720,test
15675,test
30886,test
37396,test
32588,test
38729,test
36863,test
32545,test
3123,test
9115,test
19075,test
17231,test
26394,test
11561,test
11454,test
10586,test
11694,test
4532,test
25471,test
28485,test
7167,test
11964,test
12550,test
21562,test
10624,test
13182,test
15161,test
1409,test
31891,test
7854,test
18652,test
7050,test
16448,test
25895,test
30628,test
23652,test
22474,test
35896,test
24683,test
38064,test
1883,test
15071,test
37501,test
37061,test
24432,test
401,test
26186,test
12440,test
13225,test
26723,test
35789,test
31465,test
28561,test
31458,test
25530,test
20492,test
29539,test
230,test
17833,test
34052,test
6037,test
13630,test
20753,test
31065,test
24166,test
15766,test
15710,test
36166,test
23189,test
11812,test
23982,test
3861,test
18002,test
23434,test
16495,test
23177,test
37195,test
1885,test
20469,test
8013,test
21195,test
16454,test
16579,test
3534,test
26089,test
7200,test
24373,test
7379,test
22704,test
39219,test
4760,test
12675,test
23185,test
14781,test
37296,test
3071,test
19878,test
19928,test
28266,test
9621,test
38931,test
9085,test
38132,test
37828,test
4469,test
15925,test
7500,test
13670,test
9601,test
788,test
18218,test
21262,test
15526,test
16737,test
11343,test
14468,test
12394,test
21834,test
34070,test
15831,test
38212,test
26081,test
20799,test
17249,test
14522,test
13612,test
35326,test
26707,test
10575,test
1514,test
33278,test
140,test
880,test
19631,test
16729,test
28768,test
5553,test
38264,test
36499,test
35934,test
35034,test
18516,test
9980,test
15759,test
8737,test
18973,test
28920,test
24984,test
38778,test
14166,test
32655,test
22696,test
12797,test
16689,test
34400,test
13470,test
24124,test
5317,test
39071,test
36319,test
10927,test
9841,test
14959,test
18531,test
25307,test
27099,test
31940,test
6946,test
36340,test
20851,test
4387,test
20174,test
2633,test
24045,test
39299,test
20434,test
29681,test
8205,test
12506,test
17447,test
32729,test
1128,test
3223,test
9036,test
32429,test
33426,test
35197,test
2932,test
34237,test
1343,test
2624,test
4716,test
24877,test
33856,test
31923,test
34699,test
10137,test
21632,test
11025,test
33218,test
13936,test
18236,test
35989,test
30865,test
38995,test
7623,test
22984,test
8572,test
22340,test
22627,test
21032,test
20472,test
33425,test
11581,test
28954,test
6090,test
13488,test
23026,test
37645,test
21546,test
14239,test
7753,test
23686,test
25899,test
38138,test
32544,test
20617,test
31359,test
11917,test
27242,test
15162,test
6743,test
10945,test
39044,test
31898,test
27952,test
8938,test
18239,test
31683,test
19914,test
13376,test
31405,test
21448,test
38966,test
27086,test
38682,test
28772,test
16483,test
33614,test
24505,test
22087,test
21364,test
23267,test
16259,test
11505,test
18365,test
35245,test
14293,test
22023,test
20759,test
32306,test
18523,test
13520,test
9681,test
5585,test
19069,test
4473,test
27786,test
18503,test
9090,test
30878,test
22257,test
36391,test
32866,test
30272,test
9195,test
11356,test
30853,test
22963,test
14130,test
241,test
32441,test
36780,test
21304,test
14350,test
9042,test
20602,test
28140,test
17350,test
3102,test
15867,test
23977,test
12716,test
8942,test
27456,test
38858,test
3700,test
2026,test
27710,test
13958,test
28669,test
2059,test
6844,test
13357,test
20114,test
16937,test
2963,test
6657,test
29702,test
27485,test
34944,test
15205,test
6127,test
30465,test
12617,test
36138,test
30767,test
20350,test
35225,test
32235,test
34674,test
12844,test
25002,test
17139,test
21700,test
19049,test
14461,test
11932,test
11719,test
25940,test
21559,test
3583,test
10712,test
8773,test
3968,test
13970,test
16160,test
14013,test
307,test
8941,test
14300,test
1194,test
3211,test
14151,test
14279,test
20624,test
39188,test
31216,test
22301,test
30738,test
2572,test
37281,test
22932,test
30490,test
35648,test
13517,test
6177,test
10297,test
4274,test
20541,test
31521,test
29409,test
33810,test
34464,test
19233,test
14807,test
17104,test
34133,test
5709,test
22045,test
17045,test
9900,test
36832,test
22104,test
22543,test
4571,test
11671,test
10738,test
6690,test
2380,test
16224,test
30169,test
31871,test
5258,test
20697,test
11584,test
25501,test
18051,test
36422,test
32985,test
35957,test
31079,test
30425,test
26060,test
8688,test
1425,test
30590,test
33140,test
19845,test
21934,test
20128,test
1695,test
26412,test
23035,test
17963,test
35419,test
33076,test
7843,test
34684,test
31184,test
36790,test
15396,test
24886,test
18313,test
37419,test
8618,test
24509,test
18150,test
20125,test
14278,test
16971,test
29158,test
31556,test
19632,test
2162,test
7538,test
15080,test
22367,test
11699,test
35294,test
18534,test
26347,test
17438,test
35178,test
5738,test
17319,test
4617,test
22499,test
30601,test
25331,test
19675,test
30567,test
22754,test
26506,test
2494,test
16303,test
15433,test
10684,test
27221,test
20161,test
30816,test
15860,test
21542,test
1817,test
28804,test
28785,test
17692,test
8322,test
28141,test
20298,test
36174,test
11994,test
31835,test
31847,test
17388,test
4313,test
29808,test
3965,test
5952,test
35196,test
36282,test
20115,test
25741,test
19397,test
22040,test
14260,test
24757,test
6116,test
14725,test
31719,test
9175,test
28937,test
27940,test
25155,test
9650,test
28782,test
12660,test
36978,test
21886,test
37311,test
7274,test
22287,test
16744,test
9859,test
19956,test
26031,test
30806,test
31841,test
25649,test
37959,test
13611,test
32096,test
28691,test
14594,test
38076,test
39569,test
32611,test
14836,test
17547,test
23937,test
20266,test
1449,test
29228,test
13614,test
19305,test
28734,test
8839,test
36699,test
17205,test
24044,test
5663,test
8258,test
38760,test
16991,test
10614,test
10073,test
18396,test
33535,test
964,test
34173,test
32057,test
15741,test
5470,test
28008,test
15955,test
38963,test
21807,test
37074,test
3141,test
22564,test
14595,test
16538,test
36997,test
32002,test
21268,test
22112,test
23324,test
24898,test
25039,test
23459,test
2176,test
11858,test
7446,test
26615,test
27252,test
17872,test
6870,test
31767,test
3918,test
5730,test
16049,test
28433,test
36646,test
1467,test
36915,test
5578,test
37163,test
17649,test
34821,test
20447,test
3686,test
19107,test
12923,test
18223,test
30831,test
30795,test
29487,test
31938,test
2786,test
12562,test
19173,test
18404,test
30936,test
71,test
18052,test
6266,test
32286,test
18472,test
27501,test
3834,test
22012,test
25934,test
7497,test
34507,test
11406,test
39495,test
17511,test
16464,test
14858,test
18578,test
13811,test
14415,test
29027,test
34354,test
32619,test
4817,test
28888,test
31960,test
12236,test
17748,test
39511,test
29299,test
15798,test
2733,test
14941,test
37799,test
15418,test
7037,test
20422,test
2856,test
34153,test
9656,test
28139,test
12454,test
5292,test
9460,test
26380,test
16756,test
27816,test
667,test
23956,test
35525,test
4791,test
7829,test
4361,test
9028,test
33948,test
17888,test
29741,test
2926,test
8201,test
15052,test
3877,test
2249,test
16525,test
27206,test
37798,test
14361,test
16436,test
12616,test
14654,test
36227,test
25207,test
27093,test
8824,test
27641,test
22141,test
15027,test
33762,test
35983,test
3512,test
17819,test
18016,test
28848,test
37492,test
23040,test
4159,test
38045,test
33191,test
26935,test
20379,test
26291,test
20013,test
27663,test
5446,test
33647,test
16200,test
12625,test
7810,test
16221,test
31590,test
38758,test
21731,test
14659,test
21107,test
25296,test
8719,test
31753,test
15820,test
36112,test
859,test
28344,test
17993,test
11633,test
21281,test
19512,test
38102,test
9932,test
22488,test
28721,test
19161,test
7095,test
10517,test
4175,test
24278,test
13243,test
6155,test
37603,test
29721,test
25885,test
35858,test
29097,test
6726,test
32579,test
34181,test
34796,test
2208,test
3830,test
6294,test
32299,test
16846,test
15317,test
26217,test
32304,test
33997,test
19310,test
31540,test
11686,test
33034,test
719,test
23498,test
4909,test
17834,test
20803,test
33459,test
32240,test
18577,test
1287,test
9083,test
26836,test
34536,test
36407,test
6728,test
7800,test
151,test
17236,test
3302,test
2057,test
35953,test
9278,test
27285,test
25082,test
37267,test
8055,test
19854,test
9332,test
38769,test
27503,test
18137,test
16496,test
23293,test
17795,test
1586,test
17900,test
25939,test
29623,test
15673,test
6062,test
5512,test
5820,test
9670,test
17260,test
2892,test
21775,test
37132,test
23326,test
17719,test
2393,test
11573,test
35735,test
32832,test
29220,test
17489,test
35074,test
14398,test
12893,test
1291,test
8011,test
24768,test
3763,test
17497,test
29915,test
31750,test
26190,test
21264,test
6340,test
14305,test
34080,test
13847,test
25397,test
29634,test
2196,test
1863,test
11896,test
2387,test
11132,test
26229,test
16557,test
38077,test
4573,test
27362,test
14705,test
24718,test
24282,test
22236,test
24040,test
29682,test
1255,test
37825,test
16965,test
9097,test
31972,test
35218,test
14218,test
14384,test
10848,test
12198,test
19421,test
5780,test
25809,test
31850,test
18270,test
19662,test
15552,test
7009,test
12396,test
34042,test
38240,test
3204,test
28996,test
27419,test
38638,test
14009,test
12824,test
29949,test
32854,test
5923,test
5072,test
8031,test
25383,test
10238,test
38096,test
5583,test
34807,test
8243,test
3757,test
16631,test
28443,test
23970,test
14425,test
1500,test
218,test
39340,test
23273,test
35511,test
9494,test
30477,test
27330,test
12781,test
32301,test
714,test
15305,test
863,test
16931,test
6201,test
34259,test
29283,test
9751,test
9899,test
759,test
38463,test
35442,test
15470,test
19559,test
30540,test
30448,test
10627,test
20816,test
31625,test
7186,test
30409,test
797,test
17568,test
17500,test
25350,test
9045,test
18517,test
9544,test
28637,test
15855,test
38948,test
32055,test
11776,test
11743,test
33638,test
9392,test
33777,test
28310,test
36191,test
18494,test
22613,test
31727,test
12992,test
22690,test
10929,test
23209,test
15770,test
7106,test
17081,test
12201,test
35864,test
5735,test
1439,test
12182,test
8475,test
24350,test
27263,test
6768,test
31434,test
11869,test
30342,test
5618,test
26774,test
3487,test
34325,test
32947,test
26603,test
23854,test
32357,test
9384,test
5368,test
14756,test
8198,test
6693,test
27091,test
28796,test
12591,test
11348,test
38018,test
26568,test
14920,test
24961,test
39285,test
11027,test
27068,test
38250,test
11541,test
31297,test
36419,test
31301,test
38299,test
19776,test
35700,test
39558,test
13715,test
10790,test
7928,test
29023,test
17074,test
36362,test
9669,test
32083,test
22838,test
31577,test
21284,test
12800,test
28442,test
22958,test
23955,test
33677,test
8132,test
27919,test
33804,test
6608,test
11852,test
11582,test
3813,test
33009,test
1839,test
10280,test
7887,test
28018,test
19266,test
35717,test
7941,test
9204,test
20952,test
4696,test
37768,test
25540,test
15074,test
35325,test
5153,test
25937,test
30144,test
22646,test
10363,test
36771,test
16656,test
35497,test
18940,test
23776,test
32073,test
24732,test
7812,test
27538,test
17699,test
34044,test
13442,test
11710,test
32458,test
37863,test
25028,test
7968,test
22078,test
12511,test
12832,test
20188,test
16763,test
4056,test
14729,test
7693,test
33636,test
29852,test
1526,test
24743,test
30721,test
33950,test
25514,test
26273,test
27417,test
21098,test
39547,test
38583,test
8951,test
25235,test
24479,test
14801,test
19165,test
15690,test
36737,test
17288,test
23856,test
7349,test
34191,test
20714,test
1647,test
28903,test
25724,test
18627,test
24114,test
34245,test
18520,test
11147,test
21312,test
31273,test
13065,test
23478,test
1307,test
19805,test
1556,test
17630,test
11842,test
24305,test
36510,test
30400,test
22652,test
12819,test
9299,test
22281,test
4569,test
11299,test
18907,test
12327,test
6000,test
21998,test
4135,test
39251,test
18386,test
3330,test
23607,test
16335,test
23270,test
36716,test
6207,test
39574,test
12465,test
38190,test
13416,test
14822,test
24853,test
30708,test
32715,test
6367,test
5947,test
26142,test
7766,test
8638,test
12700,test
693,test
37175,test
13708,test
15647,test
16750,test
21503,test
35754,test
36312,test
15371,test
22082,test
15562,test
23226,test
23860,test
21536,test
9253,test
36643,test
3793,test
14722,test
38757,test
19999,test
10323,test
2025,test
26639,test
17876,test
39389,test
17601,test
19907,test
304,test
33603,test
37849,test
16512,test
26840,test
16678,test
6862,test
7341,test
9255,test
20116,test
11209,test
1211,test
5741,test
24085,test
23030,test
1089,test
30532,test
2949,test
30440,test
27766,test
9599,test
32294,test
20918,test
35292,test
9232,test
2468,test
37033,test
36898,test
14995,test
32979,test
25077,test
26244,test
34168,test
31120,test
27031,test
17370,test
15365,test
21652,test
27619,test
31363,test
16138,test
631,test
15575,test
17712,test
16475,test
37470,test
16522,test
2588,test
34268,test
18182,test
10101,test
4545,test
39206,test
35745,test
6167,test
39145,test
39296,test
9026,test
14062,test
994,test
318,test
15573,test
11152,test
29749,test
15609,test
12688,test
7381,test
35876,test
5812,test
35974,test
28801,test
805,test
24583,test
14451,test
19685,test
34332,test
23091,test
18725,test
17004,test
22388,test
14291,test
32009,test
18248,test
1990,test
19759,test
31730,test
12532,test
22610,test
30597,test
11914,test
33828,test
1176,test
2160,test
14309,test
16738,test
1685,test
31505,test
35261,test
22921,test
23971,test
4044,test
27976,test
9694,test
15252,test
15833,test
38644,test
20438,test
11801,test
19707,test
33749,test
12624,test
11069,test
28740,test
34182,test
28343,test
1268,test
21354,test
27210,test
26350,test
15197,test
19389,test
9478,test
30441,test
34931,test
25170,test
31911,test
13802,test
16932,test
12216,test
19420,test
1947,test
2358,test
21482,test
34872,test
5088,test
18380,test
37787,test
2430,test
22899,test
35042,test
8914,test
13588,test
18210,test
1477,test
38854,test
30370,test
35757,test
17534,test
12583,test
35529,test
19344,test
14004,test
39161,test
23555,test
26533,test
1668,test
453,test
34820,test
23284,test
5008,test
36220,test
13912,test
14890,test
7104,test
5520,test
6180,test
38034,test
18861,test
39618,test
37124,test
22450,test
35448,test
23034,test
6730,test
3416,test
18855,test
26495,test
21550,test
30619,test
2950,test
11189,test
8576,test
1818,test
34663,test
25356,test
30226,test
38746,test
10249,test
23657,test
26406,test
15976,test
9645,test
11866,test
35485,test
2168,test
11826,test
1238,test
32547,test
17659,test
31925,test
32828,test
24937,test
26309,test
19773,test
874,test
14106,test
31645,test
22912,test
10389,test
35727,test
20505,test
18514,test
7729,test
31686,test
4047,test
25097,test
21582,test
23757,test
30672,test
25985,test
11740,test
25141,test
5764,test
39408,test
4503,test
13985,test
3652,test
16291,test
37415,test
13084,test
33344,test
25241,test
3323,test
37615,test
31361,test
38488,test
24994,test
20005,test
10298,test
32860,test
25315,test
3884,test
16601,test
19345,test
23823,test
3334,test
24062,test
5059,test
36436,test
13324,test
25825,test
16548,test
25460,test
25679,test
1186,test
11227,test
30424,test
17755,test
31270,test
19983,test
30264,test
37490,test
36948,test
30736,test
12291,test
28375,test
23512,test
6582,test
16862,test
5299,test
7246,test
3400,test
7494,test
18437,test
30635,test
31449,test
4901,test
4905,test
13114,test
32666,test
23141,test
5565,test
17344,test
4277,test
39490,test
21456,test
445,test
4599,test
27585,test
7210,test
22810,test
4051,test
28031,test
21421,test
31177,test
37317,test
1846,test
27917,test
1199,test
3199,test
6315,test
12901,test
27607,test
31171,test
26239,test
6810,test
3424,test
11196,test
16130,test
11267,test
37839,test
34667,test
22546,test
10778,test
21612,test
31906,test
12034,test
33905,test
37715,test
25753,test
4988,test
5815,test
25434,test
30181,test
3535,test
37575,test
23123,test
36857,test
18539,test
38116,test
35214,test
22743,test
21037,test
29320,test
38473,test
32113,test
5944,test
31964,test
34930,test
21749,test
22047,test
24502,test
14070,test
19395,test
16807,test
10693,test
7838,test
26851,test
31953,test
2148,test
2923,test
5624,test
39262,test
21157,test
31722,test
5924,test
38573,test
20249,test
4576,test
34438,test
932,test
19177,test
26906,test
15725,test
6734,test
19323,test
34099,test
23403,test
21986,test
14764,test
18622,test
31837,test
12353,test
21797,test
8190,test
5687,test
5327,test
9719,test
32343,test
37935,test
24750,test
22493,test
36239,test
20947,test
5029,test
28293,test
5466,test
27980,test
30105,test
6084,test
25300,test
6503,test
9333,test
14863,test
10058,test
30511,test
24613,test
7051,test
23832,test
10487,test
9084,test
11987,test
8507,test
6546,test
22972,test
14284,test
20599,test
18485,test
11273,test
5650,test
10861,test
9472,test
27484,test
27108,test
28675,test
36364,test
35900,test
31146,test
26512,test
25095,test
9693,test
3767,test
15579,test
37234,test
4046,test
15923,test
20071,test
10392,test
36313,test
9763,test
10310,test
26116,test
24080,test
38039,test
1703,test
17431,test
21565,test
25837,test
10877,test
12837,test
3142,test
26452,test
7406,test
37537,test
15732,test
33461,test
27286,test
515,test
8901,test
35689,test
1860,test
16533,test
16297,test
342,test
2685,test
27044,test
423,test
10964,test
34785,test
11065,test
8559,test
6587,test
4487,test
11880,test
11958,test
7043,test
31559,test
20073,test
14758,test
6,test
14667,test
5596,test
10617,test
16379,test
6350,test
38821,test
18740,test
35593,test
37129,test
38846,test
7947,test
6820,test
10054,test
5380,test
19172,test
5376,test
11479,test
10098,test
32126,test
29948,test
8047,test
32366,test
2019,test
27170,test
35148,test
12461,test
36293,test
7826,test
39131,test
38830,test
5249,test
25343,test
23919,test
23308,test
4645,test
35990,test
10234,test
37256,test
3472,test
17003,test
4729,test
2033,test
20195,test
17598,test
38258,test
36121,test
34886,test
25616,test
28060,test
31864,test
28064,test
30851,test
4092,test
2660,test
7171,test
10697,test
21822,test
35912,test
36735,test
26815,test
457,test
18307,test
28406,test
1975,test
16186,test
3167,test
29970,test
28248,test
21030,test
24661,test
25864,test
3999,test
26714,test
2688,test
25911,test
4301,test
28440,test
38604,test
13042,test
9167,test
32867,test
4963,test
2951,test
26179,test
29880,test
31714,test
7878,test
29300,test
3741,test
30428,test
18689,test
25408,test
16814,test
29151,test
17765,test
13581,test
37187,test
16440,test
24820,test
209,test
32132,test
16786,test
32904,test
23712,test
2119,test
7269,test
36708,test
18335,test
12321,test
32511,test
19297,test
31285,test
5566,test
36133,test
32645,test
10193,test
20230,test
31096,test
31794,test
726,test
31215,test
22361,test
27351,test
15849,test
26868,test
18667,test
22291,test
10936,test
14163,test
5973,test
13908,test
10158,test
10759,test
32996,test
15624,test
15749,test
12556,test
13045,test
31564,test
18685,test
35921,test
36195,test
26314,test
2232,test
13532,test
4840,test
7891,test
30379,test
7386,test
23739,test
11052,test
6586,test
20868,test
7786,test
1608,test
31886,test
24126,test
2816,test
15636,test
2640,test
12138,test
18455,test
11033,test
3862,test
39117,test
19276,test
20684,test
24094,test
31799,test
17106,test
16374,test
30717,test
24318,test
39467,test
20642,test
32233,test
35142,test
13633,test
19357,test
9389,test
19708,test
26838,test
32309,test
5318,test
6251,test
39518,test
7351,test
37551,test
19214,test
26803,test
27335,test
4519,test
18078,test
20670,test
19475,test
10018,test
35273,test
15977,test
33629,test
10419,test
8587,test
35475,test
4076,test
20263,test
27406,test
11952,test
30269,test
10242,test
24382,test
5914,test
32030,test
1422,test
16849,test
18278,test
21429,test
3067,test
3729,test
1614,test
23783,test
13257,test
4529,test
31845,test
12046,test
8484,test
14823,test
7543,test
16075,test
15451,test
37379,test
5727,test
6504,test
12790,test
7564,test
6483,test
12703,test
25432,test
2580,test
33872,test
35940,test
8040,test
36804,test
17950,test
23641,test
26912,test
35962,test
31524,test
32097,test
2625,test
20165,test
20956,test
21008,test
9772,test
7052,test
10218,test
4139,test
4500,test
27779,test
28643,test
26978,test
5717,test
2480,test
895,test
21903,test
31839,test
18774,test
29369,test
8382,test
9916,test
13598,test
20890,test
18460,test
12867,test
3423,test
38409,test
34703,test
9637,test
35816,test
7371,test
9112,test
34132,test
19088,test
20743,test
3389,test
14952,test
22576,test
4276,test
15519,test
28084,test
37982,test
29865,test
27347,test
38492,test
36443,test
12770,test
22697,test
38785,test
34911,test
34712,test
23379,test
25663,test
32394,test
24980,test
26904,test
26257,test
36745,test
30640,test
22911,test
17677,test
36861,test
27827,test
33401,test
32051,test
22138,test
12706,test
33514,test
3875,test
17893,test
35335,test
23752,test
11893,test
2631,test
27135,test
10359,test
32229,test
21590,test
24386,test
27611,test
9687,test
7155,test
5823,test
25001,test
26025,test
11823,test
34568,test
17894,test
906,test
21920,test
23131,test
14611,test
6800,test
14891,test
20510,test
21514,test
21437,test
8493,test
12349,test
24417,test
31557,test
28387,test
18015,test
38870,test
27653,test
32037,test
17337,test
10390,test
12726,test
38338,test
31016,test
20046,test
25548,test
16361,test
15886,test
6776,test
30552,test
21825,test
2864,test
621,test
30999,test
6764,test
27678,test
3412,test
38744,test
33377,test
39128,test
33234,test
1395,test
17092,test
27837,test
38656,test
15640,test
34303,test
29275,test
26924,test
38892,test
9735,test
991,test
32509,test
32798,test
2529,test
27224,test
13149,test
16677,test
32584,test
12412,test
28359,test
15706,test
9263,test
30554,test
24669,test
39481,test
29777,test
12372,test
20805,test
38782,test
38320,test
3055,test
22721,test
20864,test
34598,test
37992,test
30252,test
951,test
23726,test
14656,test
1026,test
13251,test
32671,test
9796,test
35362,test
3422,test
29040,test
10750,test
30330,test
18234,test
19471,test
26197,test
19095,test
33169,test
28805,test
249,test
6638,test
513,test
5570,test
1280,test
32653,test
15242,test
30868,test
18284,test
22769,test
21718,test
16739,test
1791,test
14978,test
1642,test
33784,test
7453,test
4741,test
12088,test
17826,test
30205,test
32242,test
23843,test
11223,test
33958,test
1532,test
9579,test
10564,test
24941,test
36649,test
965,test
4526,test
38715,test
34894,test
2182,test
15229,test
13827,test
33508,test
3980,test
38894,test
18028,test
24826,test
15150,test
1159,test
7641,test
10704,test
27019,test
1261,test
2205,test
12457,test
16014,test
6603,test
23144,test
18422,test
26013,test
28194,test
19254,test
14882,test
32936,test
9019,test
9775,test
10240,test
29740,test
21127,test
22703,test
38842,test
20637,test
11493,test
8455,test
20974,test
27269,test
16357,test
39581,test
22542,test
14014,test
14875,test
7063,test
26982,test
33138,test
25219,test
22343,test
18160,test
13530,test
18656,test
4979,test
21213,test
31031,test
32998,test
5980,test
26813,test
8015,test
38991,test
28307,test
31453,test
27054,test
2079,test
37390,test
16581,test
125,test
29496,test
17965,test
25667,test
37637,test
26524,test
16940,test
32556,test
3798,test
34317,test
2389,test
36904,test
20100,test
36855,test
30725,test
28987,test
17413,test
35993,test
34178,test
18737,test
38494,test
19532,test
18525,test
32118,test
34390,test
31543,test
16467,test
13466,test
31340,test
8402,test
34978,test
8771,test
24610,test
33002,test
12500,test
23602,test
9210,test
15261,test
26498,test
29655,test
36388,test
35814,test
12367,test
34313,test
34066,test
22765,test
9684,test
19572,test
37397,test
4894,test
5667,test
28907,test
32280,test
729,test
6343,test
3288,test
11056,test
18779,test
34946,test
5605,test
39231,test
8667,test
6589,test
10569,test
24811,test
13477,test
5706,test
3799,test
17343,test
28186,test
27045,test
37948,test
32253,test
4601,test
13231,test
8501,test
28390,test
34165,test
1075,test
30885,test
19813,test
38380,test
976,test
25901,test
6990,test
25993,test
19650,test
25527,test
30283,test
6326,test
20342,test
20735,test
32948,test
20817,test
17898,test
27931,test
22722,test
19500,test
2655,test
14474,test
39093,test
36048,test
22885,test
26612,test
32127,test
2132,test
30646,test
38864,test
30674,test
25440,test
10164,test
18257,test
16828,test
23090,test
19259,test
2319,test
10205,test
471,test
4675,test
28061,test
38211,test
25157,test
30820,test
3437,test
18757,test
18410,test
24364,test
16480,test
9240,test
1622,test
28892,test
15515,test
36603,test
18917,test
17600,test
32553,test
35750,test
12136,test
21849,test
19957,test
922,test
20514,test
8207,test
4060,test
32412,test
15825,test
24449,test
26351,test
36663,test
21138,test
21750,test
7170,test
4312,test
27220,test
28243,test
3135,test
15217,test
37328,test
16129,test
10608,test
32745,test
14778,test
33201,test
260,test
9128,test
29261,test
4742,test
15097,test
3935,test
12673,test
16270,test
1047,test
36146,test
30020,test
37355,test
36759,test
13516,test
33472,test
28169,test
14992,test
33723,test
6212,test
31569,test
16815,test
28057,test
13784,test
33311,test
134,test
2001,test
14561,test
37206,test
27926,test
2431,test
15154,test
22860,test
4111,test
17556,test
23150,test
28193,test
10989,test
4428,test
36131,test
5009,test
18067,test
5448,test
38633,test
24507,test
21361,test
1412,test
18728,test
26667,test
2245,test
1889,test
2875,test
6634,test
26574,test
660,test
32975,test
22799,test
371,test
30748,test
32782,test
18544,test
34899,test
24841,test
16044,test
16317,test
22223,test
38365,test
29798,test
9301,test
24253,test
16556,test
33275,test
19370,test
3121,test
6351,test
33712,test
7405,test
6871,test
32803,test
19446,test
6788,test
13902,test
4548,test
21894,test
27449,test
5382,test
14479,test
9886,test
32784,test
31157,test
25431,test
14430,test
31945,test
23582,test
32616,test
22077,test
19934,test
12504,test
32697,test
27425,test
23422,test
32983,test
38366,test
39606,test
7382,test
7311,test
37688,test
17602,test
29999,test
14597,test
7307,test
30359,test
38174,test
27570,test
31840,test
4435,test
24571,test
33490,test
5343,test
14442,test
28589,test
38580,test
9837,test
28574,test
30097,test
9189,test
32797,test
8064,test
3665,test
8958,test
18862,test
24738,test
26332,test
26850,test
36243,test
28168,test
3098,test
10248,test
479,test
31602,test
13066,test
18311,test
4136,test
16670,test
27319,test
3659,test
2267,test
13962,test
20942,test
4583,test
22418,test
28795,test
3309,test
19741,test
36818,test
8695,test
14837,test
25681,test
21368,test
26431,test
9700,test
1023,test
32361,test
31959,test
16590,test
4430,test
33238,test
14385,test
7643,test
23256,test
35049,test
2535,test
33306,test
21289,test
15076,test
38517,test
19917,test
18558,test
31425,test
21444,test
29901,test
2013,test
29553,test
5835,test
27713,test
7831,test
39598,test
32800,test
20818,test
33814,test
19428,test
281,test
1814,test
35542,test
356,test
2394,test
7451,test
26409,test
31658,test
7457,test
26475,test
11355,test
19490,test
23525,test
8996,test
22439,test
3091,test
5358,test
33736,test
34973,test
1584,test
25349,test
30040,test
4732,test
31553,test
35597,test
26471,test
17515,test
12485,test
17808,test
14584,test
36361,test
28793,test
29676,test
34675,test
33839,test
2305,test
1293,test
3053,test
26882,test
170,test
5761,test
29571,test
38451,test
32465,test
26124,test
10635,test
28003,test
23931,test
5463,test
20260,test
4757,test
656,test
12211,test
5714,test
4653,test
35499,test
14857,test
2574,test
37758,test
303,test
22591,test
30497,test
39579,test
8644,test
26362,test
24810,test
745,test
18932,test
25361,test
35875,test
997,test
35,test
5387,test
11060,test
3081,test
7861,test
29573,test
11503,test
7479,test
26141,test
26966,test
34729,test
933,test
5711,test
39070,test
21877,test
37482,test
4664,test
27070,test
21332,test
15395,test
18699,test
27589,test
30034,test
7362,test
21208,test
20284,test
38487,test
9027,test
36114,test
22567,test
5334,test
12933,test
39345,test
24812,test
10678,test
143,test
10537,test
27975,test
2542,test
30696,test
3000,test
16869,test
15135,test
16657,test
24593,test
34753,test
26413,test
17535,test
27341,test
18319,test
25759,test
20352,test
17530,test
17637,test
33207,test
13366,test
26747,test
6102,test
20494,test
25839,test
1852,test
10595,test
8932,test
27245,test
24609,test
28855,test
15225,test
37836,test
7571,test
5347,test
26348,test
7057,test
34502,test
19220,test
18782,test
34515,test
34991,test
25842,test
9109,test
16929,test
24443,test
584,test
38205,test
27180,test
17115,test
21504,test
29946,test
27216,test
38999,test
17951,test
35379,test
14803,test
14347,test
11594,test
7138,test
14254,test
15733,test
36739,test
13071,test
5457,test
39497,test
12612,test
13256,test
7301,test
25348,test
1657,test
19553,test
6114,test
29578,test
779,test
11362,test
32850,test
10017,test
24185,test
10351,test
9825,test
14072,test
37133,test
22834,test
21713,test
32865,test
18881,test
7644,test
38691,test
38278,test
35482,test
33580,test
33290,test
37092,test
35810,test
5704,test
8729,test
14970,test
31514,test
7569,test
9551,test
13948,test
14810,test
5055,test
4394,test
34445,test
7261,test
25212,test
29700,test
39283,test
33186,test
19405,test
10879,test
8196,test
34907,test
25372,test
8831,test
12405,test
30924,test
4724,test
10859,test
24952,test
17399,test
6118,test
21093,test
26281,test
13232,test
13289,test
27600,test
30437,test
12834,test
35154,test
33089,test
31806,test
22164,test
25312,test
37138,test
16278,test
29358,test
30014,test
26692,test
21979,test
15411,test
19207,test
5331,test
14809,test
3415,test
1275,test
38073,test
20717,test
17805,test
23640,test
18996,test
28323,test
38851,test
38315,test
15501,test
13903,test
9059,test
17586,test
37791,test
20488,test
39530,test
2857,test
13992,test
37489,test
20730,test
19816,test
8718,test
26098,test
6944,test
13004,test
28749,test
22948,test
5899,test
36520,test
3275,test
7918,test
30070,test
35911,test
34883,test
35705,test
11569,test
18643,test
2233,test
18341,test
25273,test
34566,test
36623,test
36702,test
2616,test
8389,test
23280,test
26086,test
25722,test
7551,test
5906,test
17102,test
3215,test
10785,test
14477,test
26328,test
33255,test
30687,test
26721,test
5846,test
31076,test
34435,test
30413,test
30195,test
18810,test
15198,test
18868,test
23210,test
27200,test
13597,test
26240,test
28478,test
13119,test
38728,test
28771,test
23949,test
37841,test
34551,test
35012,test
32772,test
12821,test
6198,test
38368,test
38522,test
11053,test
17070,test
17346,test
4670,test
14439,test
35658,test
29227,test
19337,test
4846,test
31669,test
4133,test
13859,test
2610,test
26745,test
15638,test
2510,test
25910,test
23370,test
26149,test
33308,test
10954,test
25485,test
16205,test
37859,test
27017,test
16230,test
36107,test
4730,test
14113,test
9627,test
2290,test
29732,test
33941,test
7840,test
2509,test
35216,test
25158,test
26685,test
37692,test
21466,test
20658,test
15352,test
39603,test
27879,test
38590,test
24112,test
32133,test
39064,test
9923,test
9279,test
13169,test
10019,test
7673,test
30588,test
16552,test
1501,test
27150,test
35702,test
31173,test
14996,test
12263,test
18576,test
38425,test
10919,test
10436,test
19001,test
17546,test
17731,test
23764,test
39553,test
36830,test
30106,test
4338,test
11330,test
4134,test
3068,test
135,test
37235,test
29612,test
9866,test
23807,test
25254,test
22500,test
4233,test
31099,test
23534,test
33391,test
21801,test
36970,test
38008,test
17349,test
23986,test
2185,test
9445,test
9190,test
37827,test
36344,test
33667,test
34273,test
5276,test
31591,test
35649,test
11137,test
9334,test
33815,test
34340,test
22735,test
8318,test
24933,test
37373,test
16470,test
16668,test
7433,test
15312,test
22187,test
3658,test
16144,test
39298,test
29407,test
918,test
19109,test
39560,test
31563,test
10948,test
28254,test
18642,test
19099,test
35188,test
28096,test
15323,test
8411,test
5733,test
14349,test
17785,test
24727,test
24286,test
978,test
8172,test
32644,test
4037,test
13269,test
4365,test
19891,test
34724,test
7835,test
25202,test
4126,test
21363,test
8140,test
31018,test
11887,test
6851,test
13246,test
20083,test
24897,test
34046,test
19493,test
29843,test
10182,test
2473,test
23465,test
26433,test
33007,test
28295,test
25041,test
19783,test
34392,test
30007,test
5031,test
464,test
2215,test
32038,test
22558,test
7086,test
11193,test
34225,test
32226,test
35463,test
23360,test
37315,test
5892,test
33437,test
16896,test
24083,test
10027,test
11820,test
34769,test
12469,test
19620,test
28292,test
24640,test
34717,test
727,test
25138,test
24208,test
31676,test
39023,test
33554,test
7897,test
9877,test
21197,test
36223,test
15621,test
39092,test
21274,test
4651,test
752,test
3158,test
35587,test
37095,test
19199,test
12809,test
11131,test
7022,test
6032,test
28079,test
6142,test
14110,test
2050,test
30903,test
10061,test
29705,test
15394,test
23180,test
24761,test
34397,test
20164,test
6086,test
17463,test
28645,test
22097,test
33975,test
1601,test
25031,test
27393,test
35327,test
15314,test
19152,test
31268,test
28118,test
6186,test
21642,test
13705,test
38743,test
3190,test
4888,test
11892,test
34596,test
2110,test
39142,test
7364,test
1778,test
18794,test
23671,test
29790,test
24685,test
21384,test
24948,test
20588,test
29985,test
10666,test
11038,test
9594,test
6276,test
89,test
21280,test
20821,test
39434,test
4478,test
24628,test
11704,test
31381,test
23125,test
21698,test
382,test
30992,test
17738,test
20176,test
24701,test
17695,test
2845,test
6517,test
548,test
5077,test
7515,test
38070,test
4174,test
8441,test
16087,test
10072,test
699,test
12085,test
34630,test
23384,test
38845,test
22376,test
4419,test
31418,test
1638,test
2834,test
18477,test
1156,test
23803,test
7964,test
13340,test
17895,test
15340,test
7060,test
36482,test
9342,test
20831,test
32222,test
2732,test
23694,test
2295,test
4798,test
34189,test
13751,test
32582,test
28386,test
7340,test
20294,test
24923,test
31199,test
14774,test
24218,test
3194,test
21166,test
31371,test
36285,test
5352,test
14197,test
220,test
5773,test
22745,test
7426,test
39204,test
13694,test
10717,test
1900,test
14227,test
31885,test
23244,test
12329,test
35250,test
28322,test
24692,test
38439,test
24120,test
10746,test
20264,test
19224,test
11206,test
27140,test
13982,test
28306,test
37700,test
679,test
7148,test
20310,test
10009,test
20454,test
11136,test
33776,test
29620,test
21626,test
14020,test
12132,test
34013,test
10837,test
30596,test
10498,test
11564,test
29065,test
10896,test
26425,test
34387,test
19041,test
24493,test
2302,test
17700,test
25590,test
14190,test
32599,test
6486,test
14531,test
32111,test
20353,test
7734,test
9934,test
27270,test
33995,test
35397,test
13646,test
5246,test
1175,test
19687,test
19063,test
1131,test
28516,test
36760,test
545,test
31535,test
24977,test
36748,test
32141,test
5160,test
8796,test
39445,test
12003,test
22160,test
23444,test
9861,test
32514,test
5785,test
33639,test
19255,test
3801,test
4465,test
23646,test
32970,test
5893,test
15611,test
20916,test
10534,test
36437,test
13189,test
30862,test
6005,test
2924,test
9322,test
10022,test
5499,test
39174,test
26218,test
16131,test
1116,test
23630,test
38838,test
22663,test
28867,test
24395,test
10276,test
11337,test
38331,test
10958,test
28362,test
26510,test
33348,test
24580,test
32390,test
16008,test
37293,test
27015,test
38921,test
23606,test
7790,test
312,test
11621,test
30958,test
25883,test
4684,test
12072,test
37936,test
6642,test
20371,test
4389,test
18132,test
33853,test
39028,test
32202,test
10510,test
2702,test
14532,test
33658,test
6858,test
30720,test
35759,test
25110,test
9664,test
24105,test
1934,test
373,test
33354,test
24394,test
1858,test
20908,test
20885,test
20180,test
34418,test
18961,test
17897,test
8692,test
8037,test
7692,test
13911,test
22151,test
9798,test
35290,test
21306,test
26749,test
23896,test
25798,test
20680,test
33060,test
30165,test
38594,test
33168,test
3702,test
14480,test
39123,test
7006,test
36254,test
31914,test
19153,test
23918,test
31480,test
13922,test
15692,test
23547,test
16095,test
150,test
25317,test
18126,test
21276,test
9856,test
25597,test
22966,test
33553,test
35935,test
7118,test
15277,test
29411,test
12122,test
36721,test
37917,test
25756,test
29866,test
5614,test
14027,test
6430,test
24177,test
3637,test
19424,test
39043,test
9716,test
11092,test
407,test
15735,test
11593,test
148,test
323,test
39194,test
13012,test
22740,test
12038,test
36787,test
34104,test
36339,test
18800,test
15906,test
15129,test
37301,test
16879,test
18841,test
27390,test
15190,test
30524,test
8601,test
39343,test
7265,test
11226,test
6158,test
30384,test
34193,test
26043,test
7279,test
2478,test
30127,test
13792,test
23077,test
31826,test
5404,test
12502,test
18467,test
23604,test
37709,test
35624,test
9848,test
5969,test
7428,test
5751,test
16298,test
29744,test
31813,test
38945,test
13562,test
23768,test
24840,test
17211,test
18615,test
10921,test
20012,test
22728,test
5626,test
23911,test
13395,test
4574,test
12848,test
30965,test
3230,test
25007,test
39533,test
9597,test
16373,test
33881,test
26995,test
27076,test
22497,test
15368,test
10483,test
19216,test
26211,test
24138,test
33852,test
2821,test
5746,test
10699,test
38499,test
16713,test
28635,test
12142,test
16917,test
10270,test
25355,test
4066,test
21219,test
20585,test
1376,test
12077,test
31488,test
25211,test
3990,test
13580,test
24202,test
22158,test
2029,test
30561,test
35556,test
21968,test
14099,test
37090,test
9259,test
6506,test
32084,test
2261,test
1315,test
18717,test
18087,test
22608,test
19832,test
19391,test
11358,test
12433,test
13626,test
28660,test
29135,test
38284,test
36253,test
6375,test
19932,test
8238,test
16258,test
35323,test
32289,test
16198,test
14766,test
15676,test
37007,test
22307,test
13099,test
35557,test
35237,test
2053,test
16427,test
27675,test
34791,test
35969,test
28868,test
28988,test
26778,test
5682,test
37128,test
8439,test
39425,test
6049,test
20418,test
25764,test
35966,test
7946,test
25150,test
8346,test
20099,test
20328,test
38556,test
10880,test
24625,test
39018,test
17064,test
36142,test
26748,test
2933,test
31012,test
2526,test
6023,test
33240,test
13056,test
19672,test
26712,test
4363,test
27668,test
12869,test
2058,test
1404,test
28597,test
1077,test
6128,test
27171,test
24804,test
25926,test
28678,test
4713,test
13884,test
3374,test
29423,test
4124,test
22549,test
17238,test
15382,test
23279,test
1337,test
27844,test
30614,test
15841,test
403,test
19198,test
26980,test
10707,test
7957,test
6714,test
6465,test
11907,test
5807,test
1022,test
19667,test
37611,test
1008,test
38987,test
34760,test
8666,test
9573,test
17109,test
12335,test
8881,test
2209,test
11383,test
7862,test
1717,test
9235,test
17242,test
22490,test
24760,test
15780,test
3161,test
32916,test
316,test
7984,test
31867,test
8081,test
32689,test
28656,test
16546,test
2762,test
28423,test
13605,test
26285,test
39192,test
39554,test
8474,test
2885,test
2652,test
23497,test
37254,test
19536,test
2,test
35513,test
28724,test
19264,test
6623,test
9883,test
10603,test
15702,test
34846,test
34489,test
10103,test
24374,test
9683,test
8984,test
1344,test
3451,test
34105,test
11599,test
24819,test
37320,test
3588,test
8280,test
32843,test
35905,test
34475,test
23306,test
33004,test
37565,test
39325,test
13960,test
16381,test
11178,test
34628,test
6584,test
23008,test
7024,test
28192,test
10620,test
6860,test
1411,test
34734,test
16133,test
28153,test
37853,test
36963,test
4260,test
24038,test
24646,test
2787,test
32150,test
28461,test
4820,test
10536,test
11976,test
36266,test
661,test
24421,test
22011,test
34324,test
8552,test
18228,test
22031,test
19368,test
11693,test
6297,test
1993,test
25998,test
28829,test
7948,test
23762,test
7598,test
5420,test
17837,test
22460,test
15391,test
10562,test
5591,test
34274,test
11431,test
10269,test
34819,test
22442,test
39079,test
175,test
10333,test
33671,test
27131,test
32042,test
28348,test
35501,test
26502,test
30869,test
7387,test
27823,test
13989,test
17172,test
3145,test
20844,test
19351,test
28137,test
32450,test
21320,test
7458,test
33519,test
18495,test
18286,test
31532,test
6962,test
10979,test
33549,test
14187,test
7091,test
35004,test
37746,test
10094,test
13175,test
11972,test
6440,test
23655,test
8640,test
38835,test
12483,test
9402,test
4780,test
21752,test
20999,test
6639,test
27003,test
17028,test
8995,test
26798,test
14076,test
17247,test
39034,test
29997,test
33608,test
24639,test
17775,test
19435,test
32736,test
10050,test
26352,test
26439,test
29177,test
3104,test
17210,test
7484,test
5666,test
13631,test
10531,test
6991,test
14194,test
33412,test
27788,test
12592,test
6889,test
30887,test
26940,test
39036,test
31241,test
33772,test
24205,test
19664,test
16669,test
9406,test
39466,test
2722,test
13452,test
22240,test
5493,test
24949,test
13712,test
5232,test
19186,test
37136,test
19851,test
19800,test
6018,test
29002,test
27039,test
9507,test
11780,test
14960,test
21892,test
26260,test
20262,test
17573,test
34300,test
15744,test
38975,test
2935,test
5350,test
21706,test
13174,test
27988,test
5075,test
2487,test
37947,test
32418,test
33944,test
14663,test
16725,test
26455,test
30581,test
796,test
12682,test
23828,test
19645,test
5256,test
11141,test
13422,test
29758,test
32713,test
3169,test
11781,test
23064,test
36156,test
16966,test
5793,test
25575,test
36809,test
32750,test
27182,test
15224,test
16243,test
6872,test
15979,test
37004,test
14040,test
11749,test
21989,test
28519,test
22992,test
8960,test
36835,test
22052,test
11726,test
11741,test
37430,test
3744,test
10574,test
29266,test
31262,test
39524,test
30478,test
17386,test
21513,test
13655,test
11049,test
4570,test
38776,test
25518,test
19644,test
28934,test
34016,test
4812,test
4642,test
17807,test
36363,test
9051,test
30349,test
20503,test
26307,test
27198,test
9606,test
13669,test
11244,test
34082,test
39572,test
9140,test
6095,test
38994,test
4991,test
28980,test
35657,test
18684,test
18320,test
5351,test
7823,test
1828,test
11502,test
30709,test
22074,test
39324,test
1592,test
37835,test
19496,test
35924,test
9733,test
11578,test
1930,test
38779,test
37662,test
22975,test
10474,test
35498,test
20626,test
38421,test
11264,test
4537,test
13666,test
18231,test
4883,test
17132,test
26694,test
24785,test
11652,test
10959,test
6418,test
38627,test
8496,test
29561,test
20487,test
10735,test
126,test
27511,test
36249,test
17880,test
24326,test
23725,test
28158,test
23464,test
6268,test
14545,test
2064,test
19122,test
29211,test
35837,test
13436,test
25867,test
35152,test
17050,test
1483,test
26751,test
32973,test
24578,test
35117,test
37830,test
22207,test
35859,test
34985,test
12924,test
27447,test
16457,test
34487,test
38398,test
12239,test
11007,test
16234,test
18549,test
1230,test
35051,test
34661,test
38430,test
712,test
32331,test
32894,test
22785,test
8000,test
20598,test
17644,test
15782,test
3372,test
20356,test
10048,test
25267,test
14700,test
6652,test
12212,test
38521,test
3257,test
6368,test
20738,test
11331,test
2121,test
28554,test
21766,test
28222,test
23550,test
34331,test
30925,test
38857,test
9162,test
21115,test
23364,test
30371,test
23536,test
2376,test
29643,test
8878,test
32919,test
23789,test
27191,test
454,test
28890,test
24603,test
20051,test
13315,test
24846,test
12952,test
25493,test
3688,test
18279,test
480,test
16575,test
10275,test
22253,test
17482,test
35633,test
29562,test
23499,test
19576,test
21027,test
29608,test
22766,test
25309,test
25820,test
23151,test
24390,test
38876,test
20772,test
26407,test
15583,test
16388,test
18275,test
39090,test
11481,test
19712,test
23713,test
13993,test
8024,test
6957,test
17328,test
11650,test
31766,test
34484,test
19101,test
30326,test
23584,test
11928,test
39316,test
6720,test
33193,test
16349,test
34650,test
38207,test
16417,test
4764,test
3060,test
6405,test
23577,test
11043,test
19478,test
26465,test
22876,test
24026,test
16072,test
5367,test
30836,test
10844,test
14496,test
4192,test
30323,test
15721,test
25736,test
13380,test
23014,test
2979,test
39619,test
39376,test
9914,test
33134,test
2097,test
2833,test
36083,test
29680,test
18784,test
31475,test
33241,test
29671,test
26696,test
30610,test
16637,test
4720,test
31982,test
3998,test
27813,test
8227,test
39016,test
14793,test
30516,test
6002,test
30922,test
15845,test
26983,test
17533,test
20560,test
25664,test
9730,test
34131,test
24674,test
21727,test
31423,test
27304,test
11837,test
17591,test
2438,test
32942,test
29230,test
33204,test
8211,test
16134,test
25472,test
27845,test
14791,test
11863,test
19863,test
37832,test
22197,test
3256,test
34034,test
7007,test
31775,test
20614,test
27244,test
32603,test
12608,test
18925,test
24250,test
30564,test
28985,test
3679,test
21099,test
3872,test
24431,test
37600,test
19544,test
3326,test
5810,test
11198,test
39241,test
39507,test
32910,test
8955,test
8616,test
34146,test
31600,test
20768,test
37795,test
21389,test
10460,test
31266,test
3628,test
32205,test
37946,test
29271,test
19239,test
18859,test
28450,test
14044,test
1039,test
29422,test
10424,test
8795,test
1017,test
32830,test
26317,test
9349,test
36152,test
19379,test
36360,test
10346,test
27670,test
21404,test
4433,test
11756,test
8735,test
21792,test
25970,test
19484,test
15188,test
6473,test
28629,test
18259,test
31083,test
17945,test
11891,test
33281,test
29237,test
38285,test
5162,test
22568,test
4841,test
36176,test
38156,test
7059,test
26941,test
14121,test
22434,test
17171,test
24993,test
2684,test
32887,test
33433,test
24958,test
39485,test
1936,test
10539,test
18884,test
14588,test
6410,test
36068,test
23289,test
38475,test
32251,test
35873,test
4212,test
8602,test
4686,test
24914,test
171,test
31261,test
14273,test
34516,test
7814,test
39621,test
20381,test
6843,test
1354,test
3493,test
37590,test
1202,test
16446,test
38605,test
29295,test
28919,test
19826,test
24315,test
22412,test
35298,test
30812,test
15970,test
5725,test
25556,test
3607,test
34485,test
28765,test
5517,test
428,test
3900,test
8107,test
33409,test
19954,test
2491,test
25524,test
24973,test
26301,test
35821,test
9822,test
1831,test
1905,test
12497,test
8909,test
30959,test
7794,test
23466,test
32846,test
37324,test
15822,test
7548,test
32776,test
23128,test
37706,test
3465,test
17395,test
16573,test
9928,test
8491,test
3921,test
36602,test
33145,test
18230,test
38277,test
38404,test
2824,test
28760,test
15134,test
35846,test
25308,test
33259,test
12472,test
9511,test
10760,test
34926,test
17842,test
2065,test
15266,test
21296,test
36525,test
38859,test
3329,test
17327,test
35426,test
638,test
6191,test
3649,test
14155,test
2183,test
2724,test
9236,test
2559,test
10515,test
9076,test
19972,test
24380,test
11855,test
39089,test
5036,test
20531,test
12978,test
8026,test
3913,test
1697,test
22132,test
39267,test
14157,test
28609,test
23701,test
34779,test
4443,test
7813,test
37461,test
1797,test
6698,test
15557,test
27312,test
2456,test
37183,test
26728,test
13975,test
25215,test
32487,test
12475,test
13016,test
15428,test
31337,test
3844,test
20220,test
5549,test
12657,test
11937,test
28206,test
37330,test
37121,test
29940,test
2560,test
12154,test
4489,test
7226,test
33125,test
38310,test
18292,test
17149,test
19571,test
5185,test
31321,test
23766,test
571,test
13299,test
19045,test
37708,test
34656,test
23878,test
17118,test
5309,test
18456,test
10099,test
7844,test
32206,test
31501,test
9276,test
36585,test
14759,test
16900,test
20769,test
14002,test
1359,test
37271,test
37385,test
16016,test
4162,test
9474,test
9790,test
7156,test
22770,test
18068,test
32667,test
32669,test
25973,test
25847,test
2143,test
31526,test
32778,test
16350,test
10449,test
16209,test
20489,test
35241,test
4476,test
4214,test
26946,test
13082,test
1562,test
16740,test
10772,test
17997,test
5813,test
9816,test
31396,test
10999,test
13506,test
21738,test
25821,test
16646,test
8147,test
3228,test
24098,test
35568,test
21298,test
23275,test
35931,test
16540,test
34154,test
28448,test
7646,test
14965,test
21494,test
20793,test
25450,test
26806,test
11006,test
8083,test
14435,test
27059,test
12713,test
9116,test
39249,test
26709,test
25705,test
30254,test
22844,test
26449,test
4740,test
33750,test
2406,test
13649,test
14949,test
27471,test
19616,test
20994,test
10683,test
36945,test
8608,test
11804,test
35636,test
20878,test
17182,test
9920,test
25313,test
9331,test
16235,test
18091,test
3769,test
34800,test
36843,test
16770,test
31974,test
36936,test
36040,test
25073,test
39130,test
10084,test
21819,test
29884,test
18415,test
26937,test
4589,test
35361,test
6318,test
13540,test
2764,test
33702,test
16858,test
31137,test
27815,test
17786,test
18034,test
35958,test
9665,test
3485,test
10751,test
26740,test
26213,test
10854,test
20733,test
21013,test
14250,test
36870,test
11773,test
26854,test
18705,test
2777,test
32370,test
28474,test
34247,test
15924,test
24797,test
29276,test
32339,test
7616,test
7609,test
2370,test
22108,test
20329,test
17844,test
21141,test
7369,test
20103,test
14253,test
34756,test
23397,test
14483,test
30662,test
10047,test
13556,test
23715,test
14231,test
13423,test
17696,test
39373,test
21286,test
14743,test
6204,test
14533,test
10810,test
4897,test
38003,test
3436,test
13474,test
33366,test
38575,test
10560,test
36741,test
30483,test
28458,test
8409,test
6828,test
1353,test
12549,test
8780,test
21243,test
4324,test
1531,test
22299,test
15238,test
3551,test
4412,test
39005,test
10706,test
6312,test
35342,test
36097,test
24808,test
11647,test
36480,test
32325,test
36860,test
23388,test
20657,test
9658,test
31809,test
34683,test
815,test
36644,test
34852,test
27525,test
15287,test
26376,test
16733,test
7721,test
21959,test
22032,test
6041,test
22381,test
36550,test
2944,test
1317,test
32404,test
6482,test
38679,test
12196,test
4219,test
39178,test
9338,test
5328,test
30322,test
30822,test
2343,test
5336,test
6812,test
28578,test
6355,test
8430,test
13603,test
24321,test
86,test
36077,test
11669,test
29613,test
6313,test
15489,test
4913,test
5183,test
20301,test
38795,test
13575,test
32763,test
34143,test
34737,test
5747,test
13199,test
30405,test
9773,test
13537,test
39444,test
10090,test
38131,test
37292,test
32328,test
7858,test
21645,test
30159,test
38807,test
19371,test
8574,test
23122,test
5677,test
39127,test
25725,test
25586,test
37384,test
6197,test
37307,test
12255,test
22329,test
14783,test
807,test
36098,test
10315,test
28869,test
31172,test
12957,test
27794,test
19971,test
4455,test
14272,test
38601,test
36234,test
1073,test
33416,test
8018,test
34149,test
16079,test
34574,test
14771,test
9776,test
27878,test
26326,test
14553,test
27872,test
39491,test
31737,test
38567,test
27203,test
38371,test
35422,test
21578,test
33597,test
27074,test
9150,test
23500,test
6837,test
13971,test
19425,test
8684,test
3848,test
17698,test
29070,test
36604,test
30188,test
33819,test
11121,test
35857,test
4849,test
24523,test
28251,test
18498,test
9316,test
16304,test
32994,test
15904,test
5371,test
18004,test
10256,test
33571,test
6621,test
11341,test
26262,test
26099,test
9760,test
6321,test
14739,test
39535,test
14596,test
1553,test
38976,test
10176,test
2948,test
37465,test
4921,test
37394,test
2888,test
21297,test
12573,test
25187,test
22288,test
2437,test
22237,test
20704,test
39315,test
31538,test
22451,test
9529,test
13168,test
2646,test
2977,test
4891,test
1301,test
2741,test
390,test
139,test
36943,test
30141,test
37111,test
9092,test
23868,test
21869,test
1342,test
36031,test
27007,test
1591,test
33792,test
25208,test
24868,test
29871,test
28072,test
801,test
36237,test
36175,test
15511,test
10170,test
34862,test
15475,test
14629,test
36568,test
22259,test
38990,test
27461,test
4176,test
36775,test
2081,test
6770,test
451,test
2716,test
9967,test
19362,test
30551,test
19529,test
20548,test
1767,test
7102,test
17114,test
24584,test
8149,test
13304,test
15245,test
5426,test
31154,test
36392,test
5783,test
3363,test
36238,test
18156,test
17068,test
28099,test
19131,test
20926,test
2922,test
10725,test
13778,test
6241,test
32061,test
10208,test
7736,test
36516,test
25788,test
12302,test
10155,test
29244,test
18637,test
15525,test
8659,test
12207,test
25956,test
29286,test
16873,test
22987,test
27431,test
2094,test
11163,test
38099,test
823,test
32326,test
3691,test
14751,test
13131,test
13201,test
2707,test
33410,test
38184,test
27580,test
10982,test
3312,test
35763,test
6302,test
28899,test
2483,test
5878,test
11803,test
23179,test
24035,test
18865,test
3496,test
5801,test
32748,test
13350,test
27056,test
23068,test
34047,test
6397,test
1141,test
19302,test
37512,test
1762,test
23685,test
33012,test
4325,test
36862,test
31109,test
19585,test
33977,test
5546,test
19348,test
8490,test
28175,test
28797,test
8974,test
24527,test
39058,test
10281,test
15941,test
22959,test
16476,test
1919,test
29364,test
22222,test
31788,test
29260,test
35994,test
38665,test
30512,test
14680,test
6979,test
19149,test
8882,test
35785,test
32794,test
29533,test
16516,test
15560,test
21196,test
2010,test
32636,test
27843,test
19545,test
34965,test
19668,test
12813,test
12441,test
19360,test
35199,test
7961,test
9067,test
29522,test
37766,test
377,test
7213,test
16724,test
23755,test
8986,test
11058,test
28182,test
17434,test
38834,test
563,test
38418,test
19285,test
34007,test
13002,test
22219,test
11847,test
5575,test
19985,test
17381,test
32741,test
22229,test
23269,test
3446,test
33847,test
35769,test
35450,test
33891,test
11877,test
363,test
27251,test
29640,test
21803,test
1529,test
16874,test
4884,test
24719,test
21962,test
7185,test
34374,test
5106,test
36827,test
17308,test
961,test
6209,test
28094,test
12453,test
32265,test
19996,test
35910,test
3365,test
37203,test
14621,test
11539,test
22998,test
5443,test
18820,test
1245,test
35893,test
2404,test
23372,test
34962,test
9192,test
37712,test
25436,test
6960,test
11775,test
35319,test
24513,test
14196,test
30245,test
36409,test
23958,test
8742,test
14419,test
19823,test
3378,test
28007,test
8694,test
15166,test
18097,test
18805,test
37062,test
33551,test
10951,test
13513,test
9104,test
16018,test
21175,test
20987,test
12704,test
25004,test
31237,test
19210,test
29383,test
10731,test
17782,test
17750,test
9634,test
33582,test
22489,test
30777,test
25896,test
37542,test
23417,test
5652,test
19508,test
20662,test
29305,test
23061,test
511,test
32792,test
31612,test
33005,test
4836,test
39109,test
33392,test
4594,test
19973,test
4688,test
19148,test
31723,test
28856,test
32430,test
20745,test
28334,test
33565,test
5344,test
38234,test
16347,test
19190,test
3151,test
4522,test
28377,test
29395,test
39102,test
10225,test
1548,test
7434,test
4722,test
21545,test
23073,test
4516,test
11779,test
36922,test
16337,test
11470,test
1095,test
36255,test
33128,test
39365,test
26054,test
13930,test
20790,test
6076,test
15033,test
38812,test
31684,test
34375,test
27685,test
9394,test
26739,test
39078,test
30582,test
11476,test
4969,test
35742,test
37451,test
3972,test
6358,test
11978,test
4575,test
3944,test
8486,test
18431,test
34640,test
6700,test
38271,test
38111,test
12771,test
4065,test
1377,test
19486,test
28298,test
10489,test
38875,test
24915,test
28953,test
27454,test
29668,test
17613,test
1162,test
39099,test
23100,test
12611,test
15639,test
37382,test
8479,test
20779,test
35920,test
11135,test
37623,test
10594,test
12060,test
35833,test
30917,test
14574,test
19887,test
30288,test
25035,test
9726,test
34227,test
35494,test
21761,test
15981,test
21654,test
2742,test
5226,test
35851,test
10912,test
29890,test
2441,test
1215,test
2903,test
19055,test
14605,test
29060,test
16248,test
32577,test
16578,test
3766,test
1949,test
23012,test
8375,test
12871,test
11658,test
8975,test
12363,test
13739,test
18466,test
22157,test
15106,test
28035,test
15567,test
799,test
11256,test
30598,test
16076,test
22625,test
26345,test
15181,test
36720,test
28584,test
26516,test
21090,test
31522,test
7586,test
8652,test
28711,test
26635,test
7240,test
28217,test
4196,test
32774,test
31585,test
34834,test
39422,test
5163,test
36260,test
34045,test
7292,test
7034,test
9215,test
24121,test
35805,test
4751,test
20402,test
25288,test
19575,test
21314,test
22685,test
11579,test
1390,test
32743,test
27520,test
34311,test
23398,test
35936,test
9696,test
16826,test
14287,test
6811,test
18852,test
38372,test
20589,test
2216,test
21204,test
27314,test
5672,test
14740,test
33406,test
3903,test
317,test
24005,test
18816,test
21072,test
27121,test
19007,test
29394,test
10761,test
33363,test
11963,test
24741,test
34860,test
21495,test
35464,test
17538,test
1732,test
25625,test
17296,test
1428,test
11819,test
31776,test
36546,test
39367,test
7713,test
12817,test
23315,test
34759,test
29259,test
38993,test
6856,test
36280,test
15416,test
27126,test
980,test
37041,test
25083,test
37403,test
3732,test
18018,test
9246,test
34808,test
6914,test
2972,test
19350,test
34606,test
18237,test
30502,test
33214,test
19648,test
5102,test
26772,test
33699,test
14464,test
476,test
31336,test
14944,test
39006,test
15771,test
5697,test
35869,test
18553,test
38680,test
25282,test
25697,test
8620,test
18058,test
25181,test
20032,test
19241,test
29355,test
11844,test
31735,test
9102,test
30789,test
8060,test
23528,test
15606,test
17378,test
20299,test
9103,test
24383,test
3941,test
29697,test
9943,test
28241,test
20511,test
37053,test
26999,test
2040,test
25480,test
22616,test
22482,test
17938,test
12803,test
36785,test
29210,test
9153,test
19034,test
32353,test
14031,test
29368,test
6024,test
33215,test
25779,test
13944,test
14029,test
13484,test
54,test
2214,test
28557,test
7467,test
21916,test
3202,test
12153,test
29824,test
9468,test
27532,test
38645,test
8447,test
26529,test
32243,test
2980,test
3758,test
9603,test
1631,test
32984,test
25623,test
21736,test
11344,test
34068,test
17037,test
35980,test
1528,test
24109,test
728,test
34231,test
9096,test
19416,test
9620,test
6779,test
25943,test
36309,test
6514,test
29056,test
14488,test
17187,test
35339,test
15641,test
13545,test
24549,test
38133,test
10266,test
26881,test
12858,test
19647,test
36581,test
33801,test
14370,test
10051,test
16118,test
24160,test
7904,test
17552,test
37306,test
35660,test
4089,test
18489,test
21237,test
4437,test
22110,test
13919,test
39571,test
3316,test
16777,test
27981,test
11107,test
4608,test
12528,test
35202,test
27358,test
29762,test
17640,test
22163,test
25758,test
35384,test
36749,test
6409,test
1870,test
7407,test
12093,test
36025,test
13923,test
27435,test
13361,test
6171,test
38026,test
18173,test
862,test
8781,test
29302,test
12109,test
34368,test
2188,test
8348,test
27695,test
23309,test
22577,test
15799,test
15683,test
11008,test
9535,test
35614,test
5877,test
8886,test
12495,test
21101,test
24076,test
2361,test
36750,test
11583,test
9990,test
8169,test
9510,test
31823,test
6426,test
7720,test
19931,test
3987,test
28225,test
4842,test
36606,test
527,test
19984,test
13291,test
22144,test
7530,test
122,test
6724,test
8100,test
2251,test
21943,test
29186,test
19857,test
20884,test
19900,test
8571,test
26676,test
6248,test
27696,test
21805,test
9396,test
3985,test
29095,test
15441,test
30151,test
29199,test
11624,test
27364,test
22413,test
35638,test
15450,test
21350,test
16569,test
33924,test
23597,test
17650,test
12241,test
30358,test
35890,test
3041,test
4014,test
20395,test
10364,test
15128,test
21438,test
23721,test
34355,test
36989,test
26795,test
1607,test
32756,test
5830,test
16343,test
20709,test
29733,test
27833,test
5550,test
23340,test
20899,test
24986,test
27409,test
27030,test
29664,test
29028,test
4448,test
22632,test
21346,test
25394,test
14379,test
11,test
27000,test
27194,test
1274,test
26401,test
25818,test
14225,test
3904,test
18023,test
39436,test
31180,test
33208,test
22593,test
1730,test
17030,test
27660,test
12914,test
9525,test
12379,test
12224,test
17036,test
23820,test
27322,test
15379,test
27652,test
5958,test
6333,test
28847,test
39630,test
21290,test
15186,test
13499,test
18272,test
2092,test
19364,test
22661,test
32062,test
10230,test
36580,test
39570,test
11878,test
37020,test
19719,test
36565,test
8500,test
21467,test
2626,test
28850,test
35544,test
20449,test
29469,test
31027,test
31053,test
35307,test
19846,test
25492,test
8836,test
38787,test
1708,test
35269,test
31087,test
2144,test
7992,test
20399,test
18115,test
7191,test
1995,test
575,test
37900,test
17029,test
24289,test
30019,test
16721,test
31661,test
5158,test
17508,test
27474,test
39124,test
28296,test
35171,test
12265,test
10523,test
9777,test
9356,test
8098,test
26885,test
35078,test
16848,test
4606,test
743,test
34720,test
18144,test
27097,test
21485,test
13641,test
12205,test
10883,test
4026,test
24009,test
18888,test
25923,test
1256,test
7566,test
24268,test
19047,test
2823,test
34906,test
35079,test
8335,test
24485,test
15292,test
2177,test
12102,test
29093,test
36327,test
4550,test
14767,test
10374,test
1046,test
35291,test
14233,test
3010,test
35796,test
29545,test
2189,test
27882,test
18130,test
15760,test
12917,test
23915,test
35518,test
19024,test
21058,test
3405,test
35374,test
3957,test
33001,test
33320,test
22146,test
27915,test
30982,test
37843,test
6854,test
16265,test
19097,test
5536,test
36228,test
414,test
38843,test
8708,test
23993,test
26853,test
586,test
9532,test
28719,test
5127,test
25657,test
3530,test
35037,test
19048,test
26147,test
15980,test
524,test
8829,test
27544,test
8405,test
30391,test
19017,test
15913,test
12523,test
15550,test
17144,test
27655,test
36039,test
16090,test
38279,test
30464,test
38726,test
740,test
26392,test
31331,test
2258,test
26265,test
29438,test
10597,test
27349,test
35390,test
11834,test
20924,test
11986,test
10029,test
21639,test
27951,test
28196,test
24823,test
34967,test
5789,test
21231,test
14590,test
1844,test
12323,test
22471,test
33042,test
39330,test
19522,test
18802,test
33098,test
25120,test
13688,test
6389,test
11169,test
17940,test
22635,test
20130,test
18500,test
28233,test
10650,test
38755,test
22680,test
39303,test
5678,test
7069,test
24147,test
30271,test
10671,test
22220,test
33864,test
11784,test
14549,test
467,test
38214,test
35075,test
33303,test
23356,test
38663,test
32203,test
7128,test
6424,test
37037,test
32072,test
30624,test
15123,test
29443,test
36357,test
1799,test
2294,test
25322,test
32522,test
7248,test
24697,test
32986,test
24676,test
19810,test
31517,test
8690,test
26758,test
36141,test
13618,test
33738,test
16294,test
21846,test
338,test
15213,test
11860,test
14541,test
17428,test
15943,test
11816,test
27475,test
15100,test
28078,test
24192,test
19340,test
36914,test
3310,test
13236,test
4417,test
29716,test
35842,test
23339,test
14548,test
34995,test
9704,test
9903,test
21229,test
13014,test
21729,test
23491,test
17321,test
37808,test
1251,test
23346,test
15148,test
23070,test
29560,test
27756,test
9890,test
25121,test
34111,test
20004,test
1743,test
17105,test
35489,test
3353,test
26587,test
28836,test
10749,test
35023,test
18152,test
30802,test
5798,test
27620,test
19596,test
5824,test
18131,test
17124,test
12989,test
18992,test
38101,test
29900,test
3832,test
2654,test
2599,test
22328,test
26287,test
6136,test
38961,test
5044,test
21357,test
9992,test
17727,test
804,test
13419,test
17697,test
4380,test
26682,test
10794,test
15693,test
36245,test
32864,test
7698,test
22574,test
4889,test
11623,test
33984,test
3892,test
21082,test
7620,test
35569,test
20874,test
36902,test
39454,test
2272,test
24313,test
18353,test
20726,test
16359,test
30686,test
34963,test
34336,test
8717,test
35118,test
2756,test
28912,test
3853,test
22566,test
37932,test
10646,test
29209,test
37036,test
22312,test
448,test
29720,test
13511,test
21695,test
7712,test
25701,test
17266,test
3886,test
22706,test
13785,test
5884,test
3369,test
2140,test
5337,test
11243,test
10095,test
24713,test
28780,test
29783,test
8274,test
16841,test
1656,test
30142,test
12134,test
3770,test
4237,test
28358,test
2429,test
25922,test
30979,test
19151,test
37137,test
34293,test
21383,test
22246,test
13170,test
12936,test
22950,test
8460,test
7192,test
10719,test
18738,test
38901,test
9997,test
37468,test
26152,test
33709,test
33889,test
15862,test
33192,test
18040,test
13839,test
31476,test
27414,test
10700,test
1260,test
18561,test
1678,test
13652,test
17908,test
31063,test
1521,test
13840,test
1698,test
26889,test
27446,test
23668,test
28095,test
22560,test
26150,test
8548,test
14830,test
22333,test
23314,test
27687,test
37602,test
434,test
25338,test
25123,test
19427,test
32483,test
8990,test
14844,test
12016,test
7033,test
36474,test
23796,test
7093,test
23166,test
6744,test
20160,test
35385,test
36151,test
14063,test
30755,test
5395,test
18686,test
16207,test
19753,test
32398,test
15986,test
10779,test
38538,test
33487,test
33826,test
30435,test
39307,test
3582,test
13810,test
8797,test
29914,test
18532,test
7647,test
23882,test
6827,test
30305,test
32283,test
12939,test
6920,test
1345,test
29099,test
23199,test
18107,test
38639,test
33397,test
36353,test
6753,test
22747,test
19921,test
17488,test
19226,test
2957,test
29494,test
14755,test
29152,test
35268,test
25802,test
6508,test
25098,test
31466,test
12945,test
11881,test
21748,test
37721,test
12960,test
7570,test
7746,test
20388,test
22017,test
14149,test
32358,test
25702,test
2163,test
12151,test
22527,test
14354,test
30063,test
24807,test
29706,test
12982,test
34725,test
15479,test
16643,test
1910,test
26334,test
38559,test
10286,test
24488,test
39462,test
23574,test
13677,test
33656,test
336,test
730,test
623,test
25113,test
20842,test
38683,test
6930,test
12270,test
20593,test
38672,test
32538,test
33634,test
7727,test
34581,test
13710,test
33701,test
3195,test
23913,test
7517,test
22139,test
27284,test
30641,test
31312,test
15908,test
35726,test
28758,test
5082,test
14787,test
34550,test
10864,test
25648,test
9975,test
558,test
13176,test
27372,test
6516,test
30249,test
35632,test
27148,test
28602,test
33424,test
37018,test
15685,test
20072,test
29557,test
30104,test
30443,test
24708,test
1388,test
9094,test
14750,test
29001,test
21981,test
14525,test
39011,test
4021,test
3096,test
35293,test
23980,test
32796,test
1059,test
32532,test
14998,test
14628,test
7811,test
34444,test
21065,test
25335,test
35545,test
11288,test
29618,test
22459,test
27465,test
18730,test
36609,test
173,test
19591,test
4607,test
3592,test
4173,test
17075,test
687,test
13123,test
31894,test
18557,test
29379,test
12062,test
38711,test
22332,test
34617,test
73,test
33411,test
29431,test
14760,test
36526,test
12760,test
4703,test
26659,test
11838,test
8103,test
8151,test
11436,test
7634,test
30975,test
31110,test
35393,test
23402,test
28353,test
30274,test
2781,test
3859,test
28470,test
9470,test
30848,test
34732,test
5597,test
22967,test
4619,test
31764,test
32231,test
14087,test
34795,test
39300,test
1446,test
28830,test
34155,test
10472,test
38647,test
1306,test
37051,test
16507,test
6199,test
4543,test
3014,test
37894,test
9970,test
6624,test
12728,test
36250,test
1123,test
27968,test
6940,test
36257,test
4667,test
8194,test
18148,test
10107,test
33741,test
10960,test
25070,test
37362,test
5410,test
24019,test
36877,test
31607,test
22263,test
36011,test
11989,test
4736,test
5129,test
20323,test
22295,test
671,test
32945,test
39622,test
7603,test
4829,test
28504,test
328,test
34470,test
23593,test
36981,test
31844,test
21464,test
2649,test
39387,test
9196,test
4509,test
19906,test
19005,test
18167,test
27024,test
34454,test
33906,test
33515,test
32594,test
19112,test
17005,test
8685,test
1096,test
24041,test
36548,test
16567,test
19642,test
18721,test
16111,test
35048,test
27149,test
35579,test
3293,test
11968,test
13469,test
3022,test
3398,test
33708,test
10253,test
11145,test
7917,test
38192,test
15041,test
29248,test
13941,test
12666,test
5805,test
36225,test
21783,test
5933,test
9566,test
17978,test
23028,test
14945,test
19262,test
38291,test
10320,test
7716,test
15219,test
26469,test
14983,test
33542,test
6159,test
8420,test
2937,test
15476,test
34589,test
35159,test
20902,test
15957,test
24456,test
3231,test
10910,test
34959,test
32940,test
18041,test
14981,test
28623,test
11786,test
22925,test
14083,test
26784,test
14460,test
23457,test
11666,test
30531,test
9487,test
28583,test
35541,test
12636,test
10277,test
7686,test
24660,test
25700,test
23243,test
34803,test
33966,test
6801,test
6339,test
31022,test
39402,test
8391,test
7845,test
13608,test
39421,test
27102,test
6918,test
26279,test
26938,test
7976,test
15966,test
23683,test
17214,test
23072,test
12735,test
8333,test
16781,test
27442,test
12006,test
20374,test
21483,test
17739,test
27497,test
12471,test
14835,test
31050,test
13709,test
36921,test
1522,test
13085,test
21666,test
30692,test
7277,test
9862,test
26552,test
37858,test
26559,test
8249,test
6758,test
38916,test
30667,test
4392,test
6576,test
19716,test
17684,test
35731,test
7090,test
1091,test
35236,test
20777,test
23195,test
1144,test
8577,test
21191,test
517,test
38606,test
25358,test
12798,test
3747,test
13644,test
36527,test
15626,test
34126,test
26903,test
9458,test
1781,test
4379,test
2474,test
23676,test
30313,test
27630,test
780,test
3715,test
38193,test
1684,test
31071,test
30744,test
16083,test
24931,test
7732,test
1941,test
37495,test
18049,test
14895,test
28512,test
5712,test
10740,test
24803,test
20036,test
12806,test
17461,test
12720,test
36798,test
10143,test
7216,test
21469,test
3759,test
34327,test
34,test
25153,test
16803,test
32406,test
14005,test
13529,test
38947,test
33307,test
30574,test
34460,test
1775,test
37921,test
2530,test
28281,test
1671,test
28364,test
14181,test
33430,test
5,test
17119,test
29166,test
3867,test
3565,test
4912,test
29696,test
11827,test
35437,test
5478,test
2562,test
22830,test
30668,test
27690,test
13832,test
24087,test
16950,test
26227,test
12695,test
5757,test
17201,test
18293,test
28588,test
35938,test
24758,test
35704,test
20499,test
27380,test
25907,test
36852,test
36193,test
27726,test
10046,test
25666,test
26073,test
12356,test
12529,test
25111,test
17034,test
38850,test
29111,test
34809,test
34778,test
28917,test
30361,test
28112,test
13797,test
30045,test
10308,test
12071,test
19218,test
6530,test
35352,test
3632,test
3094,test
15671,test
34780,test
31225,test
16369,test
30828,test
38047,test
38329,test
8606,test
16800,test
6861,test
28107,test
18054,test
15141,test
9345,test
27439,test
37027,test
37449,test
32506,test
38448,test
2083,test
629,test
13141,test
16180,test
8825,test
25533,test
32045,test
16155,test
15998,test
1418,test
4388,test
7012,test
37054,test
28466,test
14782,test
7905,test
21769,test
6031,test
20693,test
33175,test
16654,test
13673,test
36165,test
37612,test
36026,test
27724,test
32722,test
28706,test
23578,test
768,test
17223,test
29996,test
1629,test
3069,test
22862,test
2149,test
26818,test
14842,test
10260,test
21888,test
11580,test
8041,test
39031,test
36917,test
18044,test
29327,test
3819,test
35606,test
157,test
17051,test
19201,test
27972,test
1604,test
9805,test
12738,test
11654,test
19000,test
14193,test
33202,test
18303,test
23610,test
32324,test
15003,test
23376,test
19504,test
15577,test
181,test
6680,test
19409,test
38010,test
27464,test
31339,test
20989,test
38362,test
35955,test
7378,test
19837,test
1066,test
34279,test
22318,test
18823,test
29911,test
35357,test
38169,test
18674,test
7250,test
14455,test
30353,test
14572,test
2062,test
9609,test
4316,test
37148,test
5345,test
28220,test
22505,test
8522,test
16331,test
18031,test
39589,test
24312,test
74,test
39638,test
22783,test
591,test
14148,test
10626,test
9412,test
25005,test
14914,test
27568,test
37922,test
8067,test
23016,test
3932,test
13268,test
6911,test
3494,test
8767,test
38083,test
10318,test
6570,test
22775,test
18027,test
15777,test
21031,test
664,test
38467,test
15236,test
30724,test
39509,test
7780,test
24532,test
23802,test
15390,test
34282,test
31771,test
32269,test
15598,test
10303,test
14052,test
37215,test
9228,test
10615,test
11457,test
17969,test
26822,test
33153,test
19035,test
35008,test
16902,test
35468,test
37988,test
15144,test
9873,test
26544,test
22979,test
13814,test
967,test
2714,test
2243,test
9099,test
10356,test
29945,test
11706,test
5943,test
37491,test
11618,test
33232,test
13636,test
12812,test
35865,test
20718,test
4587,test
36710,test
14825,test
17818,test
8139,test
25745,test
12015,test
21928,test
26050,test
18387,test
31779,test
36657,test
15962,test
13541,test
15929,test
1347,test
16364,test
17884,test
21148,test
20810,test
30378,test
23249,test
31670,test
7410,test
30923,test
32955,test
35841,test
36418,test
16026,test
1152,test
32064,test
25438,test
9207,test
14214,test
12866,test
38970,test
35368,test
7561,test
29263,test
25955,test
15806,test
26183,test
845,test
30859,test
39074,test
9616,test
39308,test
8705,test
27714,test
22424,test
7108,test
39487,test
18265,test
21275,test
23750,test
25635,test
29552,test
11766,test
3852,test
19618,test
32937,test
16340,test
13519,test
8456,test
4771,test
31790,test
30967,test
26153,test
19139,test
5580,test
27337,test
7049,test
29943,test
16287,test
33479,test
123,test
7825,test
18409,test
25760,test
8837,test
32279,test
5929,test
38151,test
29106,test
16100,test
9619,test
18678,test
21254,test
21325,test
7884,test
19295,test
28594,test
27828,test
23371,test
1823,test
30702,test
9147,test
35438,test
29616,test
17299,test
3265,test
4347,test
10618,test
18760,test
11066,test
27508,test
9703,test
361,test
22897,test
16218,test
37924,test
36979,test
16366,test
7607,test
13823,test
8305,test
618,test
25563,test
18301,test
31606,test
20259,test
29331,test
1298,test
20208,test
35690,test
5442,test
3795,test
3476,test
28022,test
6119,test
39305,test
5320,test
13942,test
13869,test
29990,test
13027,test
24815,test
38394,test
21479,test
1191,test
9287,test
36417,test
31049,test
11879,test
31443,test
30302,test
36820,test
25418,test
23335,test
32760,test
29104,test
5066,test
22605,test
28913,test
20042,test
38930,test
23974,test
10141,test
34372,test
9868,test
12175,test
28098,test
12888,test
13445,test
31878,test
12993,test
30298,test
30270,test
16086,test
17566,test
39555,test
21425,test
35681,test
36258,test
38678,test
19981,test
13363,test
32386,test
9989,test
12579,test
5825,test
25140,test
36370,test
25090,test
37334,test
16332,test
5500,test
36616,test
13301,test
1310,test
10747,test
5772,test
7391,test
14846,test
14632,test
15764,test
33008,test
25894,test
31942,test
9185,test
1072,test
35564,test
20607,test
28244,test
4248,test
5850,test
37563,test
21294,test
19269,test
33676,test
14122,test
19103,test
2102,test
34547,test
5920,test
31511,test
8074,test
31247,test
14812,test
21990,test
14144,test
8112,test
29626,test
4710,test
24635,test
37273,test
21073,test
30911,test
28369,test
3279,test
5790,test
28328,test
37852,test
2659,test
22889,test
12130,test
399,test
23566,test
4777,test
13996,test
3282,test
15220,test
30861,test
30328,test
38558,test
22,test
5843,test
6093,test
17614,test
23637,test
8215,test
7297,test
13783,test
18641,test
21804,test
26163,test
25983,test
13120,test
6189,test
14116,test
